Unity Editor version:    2022.3.23f1 (dbb3f7c5b5c6)
Branch:                  2022.3/staging
Build type:              Release
Batch mode:              YES
macOS version:           Version 26.5.2 (Build 25F84)
Darwin version:          25.5.0
Architecture:            arm64
Running under Rosetta:   NO
Available memory:        16384 MB
[Licensing::Module] Trying to connect to existing licensing client channel...
[Licensing::IpcConnector] Successfully connected to the License Client on channel: "LicenseClient-enricoangelico" at "2026-08-11T08:55:48.181476Z"
[Licensing::Client] Handshaking with LicensingClient:
  Version:                 1.15.4+eee609c
  Session Id:              55789c404cde4c7f936bcecc70e371d2
  Correlation Id:          0df66e65e76bb97ddba8fe357c98a478
  External correlation Id: 1807500969626235204
  Machine Id:              JDiDjGsGETjzV5uk8zTiW3ce8wY=
[Licensing::Module] Successfully connected to LicensingClient on channel: "LicenseClient-enricoangelico" (connect: 0.00s, validation: 0.02s, handshake: 0.34s)
[Licensing::IpcConnector] Successfully connected to the License Notification on channel: "LicenseClient-enricoangelico-notifications" at "2026-08-11T08:55:48.539726Z"
[Licensing::Module] Error: Access token is unavailable; failed to update
[Licensing::Client] Successfully updated license
[Licensing::Client] Successfully resolved entitlements
[Licensing::Module] Serial number assigned to: "6872191443132-UnityPersXXXX"
Pro License: NO
Launching external process: /Applications/Unity/Hub/Editor/2022.3.23f1/Unity.app/Contents/Resources/PackageManager/Server/UnityPackageManager

COMMAND LINE ARGUMENTS:
/Applications/Unity/Hub/Editor/2022.3.23f1/Unity.app/Contents/MacOS/Unity
-batchmode
-projectPath
/Users/enricoangelico/Desktop/TurtleBot3_v4/MobRob_2026_MovingObstacles/turtlebot3UnityDQN
-executeMethod
BuildPlayer.Build
-logFile
build_macos.log
Successfully changed project path to: /Users/enricoangelico/Desktop/TurtleBot3_v4/MobRob_2026_MovingObstacles/turtlebot3UnityDQN
/Users/enricoangelico/Desktop/TurtleBot3_v4/MobRob_2026_MovingObstacles/turtlebot3UnityDQN
[UnityMemory] Configuration Parameters - Can be set up in boot.config
    "memorysetup-bucket-allocator-granularity=16"
    "memorysetup-bucket-allocator-bucket-count=8"
    "memorysetup-bucket-allocator-block-size=33554432"
    "memorysetup-bucket-allocator-block-count=8"
    "memorysetup-main-allocator-block-size=16777216"
    "memorysetup-thread-allocator-block-size=16777216"
    "memorysetup-gfx-main-allocator-block-size=16777216"
    "memorysetup-gfx-thread-allocator-block-size=16777216"
    "memorysetup-cache-allocator-block-size=4194304"
    "memorysetup-typetree-allocator-block-size=2097152"
    "memorysetup-profiler-bucket-allocator-granularity=16"
    "memorysetup-profiler-bucket-allocator-bucket-count=8"
    "memorysetup-profiler-bucket-allocator-block-size=33554432"
    "memorysetup-profiler-bucket-allocator-block-count=8"
    "memorysetup-profiler-allocator-block-size=16777216"
    "memorysetup-profiler-editor-allocator-block-size=1048576"
    "memorysetup-temp-allocator-size-main=16777216"
    "memorysetup-job-temp-allocator-block-size=2097152"
    "memorysetup-job-temp-allocator-block-size-background=1048576"
    "memorysetup-job-temp-allocator-reduction-small-platforms=262144"
    "memorysetup-allocator-temp-initial-block-size-main=262144"
    "memorysetup-allocator-temp-initial-block-size-worker=262144"
    "memorysetup-temp-allocator-size-background-worker=32768"
    "memorysetup-temp-allocator-size-job-worker=262144"
    "memorysetup-temp-allocator-size-preload-manager=33554432"
    "memorysetup-temp-allocator-size-nav-mesh-worker=65536"
    "memorysetup-temp-allocator-size-audio-worker=65536"
    "memorysetup-temp-allocator-size-cloud-worker=32768"
    "memorysetup-temp-allocator-size-gi-baking-worker=262144"
    "memorysetup-temp-allocator-size-gfx=262144"
Player connection [8423087488] Host "[IP] 192.168.1.7 [Port] 55504 [Flags] 2 [Guid] 741485058 [EditorId] 741485058 [Version] 1048832 [Id] OSXEditor(0,MacBookPro.homenet.telecomitalia.it) [Debug] 1 [PackageName] OSXEditor [ProjectName] Editor" joined multi-casting on [225.0.0.222:54997]...

Player connection [8423087488] Host "[IP] 192.168.1.7 [Port] 55504 [Flags] 2 [Guid] 741485058 [EditorId] 741485058 [Version] 1048832 [Id] OSXEditor(0,MacBookPro.homenet.telecomitalia.it) [Debug] 1 [PackageName] OSXEditor [ProjectName] Editor" joined alternative multi-casting on [225.0.0.222:34997]...

[Physics::Module] Initialized MultithreadedJobDispatcher with 9 workers.
[Package Manager] UpmClient::Connect -- Connected to IPC stream "Upm-84701" after 0.5 seconds.
[Licensing::Client] Successfully resolved entitlements
[Package Manager] Restoring resolved packages state from cache
[Licensing::Client] Successfully resolved entitlement details
[Package Manager] Registered 49 packages:
  Packages from [https://packages.unity.com]:
    com.unity.ai.navigation@1.1.5 (location: /Users/enricoangelico/Desktop/TurtleBot3_v4/MobRob_2026_MovingObstacles/turtlebot3UnityDQN/Library/PackageCache/com.unity.ai.navigation@1.1.5)
    com.unity.collab-proxy@2.3.1 (location: /Users/enricoangelico/Desktop/TurtleBot3_v4/MobRob_2026_MovingObstacles/turtlebot3UnityDQN/Library/PackageCache/com.unity.collab-proxy@2.3.1)
    com.unity.ide.rider@3.0.28 (location: /Users/enricoangelico/Desktop/TurtleBot3_v4/MobRob_2026_MovingObstacles/turtlebot3UnityDQN/Library/PackageCache/com.unity.ide.rider@3.0.28)
    com.unity.ide.visualstudio@2.0.22 (location: /Users/enricoangelico/Desktop/TurtleBot3_v4/MobRob_2026_MovingObstacles/turtlebot3UnityDQN/Library/PackageCache/com.unity.ide.visualstudio@2.0.22)
    com.unity.ide.vscode@1.2.5 (location: /Users/enricoangelico/Desktop/TurtleBot3_v4/MobRob_2026_MovingObstacles/turtlebot3UnityDQN/Library/PackageCache/com.unity.ide.vscode@1.2.5)
    com.unity.ml-agents@2.3.0-exp.2 (location: /Users/enricoangelico/Desktop/TurtleBot3_v4/MobRob_2026_MovingObstacles/turtlebot3UnityDQN/Library/PackageCache/com.unity.ml-agents@2.3.0-exp.2)
    com.unity.test-framework@1.1.33 (location: /Users/enricoangelico/Desktop/TurtleBot3_v4/MobRob_2026_MovingObstacles/turtlebot3UnityDQN/Library/PackageCache/com.unity.test-framework@1.1.33)
    com.unity.textmeshpro@3.0.6 (location: /Users/enricoangelico/Desktop/TurtleBot3_v4/MobRob_2026_MovingObstacles/turtlebot3UnityDQN/Library/PackageCache/com.unity.textmeshpro@3.0.6)
    com.unity.timeline@1.7.6 (location: /Users/enricoangelico/Desktop/TurtleBot3_v4/MobRob_2026_MovingObstacles/turtlebot3UnityDQN/Library/PackageCache/com.unity.timeline@1.7.6)
    com.unity.toolchain.linux-x86_64@2.0.4 (location: /Users/enricoangelico/Desktop/TurtleBot3_v4/MobRob_2026_MovingObstacles/turtlebot3UnityDQN/Library/PackageCache/com.unity.toolchain.linux-x86_64@2.0.4)
    com.unity.sysroot@2.0.5 (location: /Users/enricoangelico/Desktop/TurtleBot3_v4/MobRob_2026_MovingObstacles/turtlebot3UnityDQN/Library/PackageCache/com.unity.sysroot@2.0.5)
    com.unity.sysroot.linux-x86_64@2.0.4 (location: /Users/enricoangelico/Desktop/TurtleBot3_v4/MobRob_2026_MovingObstacles/turtlebot3UnityDQN/Library/PackageCache/com.unity.sysroot.linux-x86_64@2.0.4)
    com.unity.ext.nunit@1.0.6 (location: /Users/enricoangelico/Desktop/TurtleBot3_v4/MobRob_2026_MovingObstacles/turtlebot3UnityDQN/Library/PackageCache/com.unity.ext.nunit@1.0.6)
    com.unity.burst@1.8.13 (location: /Users/enricoangelico/Desktop/TurtleBot3_v4/MobRob_2026_MovingObstacles/turtlebot3UnityDQN/Library/PackageCache/com.unity.burst@1.8.13)
    com.unity.mathematics@1.2.6 (location: /Users/enricoangelico/Desktop/TurtleBot3_v4/MobRob_2026_MovingObstacles/turtlebot3UnityDQN/Library/PackageCache/com.unity.mathematics@1.2.6)
  Built-in packages:
    com.unity.ugui@1.0.0 (location: /Users/enricoangelico/Desktop/TurtleBot3_v4/MobRob_2026_MovingObstacles/turtlebot3UnityDQN/Library/PackageCache/com.unity.ugui@1.0.0)
    com.unity.modules.ai@1.0.0 (location: /Users/enricoangelico/Desktop/TurtleBot3_v4/MobRob_2026_MovingObstacles/turtlebot3UnityDQN/Library/PackageCache/com.unity.modules.ai@1.0.0)
    com.unity.modules.androidjni@1.0.0 (location: /Users/enricoangelico/Desktop/TurtleBot3_v4/MobRob_2026_MovingObstacles/turtlebot3UnityDQN/Library/PackageCache/com.unity.modules.androidjni@1.0.0)
    com.unity.modules.animation@1.0.0 (location: /Users/enricoangelico/Desktop/TurtleBot3_v4/MobRob_2026_MovingObstacles/turtlebot3UnityDQN/Library/PackageCache/com.unity.modules.animation@1.0.0)
    com.unity.modules.assetbundle@1.0.0 (location: /Users/enricoangelico/Desktop/TurtleBot3_v4/MobRob_2026_MovingObstacles/turtlebot3UnityDQN/Library/PackageCache/com.unity.modules.assetbundle@1.0.0)
    com.unity.modules.audio@1.0.0 (location: /Users/enricoangelico/Desktop/TurtleBot3_v4/MobRob_2026_MovingObstacles/turtlebot3UnityDQN/Library/PackageCache/com.unity.modules.audio@1.0.0)
    com.unity.modules.cloth@1.0.0 (location: /Users/enricoangelico/Desktop/TurtleBot3_v4/MobRob_2026_MovingObstacles/turtlebot3UnityDQN/Library/PackageCache/com.unity.modules.cloth@1.0.0)
    com.unity.modules.director@1.0.0 (location: /Users/enricoangelico/Desktop/TurtleBot3_v4/MobRob_2026_MovingObstacles/turtlebot3UnityDQN/Library/PackageCache/com.unity.modules.director@1.0.0)
    com.unity.modules.imageconversion@1.0.0 (location: /Users/enricoangelico/Desktop/TurtleBot3_v4/MobRob_2026_MovingObstacles/turtlebot3UnityDQN/Library/PackageCache/com.unity.modules.imageconversion@1.0.0)
    com.unity.modules.imgui@1.0.0 (location: /Users/enricoangelico/Desktop/TurtleBot3_v4/MobRob_2026_MovingObstacles/turtlebot3UnityDQN/Library/PackageCache/com.unity.modules.imgui@1.0.0)
    com.unity.modules.jsonserialize@1.0.0 (location: /Users/enricoangelico/Desktop/TurtleBot3_v4/MobRob_2026_MovingObstacles/turtlebot3UnityDQN/Library/PackageCache/com.unity.modules.jsonserialize@1.0.0)
    com.unity.modules.particlesystem@1.0.0 (location: /Users/enricoangelico/Desktop/TurtleBot3_v4/MobRob_2026_MovingObstacles/turtlebot3UnityDQN/Library/PackageCache/com.unity.modules.particlesystem@1.0.0)
    com.unity.modules.physics@1.0.0 (location: /Users/enricoangelico/Desktop/TurtleBot3_v4/MobRob_2026_MovingObstacles/turtlebot3UnityDQN/Library/PackageCache/com.unity.modules.physics@1.0.0)
    com.unity.modules.physics2d@1.0.0 (location: /Users/enricoangelico/Desktop/TurtleBot3_v4/MobRob_2026_MovingObstacles/turtlebot3UnityDQN/Library/PackageCache/com.unity.modules.physics2d@1.0.0)
    com.unity.modules.screencapture@1.0.0 (location: /Users/enricoangelico/Desktop/TurtleBot3_v4/MobRob_2026_MovingObstacles/turtlebot3UnityDQN/Library/PackageCache/com.unity.modules.screencapture@1.0.0)
    com.unity.modules.terrain@1.0.0 (location: /Users/enricoangelico/Desktop/TurtleBot3_v4/MobRob_2026_MovingObstacles/turtlebot3UnityDQN/Library/PackageCache/com.unity.modules.terrain@1.0.0)
    com.unity.modules.terrainphysics@1.0.0 (location: /Users/enricoangelico/Desktop/TurtleBot3_v4/MobRob_2026_MovingObstacles/turtlebot3UnityDQN/Library/PackageCache/com.unity.modules.terrainphysics@1.0.0)
    com.unity.modules.tilemap@1.0.0 (location: /Users/enricoangelico/Desktop/TurtleBot3_v4/MobRob_2026_MovingObstacles/turtlebot3UnityDQN/Library/PackageCache/com.unity.modules.tilemap@1.0.0)
    com.unity.modules.ui@1.0.0 (location: /Users/enricoangelico/Desktop/TurtleBot3_v4/MobRob_2026_MovingObstacles/turtlebot3UnityDQN/Library/PackageCache/com.unity.modules.ui@1.0.0)
    com.unity.modules.uielements@1.0.0 (location: /Users/enricoangelico/Desktop/TurtleBot3_v4/MobRob_2026_MovingObstacles/turtlebot3UnityDQN/Library/PackageCache/com.unity.modules.uielements@1.0.0)
    com.unity.modules.umbra@1.0.0 (location: /Users/enricoangelico/Desktop/TurtleBot3_v4/MobRob_2026_MovingObstacles/turtlebot3UnityDQN/Library/PackageCache/com.unity.modules.umbra@1.0.0)
    com.unity.modules.unityanalytics@1.0.0 (location: /Users/enricoangelico/Desktop/TurtleBot3_v4/MobRob_2026_MovingObstacles/turtlebot3UnityDQN/Library/PackageCache/com.unity.modules.unityanalytics@1.0.0)
    com.unity.modules.unitywebrequest@1.0.0 (location: /Users/enricoangelico/Desktop/TurtleBot3_v4/MobRob_2026_MovingObstacles/turtlebot3UnityDQN/Library/PackageCache/com.unity.modules.unitywebrequest@1.0.0)
    com.unity.modules.unitywebrequestassetbundle@1.0.0 (location: /Users/enricoangelico/Desktop/TurtleBot3_v4/MobRob_2026_MovingObstacles/turtlebot3UnityDQN/Library/PackageCache/com.unity.modules.unitywebrequestassetbundle@1.0.0)
    com.unity.modules.unitywebrequestaudio@1.0.0 (location: /Users/enricoangelico/Desktop/TurtleBot3_v4/MobRob_2026_MovingObstacles/turtlebot3UnityDQN/Library/PackageCache/com.unity.modules.unitywebrequestaudio@1.0.0)
    com.unity.modules.unitywebrequesttexture@1.0.0 (location: /Users/enricoangelico/Desktop/TurtleBot3_v4/MobRob_2026_MovingObstacles/turtlebot3UnityDQN/Library/PackageCache/com.unity.modules.unitywebrequesttexture@1.0.0)
    com.unity.modules.unitywebrequestwww@1.0.0 (location: /Users/enricoangelico/Desktop/TurtleBot3_v4/MobRob_2026_MovingObstacles/turtlebot3UnityDQN/Library/PackageCache/com.unity.modules.unitywebrequestwww@1.0.0)
    com.unity.modules.vehicles@1.0.0 (location: /Users/enricoangelico/Desktop/TurtleBot3_v4/MobRob_2026_MovingObstacles/turtlebot3UnityDQN/Library/PackageCache/com.unity.modules.vehicles@1.0.0)
    com.unity.modules.video@1.0.0 (location: /Users/enricoangelico/Desktop/TurtleBot3_v4/MobRob_2026_MovingObstacles/turtlebot3UnityDQN/Library/PackageCache/com.unity.modules.video@1.0.0)
    com.unity.modules.vr@1.0.0 (location: /Users/enricoangelico/Desktop/TurtleBot3_v4/MobRob_2026_MovingObstacles/turtlebot3UnityDQN/Library/PackageCache/com.unity.modules.vr@1.0.0)
    com.unity.modules.wind@1.0.0 (location: /Users/enricoangelico/Desktop/TurtleBot3_v4/MobRob_2026_MovingObstacles/turtlebot3UnityDQN/Library/PackageCache/com.unity.modules.wind@1.0.0)
    com.unity.modules.xr@1.0.0 (location: /Users/enricoangelico/Desktop/TurtleBot3_v4/MobRob_2026_MovingObstacles/turtlebot3UnityDQN/Library/PackageCache/com.unity.modules.xr@1.0.0)
    com.unity.modules.subsystems@1.0.0 (location: /Users/enricoangelico/Desktop/TurtleBot3_v4/MobRob_2026_MovingObstacles/turtlebot3UnityDQN/Library/PackageCache/com.unity.modules.subsystems@1.0.0)
  Git packages:
    com.unity.barracuda@https://github.com/Unity-Technologies/barracuda-release.git (location: /Users/enricoangelico/Desktop/TurtleBot3_v4/MobRob_2026_MovingObstacles/turtlebot3UnityDQN/Library/PackageCache/com.unity.barracuda@80909e3320)
[Subsystems] No new subsystems found in resolved package list.
Package Manager log level set to [2]
[Package Manager] Done registering packages in 0.17 seconds
Refreshing native plugins compatible for Editor in 4.66 ms, found 2 plugins.
Preloading 0 native plugins for Editor in 0.00 ms.
Initialize engine version: 2022.3.23f1 (dbb3f7c5b5c6)
[Subsystems] Discovering subsystems at path /Applications/Unity/Hub/Editor/2022.3.23f1/Unity.app/Contents/Resources/UnitySubsystems
[Subsystems] Discovering subsystems at path /Users/enricoangelico/Desktop/TurtleBot3_v4/MobRob_2026_MovingObstacles/turtlebot3UnityDQN/Assets
GfxDevice: creating device client; threaded=0; jobified=0
 preferred device: Apple M1 Pro (high power)
Metal devices available: 1
0: Apple M1 Pro (high power)
Using device Apple M1 Pro (high power)
Initializing Metal device caps: Apple M1 Pro
[Licensing::Client] Successfully resolved entitlements
Initialize mono
Mono path[0] = '/Applications/Unity/Hub/Editor/2022.3.23f1/Unity.app/Contents/Managed'
Mono path[1] = '/Applications/Unity/Hub/Editor/2022.3.23f1/Unity.app/Contents/MonoBleedingEdge/lib/mono/unityjit-macos'
Mono config path = '/Applications/Unity/Hub/Editor/2022.3.23f1/Unity.app/Contents/MonoBleedingEdge/etc'
Using monoOptions --debugger-agent=transport=dt_socket,embedding=1,server=y,suspend=n,address=127.0.0.1:56701
Using cacheserver namespaces - metadata:defaultmetadata, artifacts:defaultartifacts
Using cacheserver namespaces - metadata:defaultmetadata, artifacts:defaultartifacts
ImportWorker Server TCP listen port: 0
Begin MonoManager ReloadAssembly
Registering precompiled unity dll's ...
Register platform support module: /Applications/Unity/Hub/Editor/2022.3.23f1/PlaybackEngines/WebGLSupport/UnityEditor.WebGL.Extensions.dll
Register platform support module: /Applications/Unity/Hub/Editor/2022.3.23f1/Unity.app/Contents/PlaybackEngines/MacStandaloneSupport/UnityEditor.OSXStandalone.Extensions.dll
Registered in 0.001124 seconds.
- Loaded All Assemblies, in  0.209 seconds
Native extension for OSXStandalone target not found
Native extension for WebGL target not found
Mono: successfully reloaded assembly
- Finished resetting the current domain, in  0.177 seconds
Domain Reload Profiling: 386ms
	BeginReloadAssembly (52ms)
		ExecutionOrderSort (0ms)
		DisableScriptedObjects (0ms)
		BackupInstance (0ms)
		ReleaseScriptingObjects (0ms)
		CreateAndSetChildDomain (0ms)
	RebuildCommonClasses (24ms)
	RebuildNativeTypeToScriptingClass (8ms)
	initialDomainReloadingComplete (29ms)
	LoadAllAssembliesAndSetupDomain (96ms)
		LoadAssemblies (54ms)
		RebuildTransferFunctionScriptingTraits (0ms)
		AnalyzeDomain (92ms)
			TypeCache.Refresh (91ms)
				TypeCache.ScanAssembly (82ms)
			ScanForSourceGeneratedMonoScriptInfo (0ms)
			ResolveRequiredComponents (0ms)
	FinalizeReload (177ms)
		ReleaseScriptCaches (0ms)
		RebuildScriptCaches (0ms)
		SetupLoadedEditorAssemblies (139ms)
			LogAssemblyErrors (0ms)
			InitializePlatformSupportModulesInManaged (5ms)
			SetLoadedEditorAssemblies (3ms)
			RefreshPlugins (0ms)
			BeforeProcessingInitializeOnLoad (1ms)
			ProcessInitializeOnLoadAttributes (103ms)
			ProcessInitializeOnLoadMethodAttributes (26ms)
			AfterProcessingInitializeOnLoad (0ms)
			EditorAssembliesLoaded (0ms)
		ExecutionOrderSort2 (0ms)
		AwakeInstancesAfterBackupRestoration (0ms)
[Licensing::Client] Successfully resolved entitlements
Application.AssetDatabase Initial Refresh Start
[40m[32minfo[39m[22m[49m: Microsoft.Hosting.Lifetime[14]
      Now listening on: http://unix:/tmp/ilpp.sock-b46372c559cc5fda81b892f4a82deb12
[40m[32minfo[39m[22m[49m: Microsoft.Hosting.Lifetime[0]
      Application started. Press Ctrl+C to shut down.
[40m[32minfo[39m[22m[49m: Microsoft.Hosting.Lifetime[0]
      Hosting environment: Production
[40m[32minfo[39m[22m[49m: Microsoft.Hosting.Lifetime[0]
      Content root path: /Users/enricoangelico/Desktop/TurtleBot3_v4/MobRob_2026_MovingObstacles/turtlebot3UnityDQN/
[40m[32minfo[39m[22m[49m: Microsoft.AspNetCore.Hosting.Diagnostics[1]
      Request starting HTTP/2 POST http://ilpp/UnityILPP.PostProcessing/Ping application/grpc -
[40m[32minfo[39m[22m[49m: Microsoft.AspNetCore.Routing.EndpointMiddleware[0]
      Executing endpoint 'gRPC - /UnityILPP.PostProcessing/Ping'
[40m[32minfo[39m[22m[49m: Microsoft.AspNetCore.Routing.EndpointMiddleware[1]
      Executed endpoint 'gRPC - /UnityILPP.PostProcessing/Ping'
[40m[32minfo[39m[22m[49m: Microsoft.AspNetCore.Hosting.Diagnostics[2]
      Request finished HTTP/2 POST http://ilpp/UnityILPP.PostProcessing/Ping application/grpc - - 200 - application/grpc 28.4970ms
Starting: /Applications/Unity/Hub/Editor/2022.3.23f1/Unity.app/Contents/bee_backend --dont-print-to-structured-log --ipc --defer-dag-verification --dagfile="Library/Bee/200b0aE.dag" --continue-on-failure --profile="Library/Bee/backend1.traceevents" ScriptAssemblies
WorkingDir: /Users/enricoangelico/Desktop/TurtleBot3_v4/MobRob_2026_MovingObstacles/turtlebot3UnityDQN
DisplayProgressbar: Compiling Scripts
[40m[32minfo[39m[22m[49m: Microsoft.AspNetCore.Hosting.Diagnostics[1]
      Request starting HTTP/2 POST http://ilpp/UnityILPP.PostProcessing/ConfigurePostProcessors application/grpc -
[40m[32minfo[39m[22m[49m: Microsoft.AspNetCore.Routing.EndpointMiddleware[0]
      Executing endpoint 'gRPC - /UnityILPP.PostProcessing/ConfigurePostProcessors'
[40m[1m[33mwarn[39m[22m[49m: Unity.ILPP.Runner.PostProcessingAssemblyLoadContext[0]
      Assembly system.runtime.interopservices.windowsruntime has duplicate hint path. Ignoring "/Applications/Unity/Hub/Editor/2022.3.23f1/Unity.app/Contents/UnityReferenceAssemblies/unity-4.8-api/Facades/System.Runtime.InteropServices.WindowsRuntime.dll" in favor of "/Applications/Unity/Hub/Editor/2022.3.23f1/Unity.app/Contents/NetStandard/Extensions/2.0.0/System.Runtime.InteropServices.WindowsRuntime.dll"
[40m[1m[33mwarn[39m[22m[49m: Unity.ILPP.Runner.PostProcessingAssemblyLoadContext[0]
      Assembly system.componentmodel.composition has duplicate hint path. Ignoring "/Applications/Unity/Hub/Editor/2022.3.23f1/Unity.app/Contents/UnityReferenceAssemblies/unity-4.8-api/System.ComponentModel.Composition.dll" in favor of "/Applications/Unity/Hub/Editor/2022.3.23f1/Unity.app/Contents/NetStandard/compat/2.1.0/shims/netfx/System.ComponentModel.Composition.dll"
[40m[32minfo[39m[22m[49m: Unity.ILPP.Runner.PostProcessingAssemblyLoadContext[0]
      Resolved Unity.Burst.Cecil, Version=0.11.4.0, Culture=neutral, PublicKeyToken=50cebf1cceb9d05e with Library/PackageCache/com.unity.burst@1.8.13/Unity.Burst.CodeGen/Unity.Burst.Cecil.dll
[40m[32minfo[39m[22m[49m: Microsoft.AspNetCore.Routing.EndpointMiddleware[1]
      Executed endpoint 'gRPC - /UnityILPP.PostProcessing/ConfigurePostProcessors'
[40m[32minfo[39m[22m[49m: Microsoft.AspNetCore.Hosting.Diagnostics[2]
      Request finished HTTP/2 POST http://ilpp/UnityILPP.PostProcessing/ConfigurePostProcessors application/grpc - - 200 - application/grpc 21.0947ms
ExitCode: 4 Duration: 0s203ms
Rebuilding DAG because FileSignature timestamp changed: Library/Bee/200b0aE-inputdata.json
[340/448    0s] ILPP-Configuration Library/ilpp-configuration.nevergeneratedoutput
*** Tundra requires additional run (0.18 seconds), 1 items updated, 334 evaluated
Starting: /Applications/Unity/Hub/Editor/2022.3.23f1/Unity.app/Contents/Tools/netcorerun/netcorerun "/Applications/Unity/Hub/Editor/2022.3.23f1/Unity.app/Contents/Tools/BuildPipeline/ScriptCompilationBuildProgram.exe" "Library/Bee/200b0aE.dag.json" "Library/Bee/200b0aE-inputdata.json" "Library/Bee/buildprogram0.traceevents"
WorkingDir: /Users/enricoangelico/Desktop/TurtleBot3_v4/MobRob_2026_MovingObstacles/turtlebot3UnityDQN
ExitCode: 0 Duration: 0s529ms
Starting: /Applications/Unity/Hub/Editor/2022.3.23f1/Unity.app/Contents/bee_backend --dont-print-to-structured-log --ipc --defer-dag-verification --dagfile="Library/Bee/200b0aE.dag" --continue-on-failure --dagfilejson="Library/Bee/200b0aE.dag.json" --profile="Library/Bee/backend2.traceevents" ScriptAssemblies
WorkingDir: /Users/enricoangelico/Desktop/TurtleBot3_v4/MobRob_2026_MovingObstacles/turtlebot3UnityDQN
[40m[32minfo[39m[22m[49m: Microsoft.AspNetCore.Hosting.Diagnostics[1]
      Request starting HTTP/2 POST http://ilpp/UnityILPP.PostProcessing/ConfigurePostProcessors application/grpc -
[40m[32minfo[39m[22m[49m: Microsoft.AspNetCore.Routing.EndpointMiddleware[0]
      Executing endpoint 'gRPC - /UnityILPP.PostProcessing/ConfigurePostProcessors'
[40m[32minfo[39m[22m[49m: Unity.ILPP.Runner.PostProcessingAssemblyLoadContext[0]
      Current configuration matches the requested one, skipping
[40m[32minfo[39m[22m[49m: Microsoft.AspNetCore.Routing.EndpointMiddleware[1]
      Executed endpoint 'gRPC - /UnityILPP.PostProcessing/ConfigurePostProcessors'
[40m[32minfo[39m[22m[49m: Microsoft.AspNetCore.Hosting.Diagnostics[2]
      Request finished HTTP/2 POST http://ilpp/UnityILPP.PostProcessing/ConfigurePostProcessors application/grpc - - 200 - application/grpc 3.6182ms
ExitCode: 0 Duration: 0s255ms
Finished compiling graph: 451 nodes, 5930 flattened edges (4868 ToBuild, 72 ToUse), maximum node priority 437
[357/448    0s] ILPP-Configuration Library/ilpp-configuration.nevergeneratedoutput
*** Tundra build success (0.24 seconds), 1 items updated, 448 evaluated
AssetDatabase: script compilation time: 1.463086s
Total cache size 25402368
Total cache size after purge 25402368
Begin MonoManager ReloadAssembly
- Loaded All Assemblies, in  0.372 seconds
Refreshing native plugins compatible for Editor in 1.80 ms, found 2 plugins.
Preloading 0 native plugins for Editor in 0.00 ms.
Refreshing native plugins compatible for Editor in 1.83 ms, found 2 plugins.
Native extension for OSXStandalone target not found
Native extension for WebGL target not found
Mono: successfully reloaded assembly
- Finished resetting the current domain, in  2.191 seconds
Domain Reload Profiling: 2563ms
	BeginReloadAssembly (86ms)
		ExecutionOrderSort (0ms)
		DisableScriptedObjects (4ms)
		BackupInstance (0ms)
		ReleaseScriptingObjects (0ms)
		CreateAndSetChildDomain (24ms)
	RebuildCommonClasses (24ms)
	RebuildNativeTypeToScriptingClass (8ms)
	initialDomainReloadingComplete (18ms)
	LoadAllAssembliesAndSetupDomain (236ms)
		LoadAssemblies (190ms)
		RebuildTransferFunctionScriptingTraits (0ms)
		AnalyzeDomain (86ms)
			TypeCache.Refresh (76ms)
				TypeCache.ScanAssembly (67ms)
			ScanForSourceGeneratedMonoScriptInfo (7ms)
			ResolveRequiredComponents (2ms)
	FinalizeReload (2191ms)
		ReleaseScriptCaches (0ms)
		RebuildScriptCaches (0ms)
		SetupLoadedEditorAssemblies (2098ms)
			LogAssemblyErrors (0ms)
			InitializePlatformSupportModulesInManaged (3ms)
			SetLoadedEditorAssemblies (3ms)
			RefreshPlugins (0ms)
			BeforeProcessingInitializeOnLoad (32ms)
			ProcessInitializeOnLoadAttributes (2043ms)
			ProcessInitializeOnLoadMethodAttributes (15ms)
			AfterProcessingInitializeOnLoad (1ms)
			EditorAssembliesLoaded (0ms)
		ExecutionOrderSort2 (0ms)
		AwakeInstancesAfterBackupRestoration (3ms)
Asset Pipeline Refresh (id=38dc854fb3e104453b023df804cf8274): Total: 4.746 seconds - Initiated by InitialRefreshV2(ForceSynchronousImport)
	Summary:
		Imports: total=0 (actual=0, local cache=0, cache server=0)
		Asset DB Process Time: managed=0 ms, native=668 ms
		Asset DB Callback time: managed=16 ms, native=0 ms
		Scripting: domain reloads=1, domain reload time=2584 ms, compile time=1463 ms, other=13 ms
		Project Asset Count: scripts=2603, non-scripts=772
		Asset File Changes: new=0, changed=0, moved=0, deleted=0
		Scan Filter Count: 1
	InvokeBeforeRefreshCallbacks: 0.219ms
	ApplyChangesToAssetFolders: 0.037ms
	Scan: 138.635ms
	OnSourceAssetsModified: 0.002ms
	GetAllGuidsForCategorization: 0.197ms
	CategorizeAssets: 45.987ms
	ImportOutOfDateAssets: 2204.724ms (734.855ms without children)
		CompileScripts: 1463.172ms
		ReloadNativeAssets: 0.000ms
		UnloadImportedAssets: 5.457ms
		EnsureUptoDateAssetsAreRegisteredWithGuidPM: 0.727ms
		InitializingProgressBar: 0.000ms
		PostProcessAllAssetNotificationsAddChangedAssets: 0.000ms
		OnDemandSchedulerStart: 0.511ms
	PostProcessAllAssets: 16.323ms
	GatherAllCurrentPrimaryArtifactRevisions: 0.000ms
	UnloadStreamsBegin: 0.350ms
	PersistCurrentRevisions: 0.088ms
	UnloadStreamsEnd: 0.006ms
	GenerateScriptTypeHashes: 0.967ms
	Untracked: 2339.075ms
Application.AssetDatabase Initial Refresh End
Launching external process: /Applications/Unity/Hub/Editor/2022.3.23f1/Unity.app/Contents/Tools/UnityShaderCompiler
Launched and connected shader compiler UnityShaderCompiler after 0.07 seconds
Scanning for USB devices : 0.036ms
Initializing Unity extensions:
[Licensing::Client] Successfully resolved entitlements
[MODES] ModeService[none].Initialize
[MODES] ModeService[none].LoadModes
[MODES] Loading mode Default (0) for mode-current-id-SafeRobotics
2026-08-11 10:55:55.662 Unity[84701:12925962] NSEventModifierFlagFunction specified to -setKeyEquivalentModifierMask: for item <NSMenuItem: 0x32b551630 Font Asset, ke='Command-F12'>, but is only supported for system-provided menu items; will not be used
ProgressiveSceneManager::Cancel()
-- Listing OpenCL platforms(s) --
 * OpenCL platform 0
	PROFILE = FULL_PROFILE
	VERSION = OpenCL 1.2 (Apr 18 2026 19:20:04)
	NAME = Apple
	VENDOR = Apple
-- Listing OpenCL device(s) --
 * OpenCL platform 0, device 0 
	DEVICE_TYPE = 4
	DEVICE_NAME = Apple M1 Pro
	DEVICE_VENDOR = Apple
	DEVICE_VERSION = OpenCL 1.2 
	DRIVER_VERSION = 1.2 1.0
	DEVICE_MAX_COMPUTE_UNITS = 16
	DEVICE_MAX_CLOCK_FREQUENCY = 1000
	CL_DEVICE_MAX_CONSTANT_BUFFER_SIZE = 1073741824
	CL_DEVICE_HOST_UNIFIED_MEMORY = true
	CL_DEVICE_MAX_MEM_ALLOC_SIZE = 2383708160
	DEVICE_GLOBAL_MEM_SIZE = 12713115648
-- GPU Progressive lightmapper will use OpenCL device 'Apple M1 Pro' from 'Apple'--
   use -OpenCL-PlatformAndDeviceIndices <platformIdx> <deviceIdx> as command line arguments if you want to select a specific adapter for OpenCL.
Unloading 26 Unused Serialized files (Serialized files now loaded: 0)
Unloading 85 unused Assets / (23.1 MB). Loaded Objects now: 2617.
Memory consumption went from 143.6 MB to 120.5 MB.
Total: 6.163584 ms (FindLiveObjects: 0.089333 ms CreateObjectMapping: 0.027959 ms MarkObjects: 2.641125 ms  DeleteObjects: 3.404167 ms)

Found installed macOS SDK 26.5.
[40m[32minfo[39m[22m[49m: Microsoft.AspNetCore.Hosting.Diagnostics[1]
      Request starting HTTP/2 POST http://ilpp/UnityILPP.PostProcessing/Ping application/grpc -
[40m[32minfo[39m[22m[49m: Microsoft.AspNetCore.Routing.EndpointMiddleware[0]
      Executing endpoint 'gRPC - /UnityILPP.PostProcessing/Ping'
[40m[32minfo[39m[22m[49m: Microsoft.AspNetCore.Routing.EndpointMiddleware[1]
      Executed endpoint 'gRPC - /UnityILPP.PostProcessing/Ping'
[40m[32minfo[39m[22m[49m: Microsoft.AspNetCore.Hosting.Diagnostics[2]
      Request finished HTTP/2 POST http://ilpp/UnityILPP.PostProcessing/Ping application/grpc - - 200 - application/grpc 0.5047ms
Starting: /Applications/Unity/Hub/Editor/2022.3.23f1/Unity.app/Contents/bee_backend --dont-print-to-structured-log --ipc --defer-dag-verification --dagfile="Library/Bee/200b0aESkipCompile.dag" --continue-on-failure --profile="Library/Bee/backend1.traceevents" ScriptAssembliesAndTypeDB
WorkingDir: /Users/enricoangelico/Desktop/TurtleBot3_v4/MobRob_2026_MovingObstacles/turtlebot3UnityDQN
ExitCode: 4 Duration: 0s66ms
[             ] Require frontend run.  Library/Bee/200b0aESkipCompile.dag couldn't be loaded
Starting: /Applications/Unity/Hub/Editor/2022.3.23f1/Unity.app/Contents/Tools/netcorerun/netcorerun "/Applications/Unity/Hub/Editor/2022.3.23f1/Unity.app/Contents/Tools/BuildPipeline/ScriptCompilationBuildProgram.exe" "Library/Bee/200b0aESkipCompile.dag.json" "Library/Bee/200b0aESkipCompile-inputdata.json" "Library/Bee/buildprogram0.traceevents"
WorkingDir: /Users/enricoangelico/Desktop/TurtleBot3_v4/MobRob_2026_MovingObstacles/turtlebot3UnityDQN
ExitCode: 0 Duration: 0s335ms
Starting: /Applications/Unity/Hub/Editor/2022.3.23f1/Unity.app/Contents/bee_backend --dont-print-to-structured-log --ipc --defer-dag-verification --dagfile="Library/Bee/200b0aESkipCompile.dag" --continue-on-failure --dagfilejson="Library/Bee/200b0aESkipCompile.dag.json" --profile="Library/Bee/backend2.traceevents" ScriptAssembliesAndTypeDB
WorkingDir: /Users/enricoangelico/Desktop/TurtleBot3_v4/MobRob_2026_MovingObstacles/turtlebot3UnityDQN
ExitCode: 0 Duration: 0s562ms
Finished compiling graph: 4 nodes, 5 flattened edges (5 ToBuild, 0 ToUse), maximum node priority 3
[2/3        0s] BuildPlayerDataGenerator Library/BuildPlayerData/Editor/TypeDb-All.json
*** Tundra build success (0.54 seconds), 1 items updated, 3 evaluated
Total cache size 25402368
Total cache size after purge 25402368
Asset Pipeline Refresh (id=149e8cdab667943f5ab53282b1a99a92): Total: 0.057 seconds - Initiated by RefreshV2(NoUpdateAssetOptions)
[ScriptCompilation] Requested script compilation because: Recompiling scripts for player build.
BuildPlayer: start building target 2
[40m[32minfo[39m[22m[49m: Microsoft.AspNetCore.Hosting.Diagnostics[1]
      Request starting HTTP/2 POST http://ilpp/UnityILPP.PostProcessing/Ping application/grpc -
[40m[32minfo[39m[22m[49m: Microsoft.AspNetCore.Routing.EndpointMiddleware[0]
      Executing endpoint 'gRPC - /UnityILPP.PostProcessing/Ping'
[40m[32minfo[39m[22m[49m: Microsoft.AspNetCore.Routing.EndpointMiddleware[1]
      Executed endpoint 'gRPC - /UnityILPP.PostProcessing/Ping'
[40m[32minfo[39m[22m[49m: Microsoft.AspNetCore.Hosting.Diagnostics[2]
      Request finished HTTP/2 POST http://ilpp/UnityILPP.PostProcessing/Ping application/grpc - - 200 - application/grpc 0.1940ms
Starting: /Applications/Unity/Hub/Editor/2022.3.23f1/Unity.app/Contents/bee_backend --dont-print-to-structured-log --ipc --defer-dag-verification --dagfile="Library/Bee/200b0aP.dag" --continue-on-failure --profile="Library/Bee/backend1.traceevents" ScriptAssembliesAndTypeDB
WorkingDir: /Users/enricoangelico/Desktop/TurtleBot3_v4/MobRob_2026_MovingObstacles/turtlebot3UnityDQN
ExitCode: 4 Duration: 0s20ms
[             ] Require frontend run.  Library/Bee/200b0aP.dag couldn't be loaded
Starting: /Applications/Unity/Hub/Editor/2022.3.23f1/Unity.app/Contents/Tools/netcorerun/netcorerun "/Applications/Unity/Hub/Editor/2022.3.23f1/Unity.app/Contents/Tools/BuildPipeline/ScriptCompilationBuildProgram.exe" "Library/Bee/200b0aP.dag.json" "Library/Bee/200b0aP-inputdata.json" "Library/Bee/buildprogram0.traceevents"
WorkingDir: /Users/enricoangelico/Desktop/TurtleBot3_v4/MobRob_2026_MovingObstacles/turtlebot3UnityDQN
ExitCode: 0 Duration: 0s460ms
Starting: /Applications/Unity/Hub/Editor/2022.3.23f1/Unity.app/Contents/bee_backend --dont-print-to-structured-log --ipc --defer-dag-verification --dagfile="Library/Bee/200b0aP.dag" --continue-on-failure --dagfilejson="Library/Bee/200b0aP.dag.json" --profile="Library/Bee/backend2.traceevents" ScriptAssembliesAndTypeDB
WorkingDir: /Users/enricoangelico/Desktop/TurtleBot3_v4/MobRob_2026_MovingObstacles/turtlebot3UnityDQN
[40m[32minfo[39m[22m[49m: Microsoft.AspNetCore.Hosting.Diagnostics[1]
      Request starting HTTP/2 POST http://ilpp/UnityILPP.PostProcessing/ConfigurePostProcessors application/grpc -
[40m[32minfo[39m[22m[49m: Microsoft.AspNetCore.Routing.EndpointMiddleware[0]
      Executing endpoint 'gRPC - /UnityILPP.PostProcessing/ConfigurePostProcessors'
[40m[32minfo[39m[22m[49m: Unity.ILPP.Runner.PostProcessingAssemblyLoadContext[0]
      ALC ILPP context 1 is unloading
[40m[1m[33mwarn[39m[22m[49m: Unity.ILPP.Runner.PostProcessingAssemblyLoadContext[0]
      Assembly system.runtime.interopservices.windowsruntime has duplicate hint path. Ignoring "/Applications/Unity/Hub/Editor/2022.3.23f1/Unity.app/Contents/UnityReferenceAssemblies/unity-4.8-api/Facades/System.Runtime.InteropServices.WindowsRuntime.dll" in favor of "/Applications/Unity/Hub/Editor/2022.3.23f1/Unity.app/Contents/NetStandard/Extensions/2.0.0/System.Runtime.InteropServices.WindowsRuntime.dll"
[40m[1m[33mwarn[39m[22m[49m: Unity.ILPP.Runner.PostProcessingAssemblyLoadContext[0]
      Assembly system.componentmodel.composition has duplicate hint path. Ignoring "/Applications/Unity/Hub/Editor/2022.3.23f1/Unity.app/Contents/UnityReferenceAssemblies/unity-4.8-api/System.ComponentModel.Composition.dll" in favor of "/Applications/Unity/Hub/Editor/2022.3.23f1/Unity.app/Contents/NetStandard/compat/2.1.0/shims/netfx/System.ComponentModel.Composition.dll"
[40m[32minfo[39m[22m[49m: Unity.ILPP.Runner.PostProcessingAssemblyLoadContext[0]
      Resolved Unity.Burst.Cecil, Version=0.11.4.0, Culture=neutral, PublicKeyToken=50cebf1cceb9d05e with Library/PackageCache/com.unity.burst@1.8.13/Unity.Burst.CodeGen/Unity.Burst.Cecil.dll
[40m[32minfo[39m[22m[49m: Microsoft.AspNetCore.Routing.EndpointMiddleware[1]
      Executed endpoint 'gRPC - /UnityILPP.PostProcessing/ConfigurePostProcessors'
[40m[32minfo[39m[22m[49m: Microsoft.AspNetCore.Hosting.Diagnostics[2]
      Request finished HTTP/2 POST http://ilpp/UnityILPP.PostProcessing/ConfigurePostProcessors application/grpc - - 200 - application/grpc 29.6416ms
[40m[32minfo[39m[22m[49m: Microsoft.AspNetCore.Hosting.Diagnostics[1]
      Request starting HTTP/2 POST http://ilpp/UnityILPP.PostProcessing/PostProcessAssembly application/grpc -
[40m[32minfo[39m[22m[49m: Microsoft.AspNetCore.Hosting.Diagnostics[1]
      Request starting HTTP/2 POST http://ilpp/UnityILPP.PostProcessing/PostProcessAssembly application/grpc -
[40m[32minfo[39m[22m[49m: Microsoft.AspNetCore.Routing.EndpointMiddleware[0]
      Executing endpoint 'gRPC - /UnityILPP.PostProcessing/PostProcessAssembly'
[40m[32minfo[39m[22m[49m: Microsoft.AspNetCore.Hosting.Diagnostics[1]
      Request starting HTTP/2 POST http://ilpp/UnityILPP.PostProcessing/PostProcessAssembly application/grpc -
[40m[32minfo[39m[22m[49m: Microsoft.AspNetCore.Routing.EndpointMiddleware[0]
      Executing endpoint 'gRPC - /UnityILPP.PostProcessing/PostProcessAssembly'
[40m[32minfo[39m[22m[49m: Microsoft.AspNetCore.Routing.EndpointMiddleware[0]
      Executing endpoint 'gRPC - /UnityILPP.PostProcessing/PostProcessAssembly'
[40m[32minfo[39m[22m[49m: Microsoft.AspNetCore.Hosting.Diagnostics[1]
      Request starting HTTP/2 POST http://ilpp/UnityILPP.PostProcessing/PostProcessAssembly application/grpc -
[40m[32minfo[39m[22m[49m: Microsoft.AspNetCore.Routing.EndpointMiddleware[0]
      Executing endpoint 'gRPC - /UnityILPP.PostProcessing/PostProcessAssembly'
[40m[32minfo[39m[22m[49m: Microsoft.AspNetCore.Hosting.Diagnostics[1]
      Request starting HTTP/2 POST http://ilpp/UnityILPP.PostProcessing/PostProcessAssembly application/grpc -
[40m[32minfo[39m[22m[49m: Microsoft.AspNetCore.Hosting.Diagnostics[1]
      Request starting HTTP/2 POST http://ilpp/UnityILPP.PostProcessing/PostProcessAssembly application/grpc -
[40m[32minfo[39m[22m[49m: Microsoft.AspNetCore.Routing.EndpointMiddleware[0]
      Executing endpoint 'gRPC - /UnityILPP.PostProcessing/PostProcessAssembly'
[40m[32minfo[39m[22m[49m: Microsoft.AspNetCore.Routing.EndpointMiddleware[0]
      Executing endpoint 'gRPC - /UnityILPP.PostProcessing/PostProcessAssembly'
[40m[32minfo[39m[22m[49m: Unity.ILPP.Runner.PostProcessingPipeline[0]
      Processing assembly Library/Bee/artifacts/200b0aP.dag/Unity.Timeline.dll, with 107 defines and 195 references
[40m[32minfo[39m[22m[49m: Unity.ILPP.Runner.PostProcessingPipeline[0]
      Processing assembly Library/Bee/artifacts/200b0aP.dag/Unity.AI.Navigation.dll, with 107 defines and 195 references
[40m[32minfo[39m[22m[49m: Unity.ILPP.Runner.PostProcessingPipeline[0]
      Processing assembly Library/Bee/artifacts/200b0aP.dag/Unity.ML-Agents.CommunicatorObjects.dll, with 106 defines and 195 references
[40m[32minfo[39m[22m[49m: Unity.ILPP.Runner.PostProcessingPipeline[0]
      Processing assembly Library/Bee/artifacts/200b0aP.dag/UnityEngine.UI.dll, with 111 defines and 194 references
[40m[32minfo[39m[22m[49m: Unity.ILPP.Runner.PostProcessingPipeline[0]
      Processing assembly Library/Bee/artifacts/200b0aP.dag/Unity.Burst.dll, with 106 defines and 191 references
[40m[32minfo[39m[22m[49m: Unity.ILPP.Runner.PostProcessingPipeline[0]
      processors: zzzUnity.Burst.CodeGen.BurstILPostProcessor
[40m[32minfo[39m[22m[49m: Unity.ILPP.Runner.PostProcessingPipeline[0]
      processors: zzzUnity.Burst.CodeGen.BurstILPostProcessor
[40m[32minfo[39m[22m[49m: Unity.ILPP.Runner.PostProcessingPipeline[0]
      processors: zzzUnity.Burst.CodeGen.BurstILPostProcessor
[40m[32minfo[39m[22m[49m: Unity.ILPP.Runner.PostProcessingPipeline[0]
      processors: zzzUnity.Burst.CodeGen.BurstILPostProcessor
[40m[32minfo[39m[22m[49m: Unity.ILPP.Runner.PostProcessingPipeline[0]
      processors: zzzUnity.Burst.CodeGen.BurstILPostProcessor
[40m[32minfo[39m[22m[49m: Unity.ILPP.Runner.PostProcessingPipeline[0]
      running zzzUnity.Burst.CodeGen.BurstILPostProcessor
[40m[32minfo[39m[22m[49m: Unity.ILPP.Runner.PostProcessingPipeline[0]
      running zzzUnity.Burst.CodeGen.BurstILPostProcessor
[40m[32minfo[39m[22m[49m: Unity.ILPP.Runner.PostProcessingPipeline[0]
      running zzzUnity.Burst.CodeGen.BurstILPostProcessor
[40m[32minfo[39m[22m[49m: Unity.ILPP.Runner.PostProcessingPipeline[0]
      running zzzUnity.Burst.CodeGen.BurstILPostProcessor
[40m[32minfo[39m[22m[49m: Unity.ILPP.Runner.PostProcessingPipeline[0]
      running zzzUnity.Burst.CodeGen.BurstILPostProcessor
[40m[32minfo[39m[22m[49m: Microsoft.AspNetCore.Routing.EndpointMiddleware[1]
      Executed endpoint 'gRPC - /UnityILPP.PostProcessing/PostProcessAssembly'
[40m[32minfo[39m[22m[49m: Microsoft.AspNetCore.Hosting.Diagnostics[2]
      Request finished HTTP/2 POST http://ilpp/UnityILPP.PostProcessing/PostProcessAssembly application/grpc - - 200 - application/grpc 19.0691ms
[40m[32minfo[39m[22m[49m: Microsoft.AspNetCore.Routing.EndpointMiddleware[1]
      Executed endpoint 'gRPC - /UnityILPP.PostProcessing/PostProcessAssembly'
[40m[32minfo[39m[22m[49m: Microsoft.AspNetCore.Hosting.Diagnostics[2]
      Request finished HTTP/2 POST http://ilpp/UnityILPP.PostProcessing/PostProcessAssembly application/grpc - - 200 - application/grpc 19.3515ms
[40m[32minfo[39m[22m[49m: Microsoft.AspNetCore.Routing.EndpointMiddleware[1]
      Executed endpoint 'gRPC - /UnityILPP.PostProcessing/PostProcessAssembly'
[40m[32minfo[39m[22m[49m: Microsoft.AspNetCore.Hosting.Diagnostics[2]
      Request finished HTTP/2 POST http://ilpp/UnityILPP.PostProcessing/PostProcessAssembly application/grpc - - 200 - application/grpc 19.7033ms
[40m[32minfo[39m[22m[49m: Microsoft.AspNetCore.Routing.EndpointMiddleware[1]
      Executed endpoint 'gRPC - /UnityILPP.PostProcessing/PostProcessAssembly'
[40m[32minfo[39m[22m[49m: Microsoft.AspNetCore.Hosting.Diagnostics[2]
      Request finished HTTP/2 POST http://ilpp/UnityILPP.PostProcessing/PostProcessAssembly application/grpc - - 200 - application/grpc 13.8370ms
[40m[32minfo[39m[22m[49m: Microsoft.AspNetCore.Routing.EndpointMiddleware[1]
      Executed endpoint 'gRPC - /UnityILPP.PostProcessing/PostProcessAssembly'
[40m[32minfo[39m[22m[49m: Microsoft.AspNetCore.Hosting.Diagnostics[2]
      Request finished HTTP/2 POST http://ilpp/UnityILPP.PostProcessing/PostProcessAssembly application/grpc - - 200 - application/grpc 20.2509ms
[40m[32minfo[39m[22m[49m: Unity.ILPP.Runner.PostProcessingPipeline[0]
      Processing assembly Library/Bee/artifacts/200b0aP.dag/Unity.TextMeshPro.dll, with 106 defines and 195 references
[40m[32minfo[39m[22m[49m: Unity.ILPP.Runner.PostProcessingPipeline[0]
      processors: zzzUnity.Burst.CodeGen.BurstILPostProcessor
[40m[32minfo[39m[22m[49m: Unity.ILPP.Runner.PostProcessingPipeline[0]
      running zzzUnity.Burst.CodeGen.BurstILPostProcessor
[40m[32minfo[39m[22m[49m: Microsoft.AspNetCore.Routing.EndpointMiddleware[1]
      Executed endpoint 'gRPC - /UnityILPP.PostProcessing/PostProcessAssembly'
[40m[32minfo[39m[22m[49m: Microsoft.AspNetCore.Hosting.Diagnostics[2]
      Request finished HTTP/2 POST http://ilpp/UnityILPP.PostProcessing/PostProcessAssembly application/grpc - - 200 - application/grpc 22.3138ms
[40m[32minfo[39m[22m[49m: Microsoft.AspNetCore.Hosting.Diagnostics[1]
      Request starting HTTP/2 POST http://ilpp/UnityILPP.PostProcessing/PostProcessAssembly application/grpc -
[40m[32minfo[39m[22m[49m: Microsoft.AspNetCore.Routing.EndpointMiddleware[0]
      Executing endpoint 'gRPC - /UnityILPP.PostProcessing/PostProcessAssembly'
[40m[32minfo[39m[22m[49m: Unity.ILPP.Runner.PostProcessingPipeline[0]
      Processing assembly Library/Bee/artifacts/200b0aP.dag/Unity.Mathematics.dll, with 106 defines and 195 references
[40m[32minfo[39m[22m[49m: Unity.ILPP.Runner.PostProcessingPipeline[0]
      processors: zzzUnity.Burst.CodeGen.BurstILPostProcessor
[40m[32minfo[39m[22m[49m: Unity.ILPP.Runner.PostProcessingPipeline[0]
      running zzzUnity.Burst.CodeGen.BurstILPostProcessor
[40m[32minfo[39m[22m[49m: Microsoft.AspNetCore.Routing.EndpointMiddleware[1]
      Executed endpoint 'gRPC - /UnityILPP.PostProcessing/PostProcessAssembly'
[40m[32minfo[39m[22m[49m: Microsoft.AspNetCore.Hosting.Diagnostics[2]
      Request finished HTTP/2 POST http://ilpp/UnityILPP.PostProcessing/PostProcessAssembly application/grpc - - 200 - application/grpc 6.4535ms
[40m[32minfo[39m[22m[49m: Microsoft.AspNetCore.Hosting.Diagnostics[1]
      Request starting HTTP/2 POST http://ilpp/UnityILPP.PostProcessing/PostProcessAssembly application/grpc -
[40m[32minfo[39m[22m[49m: Microsoft.AspNetCore.Routing.EndpointMiddleware[0]
      Executing endpoint 'gRPC - /UnityILPP.PostProcessing/PostProcessAssembly'
[40m[32minfo[39m[22m[49m: Unity.ILPP.Runner.PostProcessingPipeline[0]
      Processing assembly Library/Bee/artifacts/200b0aP.dag/Unity.Barracuda.dll, with 106 defines and 197 references
[40m[32minfo[39m[22m[49m: Unity.ILPP.Runner.PostProcessingPipeline[0]
      processors: zzzUnity.Burst.CodeGen.BurstILPostProcessor
[40m[32minfo[39m[22m[49m: Unity.ILPP.Runner.PostProcessingPipeline[0]
      running zzzUnity.Burst.CodeGen.BurstILPostProcessor
[40m[32minfo[39m[22m[49m: Unity.ILPP.Runner.PostProcessingAssemblyLoadContext[0]
      Resolved Unity.Burst.Cecil.Rocks, Version=0.11.4.0, Culture=neutral, PublicKeyToken=50cebf1cceb9d05e with Library/PackageCache/com.unity.burst@1.8.13/Unity.Burst.CodeGen/Unity.Burst.Cecil.Rocks.dll
[40m[32minfo[39m[22m[49m: Microsoft.AspNetCore.Routing.EndpointMiddleware[1]
      Executed endpoint 'gRPC - /UnityILPP.PostProcessing/PostProcessAssembly'
[40m[32minfo[39m[22m[49m: Microsoft.AspNetCore.Hosting.Diagnostics[2]
      Request finished HTTP/2 POST http://ilpp/UnityILPP.PostProcessing/PostProcessAssembly application/grpc - - 200 - application/grpc 258.6279ms
[40m[32minfo[39m[22m[49m: Microsoft.AspNetCore.Hosting.Diagnostics[1]
      Request starting HTTP/2 POST http://ilpp/UnityILPP.PostProcessing/PostProcessAssembly application/grpc -
[40m[32minfo[39m[22m[49m: Microsoft.AspNetCore.Routing.EndpointMiddleware[0]
      Executing endpoint 'gRPC - /UnityILPP.PostProcessing/PostProcessAssembly'
[40m[32minfo[39m[22m[49m: Unity.ILPP.Runner.PostProcessingPipeline[0]
      Processing assembly Library/Bee/artifacts/200b0aP.dag/Unity.Barracuda.MacBLAS.dll, with 106 defines and 196 references
[40m[32minfo[39m[22m[49m: Unity.ILPP.Runner.PostProcessingPipeline[0]
      processors: zzzUnity.Burst.CodeGen.BurstILPostProcessor
[40m[32minfo[39m[22m[49m: Unity.ILPP.Runner.PostProcessingPipeline[0]
      running zzzUnity.Burst.CodeGen.BurstILPostProcessor
[40m[32minfo[39m[22m[49m: Microsoft.AspNetCore.Routing.EndpointMiddleware[1]
      Executed endpoint 'gRPC - /UnityILPP.PostProcessing/PostProcessAssembly'
[40m[32minfo[39m[22m[49m: Microsoft.AspNetCore.Hosting.Diagnostics[2]
      Request finished HTTP/2 POST http://ilpp/UnityILPP.PostProcessing/PostProcessAssembly application/grpc - - 200 - application/grpc 1.6323ms
[40m[32minfo[39m[22m[49m: Microsoft.AspNetCore.Hosting.Diagnostics[1]
      Request starting HTTP/2 POST http://ilpp/UnityILPP.PostProcessing/PostProcessAssembly application/grpc -
[40m[32minfo[39m[22m[49m: Microsoft.AspNetCore.Routing.EndpointMiddleware[0]
      Executing endpoint 'gRPC - /UnityILPP.PostProcessing/PostProcessAssembly'
[40m[32minfo[39m[22m[49m: Unity.ILPP.Runner.PostProcessingPipeline[0]
      Processing assembly Library/Bee/artifacts/200b0aP.dag/Unity.ML-Agents.dll, with 109 defines and 198 references
[40m[32minfo[39m[22m[49m: Unity.ILPP.Runner.PostProcessingPipeline[0]
      processors: zzzUnity.Burst.CodeGen.BurstILPostProcessor
[40m[32minfo[39m[22m[49m: Microsoft.AspNetCore.Hosting.Diagnostics[1]
      Request starting HTTP/2 POST http://ilpp/UnityILPP.PostProcessing/PostProcessAssembly application/grpc -
[40m[32minfo[39m[22m[49m: Microsoft.AspNetCore.Routing.EndpointMiddleware[0]
      Executing endpoint 'gRPC - /UnityILPP.PostProcessing/PostProcessAssembly'
[40m[32minfo[39m[22m[49m: Unity.ILPP.Runner.PostProcessingPipeline[0]
      Processing assembly Library/Bee/artifacts/200b0aP.dag/Unity.Barracuda.BurstBLAS.dll, with 106 defines and 197 references
[40m[32minfo[39m[22m[49m: Unity.ILPP.Runner.PostProcessingPipeline[0]
      processors: zzzUnity.Burst.CodeGen.BurstILPostProcessor
[40m[32minfo[39m[22m[49m: Unity.ILPP.Runner.PostProcessingPipeline[0]
      running zzzUnity.Burst.CodeGen.BurstILPostProcessor
[40m[32minfo[39m[22m[49m: Unity.ILPP.Runner.PostProcessingPipeline[0]
      running zzzUnity.Burst.CodeGen.BurstILPostProcessor
[40m[32minfo[39m[22m[49m: Microsoft.AspNetCore.Routing.EndpointMiddleware[1]
      Executed endpoint 'gRPC - /UnityILPP.PostProcessing/PostProcessAssembly'
[40m[32minfo[39m[22m[49m: Microsoft.AspNetCore.Hosting.Diagnostics[2]
      Request finished HTTP/2 POST http://ilpp/UnityILPP.PostProcessing/PostProcessAssembly application/grpc - - 200 - application/grpc 1.3624ms
[40m[32minfo[39m[22m[49m: Microsoft.AspNetCore.Routing.EndpointMiddleware[1]
      Executed endpoint 'gRPC - /UnityILPP.PostProcessing/PostProcessAssembly'
[40m[32minfo[39m[22m[49m: Microsoft.AspNetCore.Hosting.Diagnostics[2]
      Request finished HTTP/2 POST http://ilpp/UnityILPP.PostProcessing/PostProcessAssembly application/grpc - - 200 - application/grpc 19.2021ms
[40m[32minfo[39m[22m[49m: Microsoft.AspNetCore.Hosting.Diagnostics[1]
      Request starting HTTP/2 POST http://ilpp/UnityILPP.PostProcessing/PostProcessAssembly application/grpc -
[40m[32minfo[39m[22m[49m: Microsoft.AspNetCore.Routing.EndpointMiddleware[0]
      Executing endpoint 'gRPC - /UnityILPP.PostProcessing/PostProcessAssembly'
[40m[32minfo[39m[22m[49m: Unity.ILPP.Runner.PostProcessingPipeline[0]
      Processing assembly Library/Bee/artifacts/200b0aP.dag/Unity.Barracuda.ONNX.dll, with 106 defines and 196 references
[40m[32minfo[39m[22m[49m: Unity.ILPP.Runner.PostProcessingPipeline[0]
      processors: zzzUnity.Burst.CodeGen.BurstILPostProcessor
[40m[32minfo[39m[22m[49m: Unity.ILPP.Runner.PostProcessingPipeline[0]
      running zzzUnity.Burst.CodeGen.BurstILPostProcessor
[40m[32minfo[39m[22m[49m: Microsoft.AspNetCore.Routing.EndpointMiddleware[1]
      Executed endpoint 'gRPC - /UnityILPP.PostProcessing/PostProcessAssembly'
[40m[32minfo[39m[22m[49m: Microsoft.AspNetCore.Hosting.Diagnostics[2]
      Request finished HTTP/2 POST http://ilpp/UnityILPP.PostProcessing/PostProcessAssembly application/grpc - - 200 - application/grpc 1.6512ms
[40m[32minfo[39m[22m[49m: Microsoft.AspNetCore.Hosting.Diagnostics[1]
      Request starting HTTP/2 POST http://ilpp/UnityILPP.PostProcessing/PostProcessAssembly application/grpc -
[40m[32minfo[39m[22m[49m: Microsoft.AspNetCore.Routing.EndpointMiddleware[0]
      Executing endpoint 'gRPC - /UnityILPP.PostProcessing/PostProcessAssembly'
[40m[32minfo[39m[22m[49m: Unity.ILPP.Runner.PostProcessingPipeline[0]
      Processing assembly Library/Bee/artifacts/200b0aP.dag/Assembly-CSharp.dll, with 106 defines and 206 references
[40m[32minfo[39m[22m[49m: Unity.ILPP.Runner.PostProcessingPipeline[0]
      processors: zzzUnity.Burst.CodeGen.BurstILPostProcessor
[40m[32minfo[39m[22m[49m: Unity.ILPP.Runner.PostProcessingPipeline[0]
      running zzzUnity.Burst.CodeGen.BurstILPostProcessor
[40m[32minfo[39m[22m[49m: Microsoft.AspNetCore.Routing.EndpointMiddleware[1]
      Executed endpoint 'gRPC - /UnityILPP.PostProcessing/PostProcessAssembly'
[40m[32minfo[39m[22m[49m: Microsoft.AspNetCore.Hosting.Diagnostics[2]
      Request finished HTTP/2 POST http://ilpp/UnityILPP.PostProcessing/PostProcessAssembly application/grpc - - 200 - application/grpc 7.1487ms
ExitCode: 0 Duration: 9s455ms
Finished compiling graph: 346 nodes, 2800 flattened edges (2414 ToBuild, 40 ToUse), maximum node priority 147
[ 33/345    0s] WriteText Library/Bee/artifacts/StandaloneOSX_CodeGen/UnityEngine.TestRunner.rsp2
[ 34/345    0s] WriteText Library/Bee/artifacts/StandaloneOSX_CodeGen/UnityEngine.TestRunner.UnityAdditionalFile.txt
[ 90/345    0s] WriteText Library/Bee/artifacts/200b0aP.dag/UnityEngine.UI.rsp2
[ 91/345    0s] WriteText Library/Bee/artifacts/200b0aP.dag/UnityEngine.UI.UnityAdditionalFile.txt
[ 92/345    0s] WriteText Library/Bee/artifacts/StandaloneOSX_CodeGen/UnityEngine.UI.rsp2
[ 93/345    0s] WriteText Library/Bee/artifacts/StandaloneOSX_CodeGen/UnityEngine.UI.UnityAdditionalFile.txt
[ 94/345    0s] WriteText Library/Bee/artifacts/StandaloneOSX_CodeGen/UnityEngine.TestRunner.dll.mvfrm.rsp
[ 95/345    0s] WriteText Library/Bee/artifacts/StandaloneOSX_CodeGen/UnityEngine.TestRunner.rsp
[ 96/345    0s] MovedFromExtractor Library/Bee/artifacts/mvdfrm/UnityEngine.PhysicsModule.dll_831A4A9040B39D1F.mvfrm
[ 97/345    0s] MovedFromExtractor Library/Bee/artifacts/mvdfrm/UnityEngine.PerformanceReportingModule.dll_C05BCEBF030773BA.mvfrm
[ 98/345    0s] MovedFromExtractor Library/Bee/artifacts/mvdfrm/UnityEngine.ProfilerModule.dll_D9F5190DD8BC9FE5.mvfrm
[ 99/345    0s] MovedFromExtractorCombine Library/Bee/artifacts/StandaloneOSX_CodeGen/UnityEngine.TestRunner.dll.mvfrm
[100/345    0s] MovedFromExtractor Library/Bee/artifacts/mvdfrm/UnityEngine.LocalizationModule.dll_550B03184DE29545.mvfrm
[101/345    0s] MovedFromExtractor Library/Bee/artifacts/mvdfrm/UnityEngine.JSONSerializeModule.dll_3D75C61E80632A00.mvfrm
[102/345    0s] MovedFromExtractor Library/Bee/artifacts/mvdfrm/UnityEngine.InputModule.dll_498D2CEC5E43D932.mvfrm
[103/345    0s] MovedFromExtractor Library/Bee/artifacts/mvdfrm/UnityEngine.Physics2DModule.dll_6D8AEF84C4A15231.mvfrm
[104/345    0s] MovedFromExtractor Library/Bee/artifacts/mvdfrm/UnityEngine.ParticleSystemModule.dll_A223AFCCD8CA0E01.mvfrm
[105/345    0s] MovedFromExtractor Library/Bee/artifacts/mvdfrm/UnityEngine.PropertiesModule.dll_B728D00719963A0F.mvfrm
[106/345    0s] MovedFromExtractor Library/Bee/artifacts/mvdfrm/UnityEngine.InputLegacyModule.dll_29482F380E19D33B.mvfrm
[107/345    0s] MovedFromExtractor Library/Bee/artifacts/mvdfrm/UnityEngine.ImageConversionModule.dll_C34CE0AE0C586369.mvfrm
[108/345    0s] MovedFromExtractor Library/Bee/artifacts/mvdfrm/UnityEngine.HotReloadModule.dll_A22DBD99FED7761E.mvfrm
[109/345    0s] MovedFromExtractor Library/Bee/artifacts/mvdfrm/UnityEngine.IMGUIModule.dll_1B7704A2AE3D486F.mvfrm
[110/345    0s] MovedFromExtractor Library/Bee/artifacts/mvdfrm/UnityEngine.GridModule.dll_F11FAA699167B9F2.mvfrm
[111/345    0s] MovedFromExtractor Library/Bee/artifacts/mvdfrm/UnityEngine.GIModule.dll_3E38A0F00777753E.mvfrm
[112/345    0s] MovedFromExtractor Library/Bee/artifacts/mvdfrm/UnityEngine.GameCenterModule.dll_89ED90C8A6AAD5D3.mvfrm
[113/345    0s] MovedFromExtractor Library/Bee/artifacts/mvdfrm/UnityEngine.dll_08281D5ADE8F24AA.mvfrm
[114/345    0s] MovedFromExtractor Library/Bee/artifacts/mvdfrm/UnityEngine.DirectorModule.dll_A7AEDFD73F6318D8.mvfrm
[115/345    0s] MovedFromExtractor Library/Bee/artifacts/mvdfrm/UnityEngine.CoreModule.dll_13AE8E7B791323FB.mvfrm
[116/345    0s] MovedFromExtractor Library/Bee/artifacts/mvdfrm/UnityEngine.DSPGraphModule.dll_AD004140B1C3E9F9.mvfrm
[117/345    0s] MovedFromExtractor Library/Bee/artifacts/mvdfrm/UnityEngine.CrashReportingModule.dll_4F1166806AB88273.mvfrm
[118/345    0s] MovedFromExtractor Library/Bee/artifacts/mvdfrm/UnityEngine.ClusterInputModule.dll_16BE38C5B666A24C.mvfrm
[119/345    0s] MovedFromExtractor Library/Bee/artifacts/mvdfrm/UnityEngine.ContentLoadModule.dll_31196D5A44AAC537.mvfrm
[120/345    0s] MovedFromExtractor Library/Bee/artifacts/mvdfrm/UnityEngine.ClusterRendererModule.dll_575AE2FD8A33AB75.mvfrm
[121/345    0s] MovedFromExtractor Library/Bee/artifacts/mvdfrm/UnityEngine.ClothModule.dll_49FFC236C2289372.mvfrm
[122/345    0s] MovedFromExtractor Library/Bee/artifacts/mvdfrm/UnityEngine.RuntimeInitializeOnLoadManagerInitializerModule.dll_8AD7B0A4C540A4FA.mvfrm
[123/345    0s] MovedFromExtractor Library/Bee/artifacts/mvdfrm/UnityEngine.AudioModule.dll_E317653BE80BB48E.mvfrm
[124/345    0s] MovedFromExtractor Library/Bee/artifacts/mvdfrm/UnityEngine.ARModule.dll_5F6F1CE5C8E5EBED.mvfrm
[125/345    0s] MovedFromExtractor Library/Bee/artifacts/mvdfrm/UnityEngine.AssetBundleModule.dll_9803141976281D4A.mvfrm
[126/345    0s] MovedFromExtractor Library/Bee/artifacts/mvdfrm/UnityEngine.SharedInternalsModule.dll_475E1F8383865EB9.mvfrm
[127/345    0s] MovedFromExtractor Library/Bee/artifacts/mvdfrm/UnityEngine.AndroidJNIModule.dll_5FA046ADE069E4E2.mvfrm
[128/345    0s] MovedFromExtractor Library/Bee/artifacts/mvdfrm/UnityEngine.AIModule.dll_A5FC57E26BC88D24.mvfrm
[129/345    0s] MovedFromExtractor Library/Bee/artifacts/mvdfrm/UnityEngine.ScreenCaptureModule.dll_575D73A394CF5662.mvfrm
[130/345    0s] MovedFromExtractor Library/Bee/artifacts/mvdfrm/UnityEngine.SpriteMaskModule.dll_731A0358C81A6B4D.mvfrm
[131/345    0s] MovedFromExtractor Library/Bee/artifacts/mvdfrm/UnityEngine.SpriteShapeModule.dll_B16441742BCA5554.mvfrm
[132/345    0s] MovedFromExtractor Library/Bee/artifacts/mvdfrm/UnityEngine.StreamingModule.dll_D579ECE4732C11DA.mvfrm
[133/345    0s] MovedFromExtractor Library/Bee/artifacts/mvdfrm/UnityEngine.TerrainModule.dll_9D60C5FF1671E60D.mvfrm
[134/345    0s] MovedFromExtractor Library/Bee/artifacts/mvdfrm/UnityEngine.TerrainPhysicsModule.dll_A29E589FF20D088E.mvfrm
[135/345    0s] MovedFromExtractor Library/Bee/artifacts/mvdfrm/UnityEngine.SubstanceModule.dll_B225012DBE7F0FE8.mvfrm
[136/345    0s] MovedFromExtractor Library/Bee/artifacts/mvdfrm/UnityEngine.SubsystemsModule.dll_DDC769BA96625360.mvfrm
[137/345    0s] MovedFromExtractor Library/Bee/artifacts/mvdfrm/UnityEngine.TextCoreFontEngineModule.dll_3445537DAD999F19.mvfrm
[138/345    0s] MovedFromExtractor Library/Bee/artifacts/mvdfrm/UnityEngine.TextCoreTextEngineModule.dll_7C2D89EF3D1D5837.mvfrm
[139/345    0s] MovedFromExtractor Library/Bee/artifacts/mvdfrm/UnityEngine.TilemapModule.dll_3C5D2D802E2EC716.mvfrm
[140/345    0s] MovedFromExtractor Library/Bee/artifacts/mvdfrm/UnityEngine.TLSModule.dll_03926F4F1BCF0E33.mvfrm
[141/345    0s] MovedFromExtractor Library/Bee/artifacts/mvdfrm/UnityEngine.UmbraModule.dll_5DEC115475326001.mvfrm
[142/345    0s] MovedFromExtractor Library/Bee/artifacts/mvdfrm/UnityEngine.TextRenderingModule.dll_809CE5AE4C06D657.mvfrm
[143/345    0s] MovedFromExtractor Library/Bee/artifacts/mvdfrm/UnityEngine.UIElementsModule.dll_E205CB22998E8F57.mvfrm
[144/345    0s] MovedFromExtractor Library/Bee/artifacts/mvdfrm/UnityEngine.UIModule.dll_A16FF60FC80F92D0.mvfrm
[145/345    0s] MovedFromExtractor Library/Bee/artifacts/mvdfrm/UnityEngine.UnityAnalyticsCommonModule.dll_5B9A8C031CF01218.mvfrm
[146/345    0s] MovedFromExtractor Library/Bee/artifacts/mvdfrm/UnityEngine.UnityConnectModule.dll_848147BEFF66D031.mvfrm
[147/345    0s] MovedFromExtractor Library/Bee/artifacts/mvdfrm/UnityEngine.UnityAnalyticsModule.dll_C1C3209684F15FFD.mvfrm
[148/345    0s] MovedFromExtractor Library/Bee/artifacts/mvdfrm/UnityEngine.UnityTestProtocolModule.dll_B7472E8007A1A577.mvfrm
[149/345    0s] MovedFromExtractor Library/Bee/artifacts/mvdfrm/UnityEngine.UnityCurlModule.dll_5401A0C593B84C89.mvfrm
[150/345    0s] MovedFromExtractor Library/Bee/artifacts/mvdfrm/UnityEngine.UnityWebRequestAudioModule.dll_3858229D89723E52.mvfrm
[151/345    0s] MovedFromExtractor Library/Bee/artifacts/mvdfrm/UnityEngine.UnityWebRequestAssetBundleModule.dll_12E4E1557659B88E.mvfrm
[152/345    0s] MovedFromExtractor Library/Bee/artifacts/mvdfrm/UnityEngine.UnityWebRequestWWWModule.dll_46EFCF4B2CDD14A3.mvfrm
[153/345    0s] MovedFromExtractor Library/Bee/artifacts/mvdfrm/UnityEngine.UnityWebRequestModule.dll_D4EBE858174CFDE8.mvfrm
[154/345    0s] MovedFromExtractor Library/Bee/artifacts/mvdfrm/UnityEngine.UnityWebRequestTextureModule.dll_06B1172CDF51B267.mvfrm
[155/345    0s] MovedFromExtractor Library/Bee/artifacts/mvdfrm/UnityEngine.VehiclesModule.dll_1F71D956B98CE873.mvfrm
[156/345    0s] WriteText Library/Bee/artifacts/StandaloneOSX_CodeGen/UnityEditor.TestRunner.UnityAdditionalFile.txt
[157/345    0s] WriteText Library/Bee/artifacts/StandaloneOSX_CodeGen/UnityEditor.TestRunner.rsp2
[161/345    0s] WriteText Library/Bee/artifacts/StandaloneOSX_CodeGen/UnityEngine.UI.dll.mvfrm.rsp
[162/345    0s] WriteText Library/Bee/artifacts/200b0aP.dag/UnityEngine.UI.dll.mvfrm.rsp
[163/345    0s] MovedFromExtractor Library/Bee/artifacts/mvdfrm/UnityEngine.VFXModule.dll_847107BDF23C77A0.mvfrm
[164/345    0s] WriteText Library/Bee/artifacts/StandaloneOSX_CodeGen/UnityEditor.TestRunner.dll.mvfrm.rsp
[165/345    0s] WriteText Library/Bee/artifacts/StandaloneOSX_CodeGen/UnityEngine.UI.rsp
[166/345    0s] WriteText Library/Bee/artifacts/200b0aP.dag/UnityEngine.UI.rsp
[167/345    0s] WriteText Library/Bee/artifacts/StandaloneOSX_CodeGen/UnityEditor.TestRunner.rsp
[168/345    0s] WriteText Library/Bee/artifacts/StandaloneOSX_CodeGen/UnityEditor.UI.rsp2
[169/345    0s] WriteText Library/Bee/artifacts/StandaloneOSX_CodeGen/UnityEditor.UI.UnityAdditionalFile.txt
[170/345    0s] WriteText Library/Bee/artifacts/StandaloneOSX_CodeGen/UnityEditor.UI.dll.mvfrm.rsp
[171/345    0s] WriteText Library/Bee/artifacts/StandaloneOSX_CodeGen/UnityEditor.UI.rsp
[172/345    0s] WriteText Library/Bee/artifacts/StandaloneOSX_CodeGen/Unity.Burst.rsp2
[173/345    0s] WriteText Library/Bee/artifacts/StandaloneOSX_CodeGen/Unity.Burst.UnityAdditionalFile.txt
[174/345    0s] WriteText Library/Bee/artifacts/200b0aP.dag/Unity.Mathematics.rsp2
[175/345    0s] WriteText Library/Bee/artifacts/200b0aP.dag/Unity.Mathematics.UnityAdditionalFile.txt
[176/345    0s] WriteText Library/Bee/artifacts/200b0aP.dag/Unity.Burst.rsp2
[177/345    0s] WriteText Library/Bee/artifacts/200b0aP.dag/Unity.Burst.UnityAdditionalFile.txt
[179/345    0s] WriteText Library/Bee/artifacts/200b0aP.dag/Unity.Mathematics.dll.mvfrm.rsp
[180/345    0s] WriteText Library/Bee/artifacts/200b0aP.dag/Unity.Burst.dll.mvfrm.rsp
[181/345    0s] WriteText Library/Bee/artifacts/200b0aP.dag/Unity.Mathematics.rsp
[182/345    0s] WriteText Library/Bee/artifacts/200b0aP.dag/Unity.Burst.rsp
[183/345    0s] WriteText Library/Bee/artifacts/StandaloneOSX_CodeGen/Unity.Burst.dll.mvfrm.rsp
[184/345    0s] WriteText Library/Bee/artifacts/StandaloneOSX_CodeGen/Unity.Burst.rsp
[185/345    0s] WriteText Library/Bee/artifacts/200b0aP.dag/Unity.Barracuda.rsp2
[186/345    0s] WriteText Library/Bee/artifacts/200b0aP.dag/Unity.Barracuda.UnityAdditionalFile.txt
[187/345    0s] WriteText Library/Bee/artifacts/StandaloneOSX_CodeGen/Unity.Burst.CodeGen.rsp2
[188/345    0s] WriteText Library/Bee/artifacts/StandaloneOSX_CodeGen/Unity.Burst.CodeGen.UnityAdditionalFile.txt
[189/345    0s] WriteText Library/Bee/artifacts/200b0aP.dag/Unity.Barracuda.dll.mvfrm.rsp
[190/345    0s] WriteText Library/Bee/artifacts/200b0aP.dag/Unity.Barracuda.rsp
[196/345    0s] WriteText Library/Bee/artifacts/StandaloneOSX_CodeGen/Unity.Burst.CodeGen.dll.mvfrm.rsp
[197/345    0s] WriteText Library/Bee/artifacts/200b0aP.dag/Unity.ML-Agents.CommunicatorObjects.rsp2
[198/345    0s] WriteText Library/Bee/artifacts/200b0aP.dag/Unity.ML-Agents.CommunicatorObjects.UnityAdditionalFile.txt
[199/345    0s] WriteText Library/Bee/artifacts/StandaloneOSX_CodeGen/Unity.Burst.CodeGen.rsp
[200/345    0s] WriteText Library/Bee/artifacts/200b0aP.dag/Unity.ML-Agents.CommunicatorObjects.dll.mvfrm.rsp
[201/345    0s] WriteText Library/Bee/artifacts/200b0aP.dag/Unity.ML-Agents.CommunicatorObjects.rsp
[202/345    0s] WriteText Library/Bee/artifacts/200b0aP.dag/Unity.Timeline.UnityAdditionalFile.txt
[203/345    0s] WriteText Library/Bee/artifacts/200b0aP.dag/Unity.Timeline.rsp2
[204/345    0s] WriteText Library/Bee/artifacts/200b0aP.dag/Unity.TextMeshPro.rsp2
[205/345    0s] WriteText Library/Bee/artifacts/200b0aP.dag/Unity.TextMeshPro.UnityAdditionalFile.txt
[206/345    0s] WriteText Library/Bee/artifacts/200b0aP.dag/Unity.ML-Agents.rsp2
[207/345    0s] WriteText Library/Bee/artifacts/200b0aP.dag/Unity.Barracuda.ONNX.rsp2
[208/345    0s] WriteText Library/Bee/artifacts/200b0aP.dag/Unity.Barracuda.ONNX.UnityAdditionalFile.txt
[209/345    0s] WriteText Library/Bee/artifacts/200b0aP.dag/Unity.Barracuda.MacBLAS.rsp2
[210/345    0s] WriteText Library/Bee/artifacts/200b0aP.dag/Unity.Barracuda.MacBLAS.UnityAdditionalFile.txt
[211/345    0s] WriteText Library/Bee/artifacts/200b0aP.dag/Unity.Barracuda.BurstBLAS.rsp2
[212/345    0s] WriteText Library/Bee/artifacts/200b0aP.dag/Unity.Barracuda.BurstBLAS.UnityAdditionalFile.txt
[213/345    0s] WriteText Library/Bee/artifacts/200b0aP.dag/Unity.AI.Navigation.rsp2
[214/345    0s] WriteText Library/Bee/artifacts/200b0aP.dag/Unity.AI.Navigation.UnityAdditionalFile.txt
[215/345    0s] WriteText Library/Bee/artifacts/200b0aP.dag/Unity.ML-Agents.UnityAdditionalFile.txt
[216/345    0s] WriteText Library/Bee/artifacts/200b0aP.dag/Unity.Timeline.dll.mvfrm.rsp
[217/345    0s] WriteText Library/Bee/artifacts/200b0aP.dag/Unity.TextMeshPro.dll.mvfrm.rsp
[218/345    0s] WriteText Library/Bee/artifacts/200b0aP.dag/Unity.ML-Agents.dll.mvfrm.rsp
[219/345    0s] WriteText Library/Bee/artifacts/200b0aP.dag/Unity.Barracuda.ONNX.dll.mvfrm.rsp
[220/345    0s] WriteText Library/Bee/artifacts/200b0aP.dag/Unity.Barracuda.MacBLAS.dll.mvfrm.rsp
[221/345    0s] WriteText Library/Bee/artifacts/200b0aP.dag/Unity.Barracuda.BurstBLAS.dll.mvfrm.rsp
[222/345    0s] WriteText Library/Bee/artifacts/200b0aP.dag/Unity.AI.Navigation.dll.mvfrm.rsp
[223/345    0s] WriteText Library/Bee/artifacts/200b0aP.dag/Unity.Timeline.rsp
[224/345    0s] WriteText Library/Bee/artifacts/200b0aP.dag/Unity.ML-Agents.rsp
[225/345    0s] WriteText Library/Bee/artifacts/200b0aP.dag/Unity.Barracuda.ONNX.rsp
[226/345    0s] WriteText Library/Bee/artifacts/200b0aP.dag/Unity.Barracuda.MacBLAS.rsp
[227/345    0s] WriteText Library/Bee/artifacts/200b0aP.dag/Unity.Barracuda.BurstBLAS.rsp
[228/345    0s] WriteText Library/Bee/artifacts/200b0aP.dag/Unity.AI.Navigation.rsp
[229/345    0s] WriteText Library/Bee/artifacts/200b0aP.dag/Unity.TextMeshPro.rsp
[230/345    0s] WriteText Library/Bee/artifacts/200b0aP.dag/Assembly-CSharp.dll.mvfrm.rsp
[231/345    0s] WriteText Library/Bee/artifacts/200b0aP.dag/Assembly-CSharp.UnityAdditionalFile.txt
[232/345    0s] WriteText Library/Bee/artifacts/200b0aP.dag/Assembly-CSharp.rsp2
[233/345    0s] WriteText Library/Bee/artifacts/200b0aP.dag/UnityEngine.TestRunner.dll.mvfrm.rsp
[234/345    0s] WriteText Library/Bee/artifacts/200b0aP.dag/UnityEngine.TestRunner.rsp2
[235/345    0s] WriteText Library/Bee/artifacts/200b0aP.dag/UnityEngine.TestRunner.UnityAdditionalFile.txt
[236/345    0s] WriteText Library/Bee/artifacts/200b0aP.dag/Assembly-CSharp.rsp
[237/345    0s] WriteText Library/Bee/artifacts/200b0aP.dag/UnityEngine.TestRunner.rsp
[238/345    0s] MovedFromExtractor Library/Bee/artifacts/mvdfrm/UnityEngine.VideoModule.dll_0820E9A6AA9DD033.mvfrm
[239/345    0s] MovedFromExtractor Library/Bee/artifacts/mvdfrm/UnityEngine.VirtualTexturingModule.dll_98B917ECB11FF2D9.mvfrm
[240/345    0s] MovedFromExtractorCombine Library/Bee/artifacts/StandaloneOSX_CodeGen/UnityEngine.UI.dll.mvfrm
[241/345    0s] MovedFromExtractor Library/Bee/artifacts/mvdfrm/UnityEngine.WindModule.dll_89FD69A40A49A264.mvfrm
[242/345    0s] MovedFromExtractor Library/Bee/artifacts/mvdfrm/UnityEngine.AnimationModule.dll_20E4FF9423A45A9C.mvfrm
[243/345    0s] MovedFromExtractor Library/Bee/artifacts/mvdfrm/UnityEngine.XRModule.dll_2700DF99F30465A6.mvfrm
[244/345    0s] MovedFromExtractor Library/Bee/artifacts/mvdfrm/UnityEngine.AccessibilityModule.dll_DD5E3CE28127C976.mvfrm
[245/345    0s] MovedFromExtractor Library/Bee/artifacts/mvdfrm/UnityEngine.VRModule.dll_F4421C9569CA1848.mvfrm
[246/345    0s] MovedFromExtractorCombine Library/Bee/artifacts/200b0aP.dag/UnityEngine.UI.dll.mvfrm
[247/345    0s] MovedFromExtractorCombine Library/Bee/artifacts/200b0aP.dag/UnityEngine.TestRunner.dll.mvfrm
[248/345    1s] Csc Library/Bee/artifacts/StandaloneOSX_CodeGen/UnityEngine.TestRunner.dll (+2 others)
[           0s] Csc Library/Bee/artifacts/StandaloneOSX_CodeGen/UnityEngine.TestRunner.dll (+2 others) [CacheWrite 00000000000000000000000000000003]
[249/345    0s] MovedFromExtractor Library/Bee/artifacts/mvdfrm/UnityEngine.TestRunner.ref.dll_771D14745F3FB3EF.mvfrm
[250/345    0s] MovedFromExtractorCombine Library/Bee/artifacts/StandaloneOSX_CodeGen/UnityEditor.TestRunner.dll.mvfrm
[251/345    1s] Csc Library/Bee/artifacts/200b0aP.dag/UnityEngine.TestRunner.dll (+2 others)
[           0s] Csc Library/Bee/artifacts/200b0aP.dag/UnityEngine.TestRunner.dll (+2 others) [CacheWrite 00000000000000000000000000000003]
[252/345    0s] CopyFiles Library/Bee/PlayerScriptAssemblies/UnityEngine.TestRunner.dll
[253/345    0s] CopyFiles Library/Bee/PlayerScriptAssemblies/UnityEngine.TestRunner.pdb
[254/345    0s] Csc Library/Bee/artifacts/StandaloneOSX_CodeGen/UnityEditor.TestRunner.dll (+2 others)
[           0s] Csc Library/Bee/artifacts/StandaloneOSX_CodeGen/UnityEditor.TestRunner.dll (+2 others) [CacheWrite 00000000000000000000000000000003]
[255/345    1s] Csc Library/Bee/artifacts/StandaloneOSX_CodeGen/UnityEngine.UI.dll (+2 others)
[           0s] Csc Library/Bee/artifacts/StandaloneOSX_CodeGen/UnityEngine.UI.dll (+2 others) [CacheWrite 00000000000000000000000000000003]
[256/345    1s] Csc Library/Bee/artifacts/200b0aP.dag/UnityEngine.UI.dll (+2 others)
[           0s] Csc Library/Bee/artifacts/200b0aP.dag/UnityEngine.UI.dll (+2 others) [CacheWrite 00000000000000000000000000000003]
[257/345    0s] MovedFromExtractor Library/Bee/artifacts/mvdfrm/UnityEditor.TestRunner.ref.dll_AAFEC9C6337C5604.mvfrm
[258/345    0s] MovedFromExtractor Library/Bee/artifacts/mvdfrm/UnityEngine.UI.ref.dll_0771E566A910AB31.mvfrm
[259/345    0s] MovedFromExtractor Library/Bee/artifacts/mvdfrm/UnityEngine.UI.ref.dll_6B5C9FE847018E19.mvfrm
[260/345    0s] MovedFromExtractorCombine Library/Bee/artifacts/StandaloneOSX_CodeGen/UnityEditor.UI.dll.mvfrm
[261/345    0s] MovedFromExtractorCombine Library/Bee/artifacts/200b0aP.dag/Unity.TextMeshPro.dll.mvfrm
[262/345    0s] MovedFromExtractorCombine Library/Bee/artifacts/200b0aP.dag/Unity.Timeline.dll.mvfrm
[263/345    0s] MovedFromExtractorCombine Library/Bee/artifacts/200b0aP.dag/Unity.AI.Navigation.dll.mvfrm
[264/345    0s] MovedFromExtractorCombine Library/Bee/artifacts/200b0aP.dag/Unity.Burst.dll.mvfrm
[265/345    0s] MovedFromExtractorCombine Library/Bee/artifacts/200b0aP.dag/Unity.ML-Agents.CommunicatorObjects.dll.mvfrm
[266/345    0s] MovedFromExtractorCombine Library/Bee/artifacts/200b0aP.dag/Unity.Mathematics.dll.mvfrm
[267/345    0s] Csc Library/Bee/artifacts/StandaloneOSX_CodeGen/UnityEditor.UI.dll (+2 others)
[           0s] Csc Library/Bee/artifacts/StandaloneOSX_CodeGen/UnityEditor.UI.dll (+2 others) [CacheWrite 00000000000000000000000000000003]
[268/345    0s] MovedFromExtractor Library/Bee/artifacts/mvdfrm/UnityEditor.UI.ref.dll_4B0C0F0BA2EE82C6.mvfrm
[269/345    0s] MovedFromExtractorCombine Library/Bee/artifacts/StandaloneOSX_CodeGen/Unity.Burst.dll.mvfrm
[270/345    0s] Csc Library/Bee/artifacts/200b0aP.dag/Unity.Timeline.dll (+2 others)
[271/345    0s] Csc Library/Bee/artifacts/200b0aP.dag/Unity.ML-Agents.CommunicatorObjects.dll (+2 others)
[           0s] Csc Library/Bee/artifacts/200b0aP.dag/Unity.ML-Agents.CommunicatorObjects.dll (+2 others) [CacheWrite 00000000000000000000000000000003]
[           0s] Csc Library/Bee/artifacts/200b0aP.dag/Unity.Timeline.dll (+2 others) [CacheWrite 00000000000000000000000000000003]
[272/345    1s] Csc Library/Bee/artifacts/200b0aP.dag/Unity.AI.Navigation.dll (+2 others)
[           0s] Csc Library/Bee/artifacts/200b0aP.dag/Unity.AI.Navigation.dll (+2 others) [CacheWrite 00000000000000000000000000000003]
[273/345    0s] MovedFromExtractor Library/Bee/artifacts/mvdfrm/Unity.Timeline.ref.dll_C47AD39001E77048.mvfrm
[274/345    0s] MovedFromExtractor Library/Bee/artifacts/mvdfrm/Unity.ML-Agents.CommunicatorObjects.ref.dll_A0B215DBE700F08C.mvfrm
[275/345    0s] MovedFromExtractor Library/Bee/artifacts/mvdfrm/Unity.AI.Navigation.ref.dll_D7179369284FAE09.mvfrm
[276/345    2s] Csc Library/Bee/artifacts/200b0aP.dag/Unity.TextMeshPro.dll (+2 others)
[           0s] Csc Library/Bee/artifacts/200b0aP.dag/Unity.TextMeshPro.dll (+2 others) [CacheWrite 00000000000000000000000000000003]
[277/345    0s] MovedFromExtractor Library/Bee/artifacts/mvdfrm/Unity.TextMeshPro.ref.dll_16439CD557D572F2.mvfrm
[278/345    2s] Csc Library/Bee/artifacts/200b0aP.dag/Unity.Burst.dll (+2 others)
[           0s] Csc Library/Bee/artifacts/200b0aP.dag/Unity.Burst.dll (+2 others) [CacheWrite 00000000000000000000000000000003]
[279/345    0s] MovedFromExtractor Library/Bee/artifacts/mvdfrm/Unity.Burst.ref.dll_C561F524567146DF.mvfrm
[280/345    1s] Csc Library/Bee/artifacts/StandaloneOSX_CodeGen/Unity.Burst.dll (+2 others)
[           0s] Csc Library/Bee/artifacts/StandaloneOSX_CodeGen/Unity.Burst.dll (+2 others) [CacheWrite 00000000000000000000000000000003]
[281/345    0s] MovedFromExtractor Library/Bee/artifacts/mvdfrm/Unity.Burst.ref.dll_C3FA6F161B3A5247.mvfrm
[282/345    0s] MovedFromExtractorCombine Library/Bee/artifacts/StandaloneOSX_CodeGen/Unity.Burst.CodeGen.dll.mvfrm
[283/345    0s] Csc Library/Bee/artifacts/StandaloneOSX_CodeGen/Unity.Burst.CodeGen.dll (+2 others)
[           0s] Csc Library/Bee/artifacts/StandaloneOSX_CodeGen/Unity.Burst.CodeGen.dll (+2 others) [CacheWrite 00000000000000000000000000000003]
[284/345    0s] ILPP-Configuration Library/ilpp-configuration.nevergeneratedoutput
[285/345    0s] ILPostProcess Library/Bee/artifacts/200b0aP.dag/post-processed/UnityEngine.UI.dll (+pdb)
Processing assembly Library/Bee/artifacts/200b0aP.dag/UnityEngine.UI.dll, with 111 defines and 194 references
processors: zzzUnity.Burst.CodeGen.BurstILPostProcessor
running zzzUnity.Burst.CodeGen.BurstILPostProcessor
[286/345    0s] ILPostProcess Library/Bee/artifacts/200b0aP.dag/post-processed/Unity.Burst.dll (+pdb)
Processing assembly Library/Bee/artifacts/200b0aP.dag/Unity.Burst.dll, with 106 defines and 191 references
processors: zzzUnity.Burst.CodeGen.BurstILPostProcessor
running zzzUnity.Burst.CodeGen.BurstILPostProcessor
[287/345    0s] ILPostProcess Library/Bee/artifacts/200b0aP.dag/post-processed/Unity.AI.Navigation.dll (+pdb)
Processing assembly Library/Bee/artifacts/200b0aP.dag/Unity.AI.Navigation.dll, with 107 defines and 195 references
processors: zzzUnity.Burst.CodeGen.BurstILPostProcessor
running zzzUnity.Burst.CodeGen.BurstILPostProcessor
[288/345    0s] ILPostProcess Library/Bee/artifacts/200b0aP.dag/post-processed/Unity.ML-Agents.CommunicatorObjects.dll (+pdb)
Processing assembly Library/Bee/artifacts/200b0aP.dag/Unity.ML-Agents.CommunicatorObjects.dll, with 106 defines and 195 references
processors: zzzUnity.Burst.CodeGen.BurstILPostProcessor
running zzzUnity.Burst.CodeGen.BurstILPostProcessor
[289/345    0s] ILPostProcess Library/Bee/artifacts/200b0aP.dag/post-processed/Unity.Timeline.dll (+pdb)
Processing assembly Library/Bee/artifacts/200b0aP.dag/Unity.Timeline.dll, with 107 defines and 195 references
processors: zzzUnity.Burst.CodeGen.BurstILPostProcessor
running zzzUnity.Burst.CodeGen.BurstILPostProcessor
[290/345    0s] ILPostProcess Library/Bee/artifacts/200b0aP.dag/post-processed/Unity.TextMeshPro.dll (+pdb)
Processing assembly Library/Bee/artifacts/200b0aP.dag/Unity.TextMeshPro.dll, with 106 defines and 195 references
processors: zzzUnity.Burst.CodeGen.BurstILPostProcessor
running zzzUnity.Burst.CodeGen.BurstILPostProcessor
[291/345    0s] CopyFiles Library/Bee/PlayerScriptAssemblies/UnityEngine.UI.pdb
[292/345    0s] CopyFiles Library/Bee/PlayerScriptAssemblies/UnityEngine.UI.dll
[293/345    0s] CopyFiles Library/Bee/PlayerScriptAssemblies/Unity.Burst.pdb
[294/345    0s] CopyFiles Library/Bee/PlayerScriptAssemblies/Unity.Burst.dll
[295/345    0s] CopyFiles Library/Bee/PlayerScriptAssemblies/Unity.AI.Navigation.dll
[296/345    0s] CopyFiles Library/Bee/PlayerScriptAssemblies/Unity.AI.Navigation.pdb
[297/345    0s] CopyFiles Library/Bee/PlayerScriptAssemblies/Unity.Timeline.pdb
[298/345    0s] CopyFiles Library/Bee/PlayerScriptAssemblies/Unity.ML-Agents.CommunicatorObjects.dll
[299/345    0s] CopyFiles Library/Bee/PlayerScriptAssemblies/Unity.ML-Agents.CommunicatorObjects.pdb
[300/345    0s] CopyFiles Library/Bee/PlayerScriptAssemblies/Unity.TextMeshPro.pdb
[301/345    0s] CopyFiles Library/Bee/PlayerScriptAssemblies/Unity.TextMeshPro.dll
[302/345    0s] CopyFiles Library/Bee/PlayerScriptAssemblies/Unity.Timeline.dll
[303/345    3s] Csc Library/Bee/artifacts/200b0aP.dag/Unity.Mathematics.dll (+2 others)
[           0s] Csc Library/Bee/artifacts/200b0aP.dag/Unity.Mathematics.dll (+2 others) [CacheWrite 00000000000000000000000000000003]
[304/345    0s] MovedFromExtractor Library/Bee/artifacts/mvdfrm/Unity.Mathematics.ref.dll_7A8F4EB327600765.mvfrm
[305/345    0s] ILPostProcess Library/Bee/artifacts/200b0aP.dag/post-processed/Unity.Mathematics.dll (+pdb)
Processing assembly Library/Bee/artifacts/200b0aP.dag/Unity.Mathematics.dll, with 106 defines and 195 references
processors: zzzUnity.Burst.CodeGen.BurstILPostProcessor
running zzzUnity.Burst.CodeGen.BurstILPostProcessor
[306/345    0s] CopyFiles Library/Bee/PlayerScriptAssemblies/Unity.Mathematics.dll
[307/345    0s] CopyFiles Library/Bee/PlayerScriptAssemblies/Unity.Mathematics.pdb
[308/345    0s] MovedFromExtractorCombine Library/Bee/artifacts/200b0aP.dag/Unity.Barracuda.dll.mvfrm
[309/345    1s] Csc Library/Bee/artifacts/200b0aP.dag/Unity.Barracuda.dll (+2 others)
[           0s] Csc Library/Bee/artifacts/200b0aP.dag/Unity.Barracuda.dll (+2 others) [CacheWrite 00000000000000000000000000000003]
[310/345    0s] MovedFromExtractor Library/Bee/artifacts/mvdfrm/Unity.Barracuda.ref.dll_8F7E1EC45816EFB0.mvfrm
[311/345    0s] MovedFromExtractorCombine Library/Bee/artifacts/200b0aP.dag/Unity.Barracuda.ONNX.dll.mvfrm
[312/345    0s] MovedFromExtractorCombine Library/Bee/artifacts/200b0aP.dag/Unity.Barracuda.BurstBLAS.dll.mvfrm
[313/345    0s] MovedFromExtractorCombine Library/Bee/artifacts/200b0aP.dag/Unity.Barracuda.MacBLAS.dll.mvfrm
[314/345    0s] MovedFromExtractorCombine Library/Bee/artifacts/200b0aP.dag/Unity.ML-Agents.dll.mvfrm
[315/345    0s] Csc Library/Bee/artifacts/200b0aP.dag/Unity.Barracuda.MacBLAS.dll (+2 others)
[316/345    0s] ILPostProcess Library/Bee/artifacts/200b0aP.dag/post-processed/Unity.Barracuda.dll (+pdb)
Processing assembly Library/Bee/artifacts/200b0aP.dag/Unity.Barracuda.dll, with 106 defines and 197 references
processors: zzzUnity.Burst.CodeGen.BurstILPostProcessor
running zzzUnity.Burst.CodeGen.BurstILPostProcessor
[           0s] Csc Library/Bee/artifacts/200b0aP.dag/Unity.Barracuda.MacBLAS.dll (+2 others) [CacheWrite 00000000000000000000000000000003]
[317/345    0s] CopyFiles Library/Bee/PlayerScriptAssemblies/Unity.Barracuda.pdb
[318/345    0s] CopyFiles Library/Bee/PlayerScriptAssemblies/Unity.Barracuda.dll
[319/345    0s] Csc Library/Bee/artifacts/200b0aP.dag/Unity.Barracuda.BurstBLAS.dll (+2 others)
[320/345    0s] Csc Library/Bee/artifacts/200b0aP.dag/Unity.ML-Agents.dll (+2 others)
[           0s] Csc Library/Bee/artifacts/200b0aP.dag/Unity.ML-Agents.dll (+2 others) [CacheWrite 00000000000000000000000000000003]
[           0s] Csc Library/Bee/artifacts/200b0aP.dag/Unity.Barracuda.BurstBLAS.dll (+2 others) [CacheWrite 00000000000000000000000000000003]
[321/345    0s] MovedFromExtractor Library/Bee/artifacts/mvdfrm/Unity.Barracuda.MacBLAS.ref.dll_D4D857E9C75E1BCD.mvfrm
[322/345    0s] ILPostProcess Library/Bee/artifacts/200b0aP.dag/post-processed/Unity.Barracuda.MacBLAS.dll (+pdb)
Processing assembly Library/Bee/artifacts/200b0aP.dag/Unity.Barracuda.MacBLAS.dll, with 106 defines and 196 references
processors: zzzUnity.Burst.CodeGen.BurstILPostProcessor
running zzzUnity.Burst.CodeGen.BurstILPostProcessor
[323/345    0s] CopyFiles Library/Bee/PlayerScriptAssemblies/Unity.Barracuda.MacBLAS.dll
[324/345    0s] CopyFiles Library/Bee/PlayerScriptAssemblies/Unity.Barracuda.MacBLAS.pdb
[325/345    0s] MovedFromExtractor Library/Bee/artifacts/mvdfrm/Unity.ML-Agents.ref.dll_BD8D7CBF409059FB.mvfrm
[326/345    0s] MovedFromExtractor Library/Bee/artifacts/mvdfrm/Unity.Barracuda.BurstBLAS.ref.dll_9CE2BAD8B491740E.mvfrm
[327/345    0s] ILPostProcess Library/Bee/artifacts/200b0aP.dag/post-processed/Unity.ML-Agents.dll (+pdb)
Processing assembly Library/Bee/artifacts/200b0aP.dag/Unity.ML-Agents.dll, with 109 defines and 198 references
processors: zzzUnity.Burst.CodeGen.BurstILPostProcessor
running zzzUnity.Burst.CodeGen.BurstILPostProcessor
[328/345    0s] CopyFiles Library/Bee/PlayerScriptAssemblies/Unity.ML-Agents.pdb
[329/345    0s] CopyFiles Library/Bee/PlayerScriptAssemblies/Unity.ML-Agents.dll
[330/345    0s] ILPostProcess Library/Bee/artifacts/200b0aP.dag/post-processed/Unity.Barracuda.BurstBLAS.dll (+pdb)
Processing assembly Library/Bee/artifacts/200b0aP.dag/Unity.Barracuda.BurstBLAS.dll, with 106 defines and 197 references
processors: zzzUnity.Burst.CodeGen.BurstILPostProcessor
running zzzUnity.Burst.CodeGen.BurstILPostProcessor
[331/345    0s] CopyFiles Library/Bee/PlayerScriptAssemblies/Unity.Barracuda.BurstBLAS.pdb
[332/345    0s] CopyFiles Library/Bee/PlayerScriptAssemblies/Unity.Barracuda.BurstBLAS.dll
[333/345    0s] Csc Library/Bee/artifacts/200b0aP.dag/Unity.Barracuda.ONNX.dll (+2 others)
[           0s] Csc Library/Bee/artifacts/200b0aP.dag/Unity.Barracuda.ONNX.dll (+2 others) [CacheWrite 00000000000000000000000000000003]
[334/345    0s] MovedFromExtractor Library/Bee/artifacts/mvdfrm/Unity.Barracuda.ONNX.ref.dll_1108B8C96B2741FD.mvfrm
[335/345    0s] ILPostProcess Library/Bee/artifacts/200b0aP.dag/post-processed/Unity.Barracuda.ONNX.dll (+pdb)
Processing assembly Library/Bee/artifacts/200b0aP.dag/Unity.Barracuda.ONNX.dll, with 106 defines and 196 references
processors: zzzUnity.Burst.CodeGen.BurstILPostProcessor
running zzzUnity.Burst.CodeGen.BurstILPostProcessor
[336/345    0s] CopyFiles Library/Bee/PlayerScriptAssemblies/Unity.Barracuda.ONNX.pdb
[337/345    0s] CopyFiles Library/Bee/PlayerScriptAssemblies/Unity.Barracuda.ONNX.dll
[338/345    0s] MovedFromExtractorCombine Library/Bee/artifacts/200b0aP.dag/Assembly-CSharp.dll.mvfrm
[339/345    0s] Csc Library/Bee/artifacts/200b0aP.dag/Assembly-CSharp.dll (+2 others)
[340/345    0s] ILPostProcess Library/Bee/artifacts/200b0aP.dag/post-processed/Assembly-CSharp.dll (+pdb)
Processing assembly Library/Bee/artifacts/200b0aP.dag/Assembly-CSharp.dll, with 106 defines and 206 references
processors: zzzUnity.Burst.CodeGen.BurstILPostProcessor
running zzzUnity.Burst.CodeGen.BurstILPostProcessor
[341/345    0s] CopyFiles Library/Bee/PlayerScriptAssemblies/Assembly-CSharp.dll
[342/345    0s] CopyFiles Library/Bee/PlayerScriptAssemblies/Assembly-CSharp.pdb
[344/345    0s] BuildPlayerDataGenerator Library/BuildPlayerData/Player/RuntimeInitializeOnLoads.json (+1 other)
*** Tundra build success (9.43 seconds), 247 items updated, 345 evaluated
Total cache size 33928928
Total cache size after purge 33928928
2026-08-11 10:56:07.303 Unity[84701:12925962] NSEventModifierFlagFunction specified to -setKeyEquivalentModifierMask: for item <NSMenuItem: 0x332c924b0 Font Asset, ke='Command-F12'>, but is only supported for system-provided menu items; will not be used
Asset Pipeline Refresh (id=362485921660f40329b50a1688964a81): Total: 0.180 seconds - Initiated by RefreshV2(NoUpdateAssetOptions)
Opening scene 'Assets/Scenes/Training_arena.unity'
Unloading 3 Unused Serialized files (Serialized files now loaded: 0)
Loaded scene 'Assets/Scenes/Training_arena.unity'
	Deserialize:            13.614 ms
	Integration:            440.110 ms
	Integration of assets:  0.023 ms
	Thread Wait Time:       0.000 ms
	Total Operation Time:   453.747 ms
Unloading 50 unused Assets / (0.5 MB). Loaded Objects now: 3042.
Memory consumption went from 140.0 MB to 139.4 MB.
Total: 8.950333 ms (FindLiveObjects: 0.145500 ms CreateObjectMapping: 0.030208 ms MarkObjects: 8.420417 ms  DeleteObjects: 0.353084 ms)

Created GICache directory at /Users/enricoangelico/Library/Caches/com.unity3d.UnityEditor/GiCache. Took: 0.002s, timestamps: [19.825 - 19.828]
gi::BakeBackendSwitch: switching bake backend from 3 to 2.
[00:00:00] Builtin Sky manager started.
[00:00:00] Finished 1 Bake Ambient Probe job (0.00s execute, 0.00s integrate, 0.01s wallclock)
[00:00:00] Finished 1 Bake Ambient Probe job (0.00s execute, 0.00s integrate, 0.01s wallclock)
Compiling mesh data optimization processing for "Standard" pass "FORWARD":
    Cached mesh channel usage data found for 0 variants. 8 variants require compilation to get this data.
    Processed in 0.00 seconds
    starting compilation...
Launching external process: /Applications/Unity/Hub/Editor/2022.3.23f1/Unity.app/Contents/Tools/UnityShaderCompiler
Launched and connected shader compiler UnityShaderCompiler after 0.03 seconds
Launching external process: /Applications/Unity/Hub/Editor/2022.3.23f1/Unity.app/Contents/Tools/UnityShaderCompiler
Launched and connected shader compiler UnityShaderCompiler after 0.04 seconds
Launching external process: /Applications/Unity/Hub/Editor/2022.3.23f1/Unity.app/Contents/Tools/UnityShaderCompiler
Launched and connected shader compiler UnityShaderCompiler after 0.04 seconds
Launching external process: /Applications/Unity/Hub/Editor/2022.3.23f1/Unity.app/Contents/Tools/UnityShaderCompiler
Launched and connected shader compiler UnityShaderCompiler after 0.04 seconds
Launching external process: /Applications/Unity/Hub/Editor/2022.3.23f1/Unity.app/Contents/Tools/UnityShaderCompiler
Launched and connected shader compiler UnityShaderCompiler after 0.04 seconds
Launching external process: /Applications/Unity/Hub/Editor/2022.3.23f1/Unity.app/Contents/Tools/UnityShaderCompiler
Launched and connected shader compiler UnityShaderCompiler after 0.03 seconds
    finished in 0.30 seconds. Local cache hits 2 (0.00s CPU time), remote cache hits 0 (0.00s CPU time), compiled 6 variants (1.12s CPU time), skipped 0 variants
Compiling mesh data optimization processing for "Standard" pass "FORWARD_DELTA":
    Cached mesh channel usage data found for 13 variants. 13 variants require compilation to get this data.
    Processed in 0.00 seconds
    starting compilation...
Launching external process: /Applications/Unity/Hub/Editor/2022.3.23f1/Unity.app/Contents/Tools/UnityShaderCompiler
Launched and connected shader compiler UnityShaderCompiler after 0.04 seconds
Launching external process: /Applications/Unity/Hub/Editor/2022.3.23f1/Unity.app/Contents/Tools/UnityShaderCompiler
Launched and connected shader compiler UnityShaderCompiler after 0.04 seconds
Launching external process: /Applications/Unity/Hub/Editor/2022.3.23f1/Unity.app/Contents/Tools/UnityShaderCompiler
Launched and connected shader compiler UnityShaderCompiler after 0.04 seconds
    finished in 0.18 seconds. Local cache hits 1 (0.00s CPU time), remote cache hits 0 (0.00s CPU time), compiled 12 variants (0.72s CPU time), skipped 0 variants
Compiling mesh data optimization processing for "Standard" pass "ShadowCaster":
    Cached mesh channel usage data found for 2 variants. 2 variants require compilation to get this data.
    Processed in 0.00 seconds
    starting compilation...
    finished in 0.02 seconds. Local cache hits 1 (0.00s CPU time), remote cache hits 0 (0.00s CPU time), compiled 1 variants (0.02s CPU time), skipped 0 variants
Compiling mesh data optimization processing for "Standard" pass "DEFERRED":
    Cached mesh channel usage data found for 4 variants. 4 variants require compilation to get this data.
    Processed in 0.00 seconds
    starting compilation...
    finished in 0.03 seconds. Local cache hits 0 (0.00s CPU time), remote cache hits 0 (0.00s CPU time), compiled 4 variants (0.10s CPU time), skipped 0 variants
Compiling mesh data optimization processing for "Standard" pass "META":
    Cached mesh channel usage data found for 1 variants. 1 variants require compilation to get this data.
    Processed in 0.00 seconds
    starting compilation...
    finished in 0.02 seconds. Local cache hits 0 (0.00s CPU time), remote cache hits 0 (0.00s CPU time), compiled 1 variants (0.02s CPU time), skipped 0 variants
Compiling mesh data optimization processing for "Standard" pass "FORWARD":
    Cached mesh channel usage data found for 8 variants. 8 variants require compilation to get this data.
    Processed in 0.00 seconds
    starting compilation...
    finished in 0.04 seconds. Local cache hits 0 (0.00s CPU time), remote cache hits 0 (0.00s CPU time), compiled 8 variants (0.26s CPU time), skipped 0 variants
Compiling mesh data optimization processing for "Standard" pass "FORWARD_DELTA":
    Cached mesh channel usage data found for 10 variants. 10 variants require compilation to get this data.
    Processed in 0.00 seconds
    starting compilation...
    finished in 0.05 seconds. Local cache hits 0 (0.00s CPU time), remote cache hits 0 (0.00s CPU time), compiled 10 variants (0.41s CPU time), skipped 0 variants
Compiling mesh data optimization processing for "Standard" pass "ShadowCaster":
    Cached mesh channel usage data found for 2 variants. 2 variants require compilation to get this data.
    Processed in 0.00 seconds
    starting compilation...
    finished in 0.02 seconds. Local cache hits 0 (0.00s CPU time), remote cache hits 0 (0.00s CPU time), compiled 2 variants (0.03s CPU time), skipped 0 variants
Compiling mesh data optimization processing for "Standard" pass "META":
    Cached mesh channel usage data found for 1 variants. 1 variants require compilation to get this data.
    Processed in 0.00 seconds
    starting compilation...
    finished in 0.02 seconds. Local cache hits 0 (0.00s CPU time), remote cache hits 0 (0.00s CPU time), compiled 1 variants (0.02s CPU time), skipped 0 variants
Compiling mesh data optimization processing for "Legacy Shaders/VertexLit" pass "":
    Cached mesh channel usage data found for 3 variants. 3 variants require compilation to get this data.
    Processed in 0.00 seconds
    starting compilation...
    finished in 0.04 seconds. Local cache hits 0 (0.00s CPU time), remote cache hits 0 (0.00s CPU time), compiled 3 variants (0.11s CPU time), skipped 0 variants
Compiling mesh data optimization processing for "Legacy Shaders/VertexLit" pass "":
    Cached mesh channel usage data found for 1 variants. 1 variants require compilation to get this data.
    Processed in 0.00 seconds
    starting compilation...
    finished in 0.01 seconds. Local cache hits 0 (0.00s CPU time), remote cache hits 0 (0.00s CPU time), compiled 1 variants (0.01s CPU time), skipped 0 variants
Compiling mesh data optimization processing for "Legacy Shaders/VertexLit" pass "ShadowCaster":
    Cached mesh channel usage data found for 2 variants. 2 variants require compilation to get this data.
    Processed in 0.00 seconds
    starting compilation...
    finished in 0.02 seconds. Local cache hits 0 (0.00s CPU time), remote cache hits 0 (0.00s CPU time), compiled 2 variants (0.03s CPU time), skipped 0 variants


Mono dependencies included in the build
Dependency assembly - Grpc.Core.dll
Dependency assembly - System.Runtime.Serialization.dll
Dependency assembly - Unity.AI.Navigation.dll
Dependency assembly - System.EnterpriseServices.dll
Dependency assembly - System.Security.dll
Dependency assembly - System.ComponentModel.Composition.dll
Dependency assembly - Unity.TextMeshPro.dll
Dependency assembly - Unity.Barracuda.ONNX.dll
Dependency assembly - System.IO.Compression.dll
Dependency assembly - System.Interactive.Async.dll
Dependency assembly - Google.Protobuf.dll
Dependency assembly - Unity.Mathematics.dll
Dependency assembly - System.Data.dll
Dependency assembly - System.Xml.dll
Dependency assembly - netstandard.dll
Dependency assembly - System.Data.DataSetExtensions.dll
Dependency assembly - Assembly-CSharp.dll
Dependency assembly - Unity.Barracuda.dll
Dependency assembly - Mono.Security.dll
Dependency assembly - Unity.Barracuda.BurstBLAS.dll
Dependency assembly - System.IO.Abstractions.TestingHelpers.dll
Dependency assembly - System.Numerics.dll
Dependency assembly - Unity.Burst.dll
Dependency assembly - Unity.Burst.Unsafe.dll
Dependency assembly - System.ServiceModel.Internals.dll
Dependency assembly - Unity.ML-Agents.CommunicatorObjects.dll
Dependency assembly - System.IO.Compression.FileSystem.dll
Dependency assembly - System.Runtime.dll
Dependency assembly - System.dll
Dependency assembly - UnityEngine.UI.dll
Dependency assembly - Unity.ML-Agents.dll
Dependency assembly - System.Net.Http.dll
Dependency assembly - mscorlib.dll
Dependency assembly - System.Core.dll
Dependency assembly - System.Transactions.dll
Dependency assembly - Unity.Timeline.dll
Dependency assembly - System.Xml.Linq.dll
Dependency assembly - System.IO.Abstractions.dll
Dependency assembly - Unity.Barracuda.MacBLAS.dll
Dependency assembly - System.Configuration.dll
Dependency assembly - System.Drawing.dll

Unloading 84 Unused Serialized files (Serialized files now loaded: 0)
Unloading 100 unused Assets / (23.3 MB). Loaded Objects now: 2649.
Memory consumption went from 163.1 MB to 139.8 MB.
Total: 6.089000 ms (FindLiveObjects: 0.082083 ms CreateObjectMapping: 0.026375 ms MarkObjects: 3.582542 ms  DeleteObjects: 2.397375 ms)

[EnlightenBakeManager] m_Clear = false;
Unloading 0 Unused Serialized files (Serialized files now loaded: 0)
Unloading 0 unused Assets / (3.1 MB). Loaded Objects now: 2649.
Memory consumption went from 139.4 MB to 136.3 MB.
Total: 3.147083 ms (FindLiveObjects: 0.094791 ms CreateObjectMapping: 0.027334 ms MarkObjects: 2.897333 ms  DeleteObjects: 0.126875 ms)

Unloading 13 Unused Serialized files (Serialized files now loaded: 0)
Unloading 168 unused Assets / (131.9 MB). Loaded Objects now: 2649.
Memory consumption went from 264.3 MB to 132.4 MB.
Total: 11.542792 ms (FindLiveObjects: 0.066500 ms CreateObjectMapping: 0.024583 ms MarkObjects: 2.729083 ms  DeleteObjects: 8.722250 ms)

Compiling shader "Barracuda/MaxPool2D" pass "" (vp)
    Full variant space:         2
    After settings filtering:   2
    After built-in stripping:   2
    After scriptable stripping: 2
    Processed in 0.00 seconds
    starting compilation...
    finished in 0.02 seconds. Local cache hits 1 (0.00s CPU time), remote cache hits 0 (0.00s CPU time), compiled 1 variants (0.02s CPU time), skipped 0 variants
    Prepared data for serialisation in 0.00s
Compiling shader "Barracuda/MaxPool2D" pass "" (fp)
    Full variant space:         2
    After settings filtering:   2
    After built-in stripping:   2
    After scriptable stripping: 2
    Processed in 0.00 seconds
    starting compilation...
    finished in 0.03 seconds. Local cache hits 1 (0.00s CPU time), remote cache hits 0 (0.00s CPU time), compiled 1 variants (0.03s CPU time), skipped 0 variants
    Prepared data for serialisation in 0.00s
Serialized binary data for shader Barracuda/MaxPool2D in 0.00s
    metal (total internal programs: 4, unique: 4)
Compiling shader "Barracuda/Pad2DSymmetric" pass "" (vp)
    Full variant space:         2
    After settings filtering:   2
    After built-in stripping:   2
    After scriptable stripping: 2
    Processed in 0.00 seconds
    starting compilation...
    finished in 0.01 seconds. Local cache hits 1 (0.00s CPU time), remote cache hits 0 (0.00s CPU time), compiled 1 variants (0.01s CPU time), skipped 0 variants
    Prepared data for serialisation in 0.00s
Compiling shader "Barracuda/Pad2DSymmetric" pass "" (fp)
    Full variant space:         2
    After settings filtering:   2
    After built-in stripping:   2
    After scriptable stripping: 2
    Processed in 0.00 seconds
    starting compilation...
    finished in 0.02 seconds. Local cache hits 1 (0.00s CPU time), remote cache hits 0 (0.00s CPU time), compiled 1 variants (0.02s CPU time), skipped 0 variants
    Prepared data for serialisation in 0.00s
Serialized binary data for shader Barracuda/Pad2DSymmetric in 0.00s
    metal (total internal programs: 4, unique: 4)
Compiling shader "Barracuda/AvgPool2D" pass "" (vp)
    Full variant space:         2
    After settings filtering:   2
    After built-in stripping:   2
    After scriptable stripping: 2
    Processed in 0.00 seconds
    starting compilation...
    finished in 0.01 seconds. Local cache hits 1 (0.00s CPU time), remote cache hits 0 (0.00s CPU time), compiled 1 variants (0.01s CPU time), skipped 0 variants
    Prepared data for serialisation in 0.00s
Compiling shader "Barracuda/AvgPool2D" pass "" (fp)
    Full variant space:         2
    After settings filtering:   2
    After built-in stripping:   2
    After scriptable stripping: 2
    Processed in 0.00 seconds
    starting compilation...
    finished in 0.03 seconds. Local cache hits 1 (0.00s CPU time), remote cache hits 0 (0.00s CPU time), compiled 1 variants (0.03s CPU time), skipped 0 variants
    Prepared data for serialisation in 0.00s
Serialized binary data for shader Barracuda/AvgPool2D in 0.00s
    metal (total internal programs: 4, unique: 4)
Compiling shader "Barracuda/TextureToTensor" pass "" (vp)
    Full variant space:         2
    After settings filtering:   2
    After built-in stripping:   2
    After scriptable stripping: 2
    Processed in 0.00 seconds
    starting compilation...
    finished in 0.01 seconds. Local cache hits 1 (0.00s CPU time), remote cache hits 0 (0.00s CPU time), compiled 1 variants (0.01s CPU time), skipped 0 variants
    Prepared data for serialisation in 0.00s
Compiling shader "Barracuda/TextureToTensor" pass "" (fp)
    Full variant space:         2
    After settings filtering:   2
    After built-in stripping:   2
    After scriptable stripping: 2
    Processed in 0.00 seconds
    starting compilation...
    finished in 0.03 seconds. Local cache hits 1 (0.00s CPU time), remote cache hits 0 (0.00s CPU time), compiled 1 variants (0.03s CPU time), skipped 0 variants
    Prepared data for serialisation in 0.00s
Serialized binary data for shader Barracuda/TextureToTensor in 0.00s
    metal (total internal programs: 4, unique: 4)
Compiling shader "Barracuda/DepthToSpace_CRD" pass "" (vp)
    Full variant space:         2
    After settings filtering:   2
    After built-in stripping:   2
    After scriptable stripping: 2
    Processed in 0.00 seconds
    starting compilation...
    finished in 0.01 seconds. Local cache hits 1 (0.00s CPU time), remote cache hits 0 (0.00s CPU time), compiled 1 variants (0.01s CPU time), skipped 0 variants
    Prepared data for serialisation in 0.00s
Compiling shader "Barracuda/DepthToSpace_CRD" pass "" (fp)
    Full variant space:         2
    After settings filtering:   2
    After built-in stripping:   2
    After scriptable stripping: 2
    Processed in 0.00 seconds
    starting compilation...
    finished in 0.03 seconds. Local cache hits 1 (0.00s CPU time), remote cache hits 0 (0.00s CPU time), compiled 1 variants (0.03s CPU time), skipped 0 variants
    Prepared data for serialisation in 0.00s
Serialized binary data for shader Barracuda/DepthToSpace_CRD in 0.00s
    metal (total internal programs: 4, unique: 4)
Compiling shader "Barracuda/InstanceNorm" pass "" (vp)
    Full variant space:         2
    After settings filtering:   2
    After built-in stripping:   2
    After scriptable stripping: 2
    Processed in 0.00 seconds
    starting compilation...
    finished in 0.01 seconds. Local cache hits 1 (0.00s CPU time), remote cache hits 0 (0.00s CPU time), compiled 1 variants (0.01s CPU time), skipped 0 variants
    Prepared data for serialisation in 0.00s
Compiling shader "Barracuda/InstanceNorm" pass "" (fp)
    Full variant space:         2
    After settings filtering:   2
    After built-in stripping:   2
    After scriptable stripping: 2
    Processed in 0.00 seconds
    starting compilation...
    finished in 0.04 seconds. Local cache hits 1 (0.00s CPU time), remote cache hits 0 (0.00s CPU time), compiled 1 variants (0.04s CPU time), skipped 0 variants
    Prepared data for serialisation in 0.00s
Serialized binary data for shader Barracuda/InstanceNorm in 0.00s
    metal (total internal programs: 4, unique: 4)
Compiling shader "Barracuda/Sigmoid" pass "" (vp)
    Full variant space:         2
    After settings filtering:   2
    After built-in stripping:   2
    After scriptable stripping: 2
    Processed in 0.00 seconds
    starting compilation...
    finished in 0.01 seconds. Local cache hits 1 (0.00s CPU time), remote cache hits 0 (0.00s CPU time), compiled 1 variants (0.01s CPU time), skipped 0 variants
    Prepared data for serialisation in 0.00s
Compiling shader "Barracuda/Sigmoid" pass "" (fp)
    Full variant space:         2
    After settings filtering:   2
    After built-in stripping:   2
    After scriptable stripping: 2
    Processed in 0.00 seconds
    starting compilation...
    finished in 0.02 seconds. Local cache hits 1 (0.00s CPU time), remote cache hits 0 (0.00s CPU time), compiled 1 variants (0.02s CPU time), skipped 0 variants
    Prepared data for serialisation in 0.00s
Serialized binary data for shader Barracuda/Sigmoid in 0.00s
    metal (total internal programs: 4, unique: 4)
Compiling shader "Barracuda/TensorToTexture" pass "" (vp)
    Full variant space:         2
    After settings filtering:   2
    After built-in stripping:   2
    After scriptable stripping: 2
    Processed in 0.00 seconds
    starting compilation...
    finished in 0.01 seconds. Local cache hits 1 (0.00s CPU time), remote cache hits 0 (0.00s CPU time), compiled 1 variants (0.01s CPU time), skipped 0 variants
    Prepared data for serialisation in 0.00s
Compiling shader "Barracuda/TensorToTexture" pass "" (fp)
    Full variant space:         2
    After settings filtering:   2
    After built-in stripping:   2
    After scriptable stripping: 2
    Processed in 0.00 seconds
    starting compilation...
    finished in 0.03 seconds. Local cache hits 1 (0.00s CPU time), remote cache hits 0 (0.00s CPU time), compiled 1 variants (0.03s CPU time), skipped 0 variants
    Prepared data for serialisation in 0.00s
Serialized binary data for shader Barracuda/TensorToTexture in 0.00s
    metal (total internal programs: 4, unique: 4)
Compiling shader "Barracuda/Conv2DTrans" pass "" (vp)
    Full variant space:         2
    After settings filtering:   2
    After built-in stripping:   2
    After scriptable stripping: 2
    Processed in 0.00 seconds
    starting compilation...
    finished in 0.01 seconds. Local cache hits 1 (0.00s CPU time), remote cache hits 0 (0.00s CPU time), compiled 1 variants (0.01s CPU time), skipped 0 variants
    Prepared data for serialisation in 0.00s
Compiling shader "Barracuda/Conv2DTrans" pass "" (fp)
    Full variant space:         2
    After settings filtering:   2
    After built-in stripping:   2
    After scriptable stripping: 2
    Processed in 0.00 seconds
    starting compilation...
    finished in 0.10 seconds. Local cache hits 1 (0.00s CPU time), remote cache hits 0 (0.00s CPU time), compiled 1 variants (0.10s CPU time), skipped 0 variants
    Prepared data for serialisation in 0.00s
Serialized binary data for shader Barracuda/Conv2DTrans in 0.00s
    metal (total internal programs: 4, unique: 4)
Compiling shader "Barracuda/LogSoftmax" pass "" (vp)
    Full variant space:         8
    After settings filtering:   8
    After built-in stripping:   8
    After scriptable stripping: 8
    Processed in 0.00 seconds
    starting compilation...
    finished in 0.01 seconds. Local cache hits 1 (0.00s CPU time), remote cache hits 0 (0.00s CPU time), compiled 7 variants (0.09s CPU time), skipped 0 variants
    Prepared data for serialisation in 0.00s
Compiling shader "Barracuda/LogSoftmax" pass "" (fp)
    Full variant space:         8
    After settings filtering:   8
    After built-in stripping:   8
    After scriptable stripping: 8
    Processed in 0.00 seconds
    starting compilation...
    finished in 0.04 seconds. Local cache hits 1 (0.00s CPU time), remote cache hits 0 (0.00s CPU time), compiled 7 variants (0.27s CPU time), skipped 0 variants
    Prepared data for serialisation in 0.00s
Serialized binary data for shader Barracuda/LogSoftmax in 0.00s
    metal (total internal programs: 16, unique: 16)
Compiling shader "Barracuda/PRelu" pass "" (vp)
    Full variant space:         2
    After settings filtering:   2
    After built-in stripping:   2
    After scriptable stripping: 2
    Processed in 0.00 seconds
    starting compilation...
    finished in 0.01 seconds. Local cache hits 1 (0.00s CPU time), remote cache hits 0 (0.00s CPU time), compiled 1 variants (0.01s CPU time), skipped 0 variants
    Prepared data for serialisation in 0.00s
Compiling shader "Barracuda/PRelu" pass "" (fp)
    Full variant space:         2
    After settings filtering:   2
    After built-in stripping:   2
    After scriptable stripping: 2
    Processed in 0.00 seconds
    starting compilation...
    finished in 0.03 seconds. Local cache hits 1 (0.00s CPU time), remote cache hits 0 (0.00s CPU time), compiled 1 variants (0.03s CPU time), skipped 0 variants
    Prepared data for serialisation in 0.00s
Serialized binary data for shader Barracuda/PRelu in 0.00s
    metal (total internal programs: 4, unique: 4)
Compiling shader "Barracuda/UpsampleBilinear2D" pass "" (vp)
    Full variant space:         2
    After settings filtering:   2
    After built-in stripping:   2
    After scriptable stripping: 2
    Processed in 0.00 seconds
    starting compilation...
    finished in 0.01 seconds. Local cache hits 1 (0.00s CPU time), remote cache hits 0 (0.00s CPU time), compiled 1 variants (0.01s CPU time), skipped 0 variants
    Prepared data for serialisation in 0.00s
Compiling shader "Barracuda/UpsampleBilinear2D" pass "" (fp)
    Full variant space:         2
    After settings filtering:   2
    After built-in stripping:   2
    After scriptable stripping: 2
    Processed in 0.00 seconds
    starting compilation...
    finished in 0.03 seconds. Local cache hits 1 (0.00s CPU time), remote cache hits 0 (0.00s CPU time), compiled 1 variants (0.03s CPU time), skipped 0 variants
    Prepared data for serialisation in 0.00s
Serialized binary data for shader Barracuda/UpsampleBilinear2D in 0.00s
    metal (total internal programs: 4, unique: 4)
Compiling shader "Barracuda/DepthToSpace_DCR" pass "" (vp)
    Full variant space:         2
    After settings filtering:   2
    After built-in stripping:   2
    After scriptable stripping: 2
    Processed in 0.00 seconds
    starting compilation...
    finished in 0.01 seconds. Local cache hits 1 (0.00s CPU time), remote cache hits 0 (0.00s CPU time), compiled 1 variants (0.01s CPU time), skipped 0 variants
    Prepared data for serialisation in 0.00s
Compiling shader "Barracuda/DepthToSpace_DCR" pass "" (fp)
    Full variant space:         2
    After settings filtering:   2
    After built-in stripping:   2
    After scriptable stripping: 2
    Processed in 0.00 seconds
    starting compilation...
    finished in 0.03 seconds. Local cache hits 1 (0.00s CPU time), remote cache hits 0 (0.00s CPU time), compiled 1 variants (0.03s CPU time), skipped 0 variants
    Prepared data for serialisation in 0.00s
Serialized binary data for shader Barracuda/DepthToSpace_DCR in 0.00s
    metal (total internal programs: 4, unique: 4)
Compiling shader "Barracuda/LRN" pass "" (vp)
    Full variant space:         2
    After settings filtering:   2
    After built-in stripping:   2
    After scriptable stripping: 2
    Processed in 0.00 seconds
    starting compilation...
    finished in 0.01 seconds. Local cache hits 1 (0.00s CPU time), remote cache hits 0 (0.00s CPU time), compiled 1 variants (0.01s CPU time), skipped 0 variants
    Prepared data for serialisation in 0.00s
Compiling shader "Barracuda/LRN" pass "" (fp)
    Full variant space:         2
    After settings filtering:   2
    After built-in stripping:   2
    After scriptable stripping: 2
    Processed in 0.00 seconds
    starting compilation...
    finished in 0.05 seconds. Local cache hits 1 (0.00s CPU time), remote cache hits 0 (0.00s CPU time), compiled 1 variants (0.05s CPU time), skipped 0 variants
    Prepared data for serialisation in 0.00s
Serialized binary data for shader Barracuda/LRN in 0.00s
    metal (total internal programs: 4, unique: 4)
Compiling shader "Barracuda/ScatterND" pass "" (vp)
    Full variant space:         6
    After settings filtering:   6
    After built-in stripping:   6
    After scriptable stripping: 6
    Processed in 0.00 seconds
    starting compilation...
    finished in 0.01 seconds. Local cache hits 1 (0.00s CPU time), remote cache hits 0 (0.00s CPU time), compiled 5 variants (0.07s CPU time), skipped 0 variants
    Prepared data for serialisation in 0.00s
Compiling shader "Barracuda/ScatterND" pass "" (fp)
    Full variant space:         6
    After settings filtering:   6
    After built-in stripping:   6
    After scriptable stripping: 6
    Processed in 0.00 seconds
    starting compilation...
    finished in 0.05 seconds. Local cache hits 1 (0.00s CPU time), remote cache hits 0 (0.00s CPU time), compiled 5 variants (0.23s CPU time), skipped 0 variants
    Prepared data for serialisation in 0.00s
Serialized binary data for shader Barracuda/ScatterND in 0.00s
    metal (total internal programs: 12, unique: 12)
Compiling shader "Barracuda/Transpose" pass "" (vp)
    Full variant space:         2
    After settings filtering:   2
    After built-in stripping:   2
    After scriptable stripping: 2
    Processed in 0.00 seconds
    starting compilation...
    finished in 0.01 seconds. Local cache hits 1 (0.00s CPU time), remote cache hits 0 (0.00s CPU time), compiled 1 variants (0.01s CPU time), skipped 0 variants
    Prepared data for serialisation in 0.00s
Compiling shader "Barracuda/Transpose" pass "" (fp)
    Full variant space:         2
    After settings filtering:   2
    After built-in stripping:   2
    After scriptable stripping: 2
    Processed in 0.00 seconds
    starting compilation...
    finished in 0.03 seconds. Local cache hits 1 (0.00s CPU time), remote cache hits 0 (0.00s CPU time), compiled 1 variants (0.03s CPU time), skipped 0 variants
    Prepared data for serialisation in 0.00s
Serialized binary data for shader Barracuda/Transpose in 0.00s
    metal (total internal programs: 4, unique: 4)
Compiling shader "Barracuda/Reduce" pass "" (vp)
    Full variant space:         56
    After settings filtering:   56
    After built-in stripping:   56
    After scriptable stripping: 56
    Processed in 0.00 seconds
    starting compilation...
    finished in 0.10 seconds. Local cache hits 1 (0.00s CPU time), remote cache hits 0 (0.00s CPU time), compiled 55 variants (0.94s CPU time), skipped 0 variants
    Prepared data for serialisation in 0.00s
Compiling shader "Barracuda/Reduce" pass "" (fp)
    Full variant space:         56
    After settings filtering:   56
    After built-in stripping:   56
    After scriptable stripping: 56
    Processed in 0.00 seconds
    starting compilation...
    finished in 0.23 seconds. Local cache hits 1 (0.00s CPU time), remote cache hits 0 (0.00s CPU time), compiled 55 variants (2.24s CPU time), skipped 0 variants
    Prepared data for serialisation in 0.00s
Serialized binary data for shader Barracuda/Reduce in 0.00s
    metal (total internal programs: 112, unique: 112)
Compiling shader "Barracuda/Dense" pass "" (vp)
    Full variant space:         2
    After settings filtering:   2
    After built-in stripping:   2
    After scriptable stripping: 2
    Processed in 0.00 seconds
    starting compilation...
    finished in 0.01 seconds. Local cache hits 1 (0.00s CPU time), remote cache hits 0 (0.00s CPU time), compiled 1 variants (0.01s CPU time), skipped 0 variants
    Prepared data for serialisation in 0.00s
Compiling shader "Barracuda/Dense" pass "" (fp)
    Full variant space:         2
    After settings filtering:   2
    After built-in stripping:   2
    After scriptable stripping: 2
    Processed in 0.00 seconds
    starting compilation...
    finished in 0.04 seconds. Local cache hits 1 (0.00s CPU time), remote cache hits 0 (0.00s CPU time), compiled 1 variants (0.04s CPU time), skipped 0 variants
    Prepared data for serialisation in 0.00s
Serialized binary data for shader Barracuda/Dense in 0.00s
    metal (total internal programs: 4, unique: 4)
Compiling shader "Barracuda/Upsample2D" pass "" (vp)
    Full variant space:         2
    After settings filtering:   2
    After built-in stripping:   2
    After scriptable stripping: 2
    Processed in 0.00 seconds
    starting compilation...
    finished in 0.01 seconds. Local cache hits 1 (0.00s CPU time), remote cache hits 0 (0.00s CPU time), compiled 1 variants (0.01s CPU time), skipped 0 variants
    Prepared data for serialisation in 0.00s
Compiling shader "Barracuda/Upsample2D" pass "" (fp)
    Full variant space:         2
    After settings filtering:   2
    After built-in stripping:   2
    After scriptable stripping: 2
    Processed in 0.00 seconds
    starting compilation...
    finished in 0.02 seconds. Local cache hits 1 (0.00s CPU time), remote cache hits 0 (0.00s CPU time), compiled 1 variants (0.02s CPU time), skipped 0 variants
    Prepared data for serialisation in 0.00s
Serialized binary data for shader Barracuda/Upsample2D in 0.00s
    metal (total internal programs: 4, unique: 4)
Compiling shader "Barracuda/OneHot" pass "" (vp)
    Full variant space:         6
    After settings filtering:   6
    After built-in stripping:   6
    After scriptable stripping: 6
    Processed in 0.00 seconds
    starting compilation...
    finished in 0.01 seconds. Local cache hits 1 (0.00s CPU time), remote cache hits 0 (0.00s CPU time), compiled 5 variants (0.06s CPU time), skipped 0 variants
    Prepared data for serialisation in 0.00s
Compiling shader "Barracuda/OneHot" pass "" (fp)
    Full variant space:         6
    After settings filtering:   6
    After built-in stripping:   6
    After scriptable stripping: 6
    Processed in 0.00 seconds
    starting compilation...
    finished in 0.02 seconds. Local cache hits 1 (0.00s CPU time), remote cache hits 0 (0.00s CPU time), compiled 5 variants (0.10s CPU time), skipped 0 variants
    Prepared data for serialisation in 0.00s
Serialized binary data for shader Barracuda/OneHot in 0.00s
    metal (total internal programs: 12, unique: 12)
Compiling shader "Barracuda/GlobalAvgVariancePool2D" pass "" (vp)
    Full variant space:         2
    After settings filtering:   2
    After built-in stripping:   2
    After scriptable stripping: 2
    Processed in 0.00 seconds
    starting compilation...
    finished in 0.01 seconds. Local cache hits 1 (0.00s CPU time), remote cache hits 0 (0.00s CPU time), compiled 1 variants (0.01s CPU time), skipped 0 variants
    Prepared data for serialisation in 0.00s
Compiling shader "Barracuda/GlobalAvgVariancePool2D" pass "" (fp)
    Full variant space:         2
    After settings filtering:   2
    After built-in stripping:   2
    After scriptable stripping: 2
    Processed in 0.00 seconds
    starting compilation...
    finished in 0.02 seconds. Local cache hits 1 (0.00s CPU time), remote cache hits 0 (0.00s CPU time), compiled 1 variants (0.02s CPU time), skipped 0 variants
    Prepared data for serialisation in 0.00s
Serialized binary data for shader Barracuda/GlobalAvgVariancePool2D in 0.00s
    metal (total internal programs: 4, unique: 4)
Compiling shader "Barracuda/Tile" pass "" (vp)
    Full variant space:         2
    After settings filtering:   2
    After built-in stripping:   2
    After scriptable stripping: 2
    Processed in 0.00 seconds
    starting compilation...
    finished in 0.01 seconds. Local cache hits 1 (0.00s CPU time), remote cache hits 0 (0.00s CPU time), compiled 1 variants (0.01s CPU time), skipped 0 variants
    Prepared data for serialisation in 0.00s
Compiling shader "Barracuda/Tile" pass "" (fp)
    Full variant space:         2
    After settings filtering:   2
    After built-in stripping:   2
    After scriptable stripping: 2
    Processed in 0.00 seconds
    starting compilation...
    finished in 0.02 seconds. Local cache hits 1 (0.00s CPU time), remote cache hits 0 (0.00s CPU time), compiled 1 variants (0.02s CPU time), skipped 0 variants
    Prepared data for serialisation in 0.00s
Serialized binary data for shader Barracuda/Tile in 0.00s
    metal (total internal programs: 4, unique: 4)
Compiling shader "Barracuda/Softmax" pass "" (vp)
    Full variant space:         8
    After settings filtering:   8
    After built-in stripping:   8
    After scriptable stripping: 8
    Processed in 0.00 seconds
    starting compilation...
    finished in 0.02 seconds. Local cache hits 1 (0.00s CPU time), remote cache hits 0 (0.00s CPU time), compiled 7 variants (0.10s CPU time), skipped 0 variants
    Prepared data for serialisation in 0.00s
Compiling shader "Barracuda/Softmax" pass "" (fp)
    Full variant space:         8
    After settings filtering:   8
    After built-in stripping:   8
    After scriptable stripping: 8
    Processed in 0.00 seconds
    starting compilation...
    finished in 0.05 seconds. Local cache hits 1 (0.00s CPU time), remote cache hits 0 (0.00s CPU time), compiled 7 variants (0.28s CPU time), skipped 0 variants
    Prepared data for serialisation in 0.00s
Serialized binary data for shader Barracuda/Softmax in 0.00s
    metal (total internal programs: 16, unique: 16)
Compiling shader "Barracuda/SpaceToDepth" pass "" (vp)
    Full variant space:         2
    After settings filtering:   2
    After built-in stripping:   2
    After scriptable stripping: 2
    Processed in 0.00 seconds
    starting compilation...
    finished in 0.01 seconds. Local cache hits 1 (0.00s CPU time), remote cache hits 0 (0.00s CPU time), compiled 1 variants (0.01s CPU time), skipped 0 variants
    Prepared data for serialisation in 0.00s
Compiling shader "Barracuda/SpaceToDepth" pass "" (fp)
    Full variant space:         2
    After settings filtering:   2
    After built-in stripping:   2
    After scriptable stripping: 2
    Processed in 0.00 seconds
    starting compilation...
    finished in 0.03 seconds. Local cache hits 1 (0.00s CPU time), remote cache hits 0 (0.00s CPU time), compiled 1 variants (0.03s CPU time), skipped 0 variants
    Prepared data for serialisation in 0.00s
Serialized binary data for shader Barracuda/SpaceToDepth in 0.00s
    metal (total internal programs: 4, unique: 4)
Compiling shader "Barracuda/BroadcastWhere" pass "" (vp)
    Full variant space:         2
    After settings filtering:   2
    After built-in stripping:   2
    After scriptable stripping: 2
    Processed in 0.00 seconds
    starting compilation...
    finished in 0.01 seconds. Local cache hits 1 (0.00s CPU time), remote cache hits 0 (0.00s CPU time), compiled 1 variants (0.01s CPU time), skipped 0 variants
    Prepared data for serialisation in 0.00s
Compiling shader "Barracuda/BroadcastWhere" pass "" (fp)
    Full variant space:         2
    After settings filtering:   2
    After built-in stripping:   2
    After scriptable stripping: 2
    Processed in 0.00 seconds
    starting compilation...
    finished in 0.04 seconds. Local cache hits 1 (0.00s CPU time), remote cache hits 0 (0.00s CPU time), compiled 1 variants (0.04s CPU time), skipped 0 variants
    Prepared data for serialisation in 0.00s
Serialized binary data for shader Barracuda/BroadcastWhere in 0.00s
    metal (total internal programs: 4, unique: 4)
Compiling shader "Barracuda/Pad2DReflect" pass "" (vp)
    Full variant space:         2
    After settings filtering:   2
    After built-in stripping:   2
    After scriptable stripping: 2
    Processed in 0.00 seconds
    starting compilation...
    finished in 0.01 seconds. Local cache hits 1 (0.00s CPU time), remote cache hits 0 (0.00s CPU time), compiled 1 variants (0.01s CPU time), skipped 0 variants
    Prepared data for serialisation in 0.00s
Compiling shader "Barracuda/Pad2DReflect" pass "" (fp)
    Full variant space:         2
    After settings filtering:   2
    After built-in stripping:   2
    After scriptable stripping: 2
    Processed in 0.00 seconds
    starting compilation...
    finished in 0.02 seconds. Local cache hits 1 (0.00s CPU time), remote cache hits 0 (0.00s CPU time), compiled 1 variants (0.02s CPU time), skipped 0 variants
    Prepared data for serialisation in 0.00s
Serialized binary data for shader Barracuda/Pad2DReflect in 0.00s
    metal (total internal programs: 4, unique: 4)
Compiling shader "Barracuda/Pad2DEdge" pass "" (vp)
    Full variant space:         2
    After settings filtering:   2
    After built-in stripping:   2
    After scriptable stripping: 2
    Processed in 0.00 seconds
    starting compilation...
    finished in 0.01 seconds. Local cache hits 1 (0.00s CPU time), remote cache hits 0 (0.00s CPU time), compiled 1 variants (0.01s CPU time), skipped 0 variants
    Prepared data for serialisation in 0.00s
Compiling shader "Barracuda/Pad2DEdge" pass "" (fp)
    Full variant space:         2
    After settings filtering:   2
    After built-in stripping:   2
    After scriptable stripping: 2
    Processed in 0.00 seconds
    starting compilation...
    finished in 0.02 seconds. Local cache hits 1 (0.00s CPU time), remote cache hits 0 (0.00s CPU time), compiled 1 variants (0.02s CPU time), skipped 0 variants
    Prepared data for serialisation in 0.00s
Serialized binary data for shader Barracuda/Pad2DEdge in 0.00s
    metal (total internal programs: 4, unique: 4)
Compiling shader "Barracuda/Activation" pass "" (vp)
    Full variant space:         72
    After settings filtering:   72
    After built-in stripping:   72
    After scriptable stripping: 72
    Processed in 0.00 seconds
    starting compilation...
    finished in 0.15 seconds. Local cache hits 1 (0.00s CPU time), remote cache hits 0 (0.00s CPU time), compiled 71 variants (1.41s CPU time), skipped 0 variants
    Prepared data for serialisation in 0.00s
Compiling shader "Barracuda/Activation" pass "" (fp)
    Full variant space:         72
    After settings filtering:   72
    After built-in stripping:   72
    After scriptable stripping: 72
    Processed in 0.00 seconds
    starting compilation...
    finished in 0.25 seconds. Local cache hits 1 (0.00s CPU time), remote cache hits 0 (0.00s CPU time), compiled 71 variants (2.43s CPU time), skipped 0 variants
    Prepared data for serialisation in 0.00s
Serialized binary data for shader Barracuda/Activation in 0.00s
    metal (total internal programs: 144, unique: 144)
Compiling shader "Barracuda/BufferToTensor" pass "" (vp)
    Full variant space:         2
    After settings filtering:   2
    After built-in stripping:   2
    After scriptable stripping: 2
    Processed in 0.00 seconds
    starting compilation...
    finished in 0.01 seconds. Local cache hits 1 (0.00s CPU time), remote cache hits 0 (0.00s CPU time), compiled 1 variants (0.01s CPU time), skipped 0 variants
    Prepared data for serialisation in 0.00s
Compiling shader "Barracuda/BufferToTensor" pass "" (fp)
    Full variant space:         2
    After settings filtering:   2
    After built-in stripping:   2
    After scriptable stripping: 2
    Processed in 0.00 seconds
    starting compilation...
    finished in 0.03 seconds. Local cache hits 1 (0.00s CPU time), remote cache hits 0 (0.00s CPU time), compiled 1 variants (0.03s CPU time), skipped 0 variants
    Prepared data for serialisation in 0.00s
Serialized binary data for shader Barracuda/BufferToTensor in 0.00s
    metal (total internal programs: 4, unique: 4)
Compiling shader "Barracuda/DepthwiseConv2D" pass "" (vp)
    Full variant space:         2
    After settings filtering:   2
    After built-in stripping:   2
    After scriptable stripping: 2
    Processed in 0.00 seconds
    starting compilation...
    finished in 0.01 seconds. Local cache hits 1 (0.00s CPU time), remote cache hits 0 (0.00s CPU time), compiled 1 variants (0.01s CPU time), skipped 0 variants
    Prepared data for serialisation in 0.00s
Compiling shader "Barracuda/DepthwiseConv2D" pass "" (fp)
    Full variant space:         2
    After settings filtering:   2
    After built-in stripping:   2
    After scriptable stripping: 2
    Processed in 0.00 seconds
    starting compilation...
    finished in 0.04 seconds. Local cache hits 1 (0.00s CPU time), remote cache hits 0 (0.00s CPU time), compiled 1 variants (0.04s CPU time), skipped 0 variants
    Prepared data for serialisation in 0.00s
Serialized binary data for shader Barracuda/DepthwiseConv2D in 0.00s
    metal (total internal programs: 4, unique: 4)
Compiling shader "Barracuda/MatMul" pass "" (vp)
    Full variant space:         8
    After settings filtering:   8
    After built-in stripping:   8
    After scriptable stripping: 8
    Processed in 0.00 seconds
    starting compilation...
    finished in 0.02 seconds. Local cache hits 1 (0.00s CPU time), remote cache hits 0 (0.00s CPU time), compiled 7 variants (0.11s CPU time), skipped 0 variants
    Prepared data for serialisation in 0.00s
Compiling shader "Barracuda/MatMul" pass "" (fp)
    Full variant space:         8
    After settings filtering:   8
    After built-in stripping:   8
    After scriptable stripping: 8
    Processed in 0.00 seconds
    starting compilation...
    finished in 0.08 seconds. Local cache hits 1 (0.00s CPU time), remote cache hits 0 (0.00s CPU time), compiled 7 variants (0.38s CPU time), skipped 0 variants
    Prepared data for serialisation in 0.00s
Serialized binary data for shader Barracuda/MatMul in 0.00s
    metal (total internal programs: 16, unique: 16)
Compiling shader "Barracuda/TensorToBuffer" pass "" (vp)
    Full variant space:         2
    After settings filtering:   2
    After built-in stripping:   2
    After scriptable stripping: 2
    Processed in 0.00 seconds
    starting compilation...
    finished in 0.01 seconds. Local cache hits 1 (0.00s CPU time), remote cache hits 0 (0.00s CPU time), compiled 1 variants (0.01s CPU time), skipped 0 variants
    Prepared data for serialisation in 0.00s
Compiling shader "Barracuda/TensorToBuffer" pass "" (fp)
    Full variant space:         2
    After settings filtering:   2
    After built-in stripping:   2
    After scriptable stripping: 2
    Processed in 0.00 seconds
    starting compilation...
    finished in 0.02 seconds. Local cache hits 1 (0.00s CPU time), remote cache hits 0 (0.00s CPU time), compiled 1 variants (0.02s CPU time), skipped 0 variants
    Prepared data for serialisation in 0.00s
Serialized binary data for shader Barracuda/TensorToBuffer in 0.00s
    metal (total internal programs: 4, unique: 4)
Compiling shader "Barracuda/Resample2D" pass "" (vp)
    Full variant space:         2
    After settings filtering:   2
    After built-in stripping:   2
    After scriptable stripping: 2
    Processed in 0.00 seconds
    starting compilation...
    finished in 0.01 seconds. Local cache hits 1 (0.00s CPU time), remote cache hits 0 (0.00s CPU time), compiled 1 variants (0.01s CPU time), skipped 0 variants
    Prepared data for serialisation in 0.00s
Compiling shader "Barracuda/Resample2D" pass "" (fp)
    Full variant space:         2
    After settings filtering:   2
    After built-in stripping:   2
    After scriptable stripping: 2
    Processed in 0.00 seconds
    starting compilation...
    finished in 0.02 seconds. Local cache hits 1 (0.00s CPU time), remote cache hits 0 (0.00s CPU time), compiled 1 variants (0.02s CPU time), skipped 0 variants
    Prepared data for serialisation in 0.00s
Serialized binary data for shader Barracuda/Resample2D in 0.00s
    metal (total internal programs: 4, unique: 4)
Compiling shader "Barracuda/Gather" pass "" (vp)
    Full variant space:         4
    After settings filtering:   4
    After built-in stripping:   4
    After scriptable stripping: 4
    Processed in 0.00 seconds
    starting compilation...
    finished in 0.01 seconds. Local cache hits 1 (0.00s CPU time), remote cache hits 0 (0.00s CPU time), compiled 3 variants (0.04s CPU time), skipped 0 variants
    Prepared data for serialisation in 0.00s
Compiling shader "Barracuda/Gather" pass "" (fp)
    Full variant space:         4
    After settings filtering:   4
    After built-in stripping:   4
    After scriptable stripping: 4
    Processed in 0.00 seconds
    starting compilation...
    finished in 0.05 seconds. Local cache hits 1 (0.00s CPU time), remote cache hits 0 (0.00s CPU time), compiled 3 variants (0.14s CPU time), skipped 0 variants
    Prepared data for serialisation in 0.00s
Serialized binary data for shader Barracuda/Gather in 0.00s
    metal (total internal programs: 8, unique: 8)
Compiling shader "Barracuda/Copy" pass "" (vp)
    Full variant space:         2
    After settings filtering:   2
    After built-in stripping:   2
    After scriptable stripping: 2
    Processed in 0.00 seconds
    starting compilation...
    finished in 0.01 seconds. Local cache hits 1 (0.00s CPU time), remote cache hits 0 (0.00s CPU time), compiled 1 variants (0.01s CPU time), skipped 0 variants
    Prepared data for serialisation in 0.00s
Compiling shader "Barracuda/Copy" pass "" (fp)
    Full variant space:         2
    After settings filtering:   2
    After built-in stripping:   2
    After scriptable stripping: 2
    Processed in 0.00 seconds
    starting compilation...
    finished in 0.04 seconds. Local cache hits 1 (0.00s CPU time), remote cache hits 0 (0.00s CPU time), compiled 1 variants (0.04s CPU time), skipped 0 variants
    Prepared data for serialisation in 0.00s
Serialized binary data for shader Barracuda/Copy in 0.00s
    metal (total internal programs: 4, unique: 4)
Compiling shader "Barracuda/ResampleBilinear2D" pass "" (vp)
    Full variant space:         2
    After settings filtering:   2
    After built-in stripping:   2
    After scriptable stripping: 2
    Processed in 0.00 seconds
    starting compilation...
    finished in 0.01 seconds. Local cache hits 1 (0.00s CPU time), remote cache hits 0 (0.00s CPU time), compiled 1 variants (0.01s CPU time), skipped 0 variants
    Prepared data for serialisation in 0.00s
Compiling shader "Barracuda/ResampleBilinear2D" pass "" (fp)
    Full variant space:         2
    After settings filtering:   2
    After built-in stripping:   2
    After scriptable stripping: 2
    Processed in 0.00 seconds
    starting compilation...
    finished in 0.03 seconds. Local cache hits 1 (0.00s CPU time), remote cache hits 0 (0.00s CPU time), compiled 1 variants (0.03s CPU time), skipped 0 variants
    Prepared data for serialisation in 0.00s
Serialized binary data for shader Barracuda/ResampleBilinear2D in 0.00s
    metal (total internal programs: 4, unique: 4)
Compiling shader "Barracuda/Conv2D" pass "" (vp)
    Full variant space:         2
    After settings filtering:   2
    After built-in stripping:   2
    After scriptable stripping: 2
    Processed in 0.00 seconds
    starting compilation...
    finished in 0.01 seconds. Local cache hits 1 (0.00s CPU time), remote cache hits 0 (0.00s CPU time), compiled 1 variants (0.01s CPU time), skipped 0 variants
    Prepared data for serialisation in 0.00s
Compiling shader "Barracuda/Conv2D" pass "" (fp)
    Full variant space:         2
    After settings filtering:   2
    After built-in stripping:   2
    After scriptable stripping: 2
    Processed in 0.00 seconds
    starting compilation...
    finished in 0.06 seconds. Local cache hits 1 (0.00s CPU time), remote cache hits 0 (0.00s CPU time), compiled 1 variants (0.06s CPU time), skipped 0 variants
    Prepared data for serialisation in 0.00s
Serialized binary data for shader Barracuda/Conv2D in 0.00s
    metal (total internal programs: 4, unique: 4)
Compiling shader "Barracuda/Dense3" pass "" (vp)
    Full variant space:         2
    After settings filtering:   2
    After built-in stripping:   2
    After scriptable stripping: 2
    Processed in 0.00 seconds
    starting compilation...
    finished in 0.01 seconds. Local cache hits 1 (0.00s CPU time), remote cache hits 0 (0.00s CPU time), compiled 1 variants (0.01s CPU time), skipped 0 variants
    Prepared data for serialisation in 0.00s
Compiling shader "Barracuda/Dense3" pass "" (fp)
    Full variant space:         2
    After settings filtering:   2
    After built-in stripping:   2
    After scriptable stripping: 2
    Processed in 0.00 seconds
    starting compilation...
    finished in 0.03 seconds. Local cache hits 1 (0.00s CPU time), remote cache hits 0 (0.00s CPU time), compiled 1 variants (0.03s CPU time), skipped 0 variants
    Prepared data for serialisation in 0.00s
Serialized binary data for shader Barracuda/Dense3 in 0.00s
    metal (total internal programs: 4, unique: 4)
Compiling shader "Barracuda/Concat" pass "" (vp)
    Full variant space:         2
    After settings filtering:   2
    After built-in stripping:   2
    After scriptable stripping: 2
    Processed in 0.00 seconds
    starting compilation...
    finished in 0.01 seconds. Local cache hits 1 (0.00s CPU time), remote cache hits 0 (0.00s CPU time), compiled 1 variants (0.01s CPU time), skipped 0 variants
    Prepared data for serialisation in 0.00s
Compiling shader "Barracuda/Concat" pass "" (fp)
    Full variant space:         2
    After settings filtering:   2
    After built-in stripping:   2
    After scriptable stripping: 2
    Processed in 0.00 seconds
    starting compilation...
    finished in 0.04 seconds. Local cache hits 1 (0.00s CPU time), remote cache hits 0 (0.00s CPU time), compiled 1 variants (0.04s CPU time), skipped 0 variants
    Prepared data for serialisation in 0.00s
Serialized binary data for shader Barracuda/Concat in 0.00s
    metal (total internal programs: 4, unique: 4)
Compiling shader "Barracuda/StridedSlice" pass "" (vp)
    Full variant space:         2
    After settings filtering:   2
    After built-in stripping:   2
    After scriptable stripping: 2
    Processed in 0.00 seconds
    starting compilation...
    finished in 0.01 seconds. Local cache hits 1 (0.00s CPU time), remote cache hits 0 (0.00s CPU time), compiled 1 variants (0.01s CPU time), skipped 0 variants
    Prepared data for serialisation in 0.00s
Compiling shader "Barracuda/StridedSlice" pass "" (fp)
    Full variant space:         2
    After settings filtering:   2
    After built-in stripping:   2
    After scriptable stripping: 2
    Processed in 0.00 seconds
    starting compilation...
    finished in 0.03 seconds. Local cache hits 1 (0.00s CPU time), remote cache hits 0 (0.00s CPU time), compiled 1 variants (0.03s CPU time), skipped 0 variants
    Prepared data for serialisation in 0.00s
Serialized binary data for shader Barracuda/StridedSlice in 0.00s
    metal (total internal programs: 4, unique: 4)
Compiling shader "Barracuda/Border2D" pass "" (vp)
    Full variant space:         2
    After settings filtering:   2
    After built-in stripping:   2
    After scriptable stripping: 2
    Processed in 0.00 seconds
    starting compilation...
    finished in 0.01 seconds. Local cache hits 1 (0.00s CPU time), remote cache hits 0 (0.00s CPU time), compiled 1 variants (0.01s CPU time), skipped 0 variants
    Prepared data for serialisation in 0.00s
Compiling shader "Barracuda/Border2D" pass "" (fp)
    Full variant space:         2
    After settings filtering:   2
    After built-in stripping:   2
    After scriptable stripping: 2
    Processed in 0.00 seconds
    starting compilation...
    finished in 0.02 seconds. Local cache hits 1 (0.00s CPU time), remote cache hits 0 (0.00s CPU time), compiled 1 variants (0.02s CPU time), skipped 0 variants
    Prepared data for serialisation in 0.00s
Serialized binary data for shader Barracuda/Border2D in 0.00s
    metal (total internal programs: 4, unique: 4)
Compiling shader "Barracuda/GlobalAvgPool2D" pass "" (vp)
    Full variant space:         2
    After settings filtering:   2
    After built-in stripping:   2
    After scriptable stripping: 2
    Processed in 0.00 seconds
    starting compilation...
    finished in 0.01 seconds. Local cache hits 1 (0.00s CPU time), remote cache hits 0 (0.00s CPU time), compiled 1 variants (0.01s CPU time), skipped 0 variants
    Prepared data for serialisation in 0.00s
Compiling shader "Barracuda/GlobalAvgPool2D" pass "" (fp)
    Full variant space:         2
    After settings filtering:   2
    After built-in stripping:   2
    After scriptable stripping: 2
    Processed in 0.00 seconds
    starting compilation...
    finished in 0.02 seconds. Local cache hits 1 (0.00s CPU time), remote cache hits 0 (0.00s CPU time), compiled 1 variants (0.02s CPU time), skipped 0 variants
    Prepared data for serialisation in 0.00s
Serialized binary data for shader Barracuda/GlobalAvgPool2D in 0.00s
    metal (total internal programs: 4, unique: 4)
Compiling shader "Barracuda/GlobalMaxPool2D" pass "" (vp)
    Full variant space:         2
    After settings filtering:   2
    After built-in stripping:   2
    After scriptable stripping: 2
    Processed in 0.00 seconds
    starting compilation...
    finished in 0.01 seconds. Local cache hits 1 (0.00s CPU time), remote cache hits 0 (0.00s CPU time), compiled 1 variants (0.01s CPU time), skipped 0 variants
    Prepared data for serialisation in 0.00s
Compiling shader "Barracuda/GlobalMaxPool2D" pass "" (fp)
    Full variant space:         2
    After settings filtering:   2
    After built-in stripping:   2
    After scriptable stripping: 2
    Processed in 0.00 seconds
    starting compilation...
    finished in 0.02 seconds. Local cache hits 1 (0.00s CPU time), remote cache hits 0 (0.00s CPU time), compiled 1 variants (0.02s CPU time), skipped 0 variants
    Prepared data for serialisation in 0.00s
Serialized binary data for shader Barracuda/GlobalMaxPool2D in 0.00s
    metal (total internal programs: 4, unique: 4)
Compiling shader "Barracuda/Broadcast" pass "" (vp)
    Full variant space:         32
    After settings filtering:   32
    After built-in stripping:   32
    After scriptable stripping: 32
    Processed in 0.00 seconds
    starting compilation...
    finished in 0.06 seconds. Local cache hits 1 (0.00s CPU time), remote cache hits 0 (0.00s CPU time), compiled 31 variants (0.53s CPU time), skipped 0 variants
    Prepared data for serialisation in 0.00s
Compiling shader "Barracuda/Broadcast" pass "" (fp)
    Full variant space:         32
    After settings filtering:   32
    After built-in stripping:   32
    After scriptable stripping: 32
    Processed in 0.00 seconds
    starting compilation...
    finished in 0.14 seconds. Local cache hits 1 (0.00s CPU time), remote cache hits 0 (0.00s CPU time), compiled 31 variants (1.30s CPU time), skipped 0 variants
    Prepared data for serialisation in 0.00s
Serialized binary data for shader Barracuda/Broadcast in 0.00s
    metal (total internal programs: 64, unique: 64)
Compiling shader "Barracuda/ScaleBias" pass "" (vp)
    Full variant space:         2
    After settings filtering:   2
    After built-in stripping:   2
    After scriptable stripping: 2
    Processed in 0.00 seconds
    starting compilation...
    finished in 0.01 seconds. Local cache hits 1 (0.00s CPU time), remote cache hits 0 (0.00s CPU time), compiled 1 variants (0.01s CPU time), skipped 0 variants
    Prepared data for serialisation in 0.00s
Compiling shader "Barracuda/ScaleBias" pass "" (fp)
    Full variant space:         2
    After settings filtering:   2
    After built-in stripping:   2
    After scriptable stripping: 2
    Processed in 0.00 seconds
    starting compilation...
    finished in 0.03 seconds. Local cache hits 1 (0.00s CPU time), remote cache hits 0 (0.00s CPU time), compiled 1 variants (0.03s CPU time), skipped 0 variants
    Prepared data for serialisation in 0.00s
Serialized binary data for shader Barracuda/ScaleBias in 0.00s
    metal (total internal programs: 4, unique: 4)
Compiling compute shader "ActivationB"
    starting stripping...
    finished in 0.00 seconds. 9 of 9 variants left
    9 variants, starting compilation...
    finished in 0.04 seconds. Local cache hits 0, remote cache hits 0, compiled 9 variants
Compiling compute shader "ReduceSlow"
    starting stripping...
    finished in 0.00 seconds. 4 of 4 variants left
    4 variants, starting compilation...
    finished in 0.03 seconds. Local cache hits 0, remote cache hits 0, compiled 4 variants
Compiling compute shader "Conv2dBase"
    starting stripping...
    finished in 0.00 seconds. 20 of 20 variants left
    20 variants, starting compilation...
    finished in 5.65 seconds. Local cache hits 0, remote cache hits 0, compiled 20 variants
Compiling compute shader "MatMul"
    starting stripping...
    finished in 0.00 seconds. 6 of 6 variants left
    6 variants, starting compilation...
    finished in 13.07 seconds. Local cache hits 0, remote cache hits 0, compiled 6 variants
Compiling compute shader "Conv2dMobile"
    starting stripping...
    finished in 0.00 seconds. 23 of 23 variants left
    23 variants, starting compilation...
    finished in 1.19 seconds. Local cache hits 0, remote cache hits 0, compiled 23 variants
Compiling compute shader "ActivationA"
    starting stripping...
    finished in 0.00 seconds. 23 of 23 variants left
    23 variants, starting compilation...
    finished in 0.08 seconds. Local cache hits 0, remote cache hits 0, compiled 23 variants
Compiling compute shader "Broadcast_NCHW"
    starting stripping...
    finished in 0.00 seconds. 19 of 19 variants left
    19 variants, starting compilation...
    finished in 0.03 seconds. Local cache hits 0, remote cache hits 0, compiled 19 variants
Compiling compute shader "Conv3d"
    starting stripping...
    finished in 0.00 seconds. 8 of 8 variants left
    8 variants, starting compilation...
    finished in 0.53 seconds. Local cache hits 0, remote cache hits 0, compiled 8 variants
Compiling compute shader "Conv2dA_NHWC"
    starting stripping...
    finished in 0.00 seconds. 6 of 6 variants left
    6 variants, starting compilation...
    finished in 0.59 seconds. Local cache hits 0, remote cache hits 0, compiled 6 variants
Compiling compute shader "Generic"
    starting stripping...
    finished in 0.00 seconds. 24 of 24 variants left
    24 variants, starting compilation...
    finished in 0.05 seconds. Local cache hits 0, remote cache hits 0, compiled 24 variants
Compiling compute shader "Reduce"
    starting stripping...
    finished in 0.00 seconds. 24 of 24 variants left
    24 variants, starting compilation...
    finished in 0.12 seconds. Local cache hits 0, remote cache hits 0, compiled 24 variants
Compiling compute shader "Dense"
    starting stripping...
    finished in 0.00 seconds. 10 of 10 variants left
    10 variants, starting compilation...
    finished in 0.36 seconds. Local cache hits 0, remote cache hits 0, compiled 10 variants
Compiling compute shader "Transpose"
    starting stripping...
    finished in 0.00 seconds. 5 of 5 variants left
    5 variants, starting compilation...
    finished in 0.02 seconds. Local cache hits 0, remote cache hits 0, compiled 5 variants
Compiling compute shader "Conv2dA_NCHW"
    starting stripping...
    finished in 0.00 seconds. 6 of 6 variants left
    6 variants, starting compilation...
    finished in 0.44 seconds. Local cache hits 1, remote cache hits 0, compiled 5 variants
Compiling compute shader "Dense3"
    starting stripping...
    finished in 0.00 seconds. 6 of 6 variants left
    6 variants, starting compilation...
    finished in 13.40 seconds. Local cache hits 0, remote cache hits 0, compiled 6 variants
Compiling compute shader "BarracudaReferenceImpl"
    starting stripping...
    finished in 0.00 seconds. 213 of 213 variants left
    213 variants, starting compilation...
    finished in 1.61 seconds. Local cache hits 0, remote cache hits 0, compiled 213 variants
Compiling compute shader "TextureUtils"
    starting stripping...
    finished in 0.00 seconds. 6 of 6 variants left
    6 variants, starting compilation...
    finished in 0.03 seconds. Local cache hits 0, remote cache hits 0, compiled 6 variants
Compiling compute shader "Pad"
    starting stripping...
    finished in 0.00 seconds. 8 of 8 variants left
    8 variants, starting compilation...
    finished in 0.02 seconds. Local cache hits 0, remote cache hits 0, compiled 8 variants
Compiling compute shader "DenseFP16"
    starting stripping...
    finished in 0.00 seconds. 2 of 2 variants left
    2 variants, starting compilation...
    finished in 0.02 seconds. Local cache hits 0, remote cache hits 0, compiled 2 variants
Compiling compute shader "Broadcast_NHWC"
    starting stripping...
    finished in 0.00 seconds. 19 of 19 variants left
    19 variants, starting compilation...
    finished in 0.03 seconds. Local cache hits 0, remote cache hits 0, compiled 19 variants
Compiling compute shader "Pool_NCHW"
    starting stripping...
    finished in 0.00 seconds. 8 of 8 variants left
    8 variants, starting compilation...
    finished in 0.07 seconds. Local cache hits 0, remote cache hits 0, compiled 8 variants
Compiling compute shader "Pool_NHWC"
    starting stripping...
    finished in 0.00 seconds. 8 of 8 variants left
    8 variants, starting compilation...
    finished in 0.07 seconds. Local cache hits 0, remote cache hits 0, compiled 8 variants
Compiling compute shader "ActivationBase"
    starting stripping...
    finished in 0.00 seconds. 186 of 186 variants left
    186 variants, starting compilation...
    finished in 1.01 seconds. Local cache hits 0, remote cache hits 0, compiled 186 variants
Compiling shader "Standard" pass "FORWARD" (vp)
    Full variant space:         664
    After settings filtering:   664
    After built-in stripping:   8
    After scriptable stripping: 8
    Processed in 0.00 seconds
    starting compilation...
    finished in 0.00 seconds. Local cache hits 8 (0.01s CPU time), remote cache hits 0 (0.00s CPU time), compiled 0 variants (0.00s CPU time), skipped 0 variants
    Prepared data for serialisation in 0.00s
Compiling shader "Standard" pass "FORWARD" (fp)
    Full variant space:         1008
    After settings filtering:   1008
    After built-in stripping:   8
    After scriptable stripping: 8
    Processed in 0.00 seconds
    starting compilation...
    finished in 0.14 seconds. Local cache hits 2 (0.00s CPU time), remote cache hits 0 (0.00s CPU time), compiled 6 variants (0.72s CPU time), skipped 0 variants
    Prepared data for serialisation in 0.00s
Compiling shader "Standard" pass "FORWARD_DELTA" (vp)
    Full variant space:         188
    After settings filtering:   188
    After built-in stripping:   13
    After scriptable stripping: 13
    Processed in 0.00 seconds
    starting compilation...
    finished in 0.00 seconds. Local cache hits 13 (0.01s CPU time), remote cache hits 0 (0.00s CPU time), compiled 0 variants (0.00s CPU time), skipped 0 variants
    Prepared data for serialisation in 0.00s
Compiling shader "Standard" pass "FORWARD_DELTA" (fp)
    Full variant space:         376
    After settings filtering:   376
    After built-in stripping:   26
    After scriptable stripping: 26
    Processed in 0.00 seconds
    starting compilation...
    finished in 0.29 seconds. Local cache hits 1 (0.05s CPU time), remote cache hits 0 (0.00s CPU time), compiled 25 variants (2.56s CPU time), skipped 0 variants
    Prepared data for serialisation in 0.00s
Compiling shader "Standard" pass "ShadowCaster" (vp)
    Full variant space:         4
    After settings filtering:   4
    After built-in stripping:   2
    After scriptable stripping: 2
    Processed in 0.00 seconds
    starting compilation...
    finished in 0.00 seconds. Local cache hits 2 (0.00s CPU time), remote cache hits 0 (0.00s CPU time), compiled 0 variants (0.00s CPU time), skipped 0 variants
    Prepared data for serialisation in 0.00s
Compiling shader "Standard" pass "ShadowCaster" (fp)
    Full variant space:         4
    After settings filtering:   4
    After built-in stripping:   2
    After scriptable stripping: 2
    Processed in 0.00 seconds
    starting compilation...
    finished in 0.01 seconds. Local cache hits 1 (0.00s CPU time), remote cache hits 0 (0.00s CPU time), compiled 1 variants (0.01s CPU time), skipped 0 variants
    Prepared data for serialisation in 0.00s
Compiling shader "Standard" pass "DEFERRED" (vp)
    Full variant space:         76
    After settings filtering:   76
    After built-in stripping:   4
    After scriptable stripping: 4
    Processed in 0.00 seconds
    starting compilation...
    finished in 0.00 seconds. Local cache hits 4 (0.00s CPU time), remote cache hits 0 (0.00s CPU time), compiled 0 variants (0.00s CPU time), skipped 0 variants
    Prepared data for serialisation in 0.00s
Compiling shader "Standard" pass "DEFERRED" (fp)
    Full variant space:         152
    After settings filtering:   152
    After built-in stripping:   8
    After scriptable stripping: 8
    Processed in 0.00 seconds
    starting compilation...
    finished in 0.04 seconds. Local cache hits 0 (0.00s CPU time), remote cache hits 0 (0.00s CPU time), compiled 8 variants (0.27s CPU time), skipped 0 variants
    Prepared data for serialisation in 0.00s
Compiling shader "Standard" pass "FORWARD" (vp)
    Full variant space:         208
    After settings filtering:   208
    After built-in stripping:   8
    After scriptable stripping: 8
    Processed in 0.00 seconds
    starting compilation...
    finished in 0.00 seconds. Local cache hits 8 (0.00s CPU time), remote cache hits 0 (0.00s CPU time), compiled 0 variants (0.00s CPU time), skipped 0 variants
    Prepared data for serialisation in 0.00s
Compiling shader "Standard" pass "FORWARD" (fp)
    Full variant space:         296
    After settings filtering:   296
    After built-in stripping:   8
    After scriptable stripping: 8
    Processed in 0.00 seconds
    starting compilation...
    finished in 0.09 seconds. Local cache hits 0 (0.00s CPU time), remote cache hits 0 (0.00s CPU time), compiled 8 variants (0.50s CPU time), skipped 0 variants
    Prepared data for serialisation in 0.00s
Compiling shader "Standard" pass "FORWARD_DELTA" (vp)
    Full variant space:         140
    After settings filtering:   140
    After built-in stripping:   10
    After scriptable stripping: 10
    Processed in 0.00 seconds
    starting compilation...
    finished in 0.00 seconds. Local cache hits 10 (0.00s CPU time), remote cache hits 0 (0.00s CPU time), compiled 0 variants (0.00s CPU time), skipped 0 variants
    Prepared data for serialisation in 0.00s
Compiling shader "Standard" pass "FORWARD_DELTA" (fp)
    Full variant space:         280
    After settings filtering:   280
    After built-in stripping:   20
    After scriptable stripping: 20
    Processed in 0.00 seconds
    starting compilation...
    finished in 0.16 seconds. Local cache hits 0 (0.00s CPU time), remote cache hits 0 (0.00s CPU time), compiled 20 variants (1.35s CPU time), skipped 0 variants
    Prepared data for serialisation in 0.00s
Compiling shader "Standard" pass "ShadowCaster" (vp)
    Full variant space:         2
    After settings filtering:   2
    After built-in stripping:   2
    After scriptable stripping: 2
    Processed in 0.00 seconds
    starting compilation...
    finished in 0.00 seconds. Local cache hits 2 (0.00s CPU time), remote cache hits 0 (0.00s CPU time), compiled 0 variants (0.00s CPU time), skipped 0 variants
    Prepared data for serialisation in 0.00s
Compiling shader "Standard" pass "ShadowCaster" (fp)
    Full variant space:         2
    After settings filtering:   2
    After built-in stripping:   2
    After scriptable stripping: 2
    Processed in 0.00 seconds
    starting compilation...
    finished in 0.01 seconds. Local cache hits 0 (0.00s CPU time), remote cache hits 0 (0.00s CPU time), compiled 2 variants (0.01s CPU time), skipped 0 variants
    Prepared data for serialisation in 0.00s
Serialized binary data for shader Standard in 0.00s
    metal (total internal programs: 121, unique: 103)
Compiling shader "Skybox/Procedural" pass "" (vp)
    Full variant space:         3
    After settings filtering:   3
    After built-in stripping:   3
    After scriptable stripping: 3
    Processed in 0.00 seconds
    starting compilation...
    finished in 0.05 seconds. Local cache hits 1 (0.00s CPU time), remote cache hits 0 (0.00s CPU time), compiled 2 variants (0.10s CPU time), skipped 0 variants
    Prepared data for serialisation in 0.00s
Compiling shader "Skybox/Procedural" pass "" (fp)
    Full variant space:         3
    After settings filtering:   3
    After built-in stripping:   3
    After scriptable stripping: 3
    Processed in 0.00 seconds
    starting compilation...
    finished in 0.02 seconds. Local cache hits 1 (0.00s CPU time), remote cache hits 0 (0.00s CPU time), compiled 2 variants (0.03s CPU time), skipped 0 variants
    Prepared data for serialisation in 0.00s
Serialized binary data for shader Skybox/Procedural in 0.00s
    metal (total internal programs: 6, unique: 6)
Compiling shader "Legacy Shaders/VertexLit" pass "" (vp)
    Full variant space:         12
    After settings filtering:   12
    After built-in stripping:   3
    After scriptable stripping: 3
    Processed in 0.00 seconds
    starting compilation...
    finished in 0.00 seconds. Local cache hits 3 (0.00s CPU time), remote cache hits 0 (0.00s CPU time), compiled 0 variants (0.00s CPU time), skipped 0 variants
    Prepared data for serialisation in 0.00s
Compiling shader "Legacy Shaders/VertexLit" pass "" (fp)
    Full variant space:         12
    After settings filtering:   12
    After built-in stripping:   3
    After scriptable stripping: 3
    Processed in 0.00 seconds
    starting compilation...
    finished in 0.01 seconds. Local cache hits 0 (0.00s CPU time), remote cache hits 0 (0.00s CPU time), compiled 3 variants (0.02s CPU time), skipped 0 variants
    Prepared data for serialisation in 0.00s
Compiling shader "Legacy Shaders/VertexLit" pass "" (vp)
    Full variant space:         4
    After settings filtering:   4
    After built-in stripping:   1
    After scriptable stripping: 1
    Processed in 0.00 seconds
    starting compilation...
    finished in 0.00 seconds. Local cache hits 1 (0.00s CPU time), remote cache hits 0 (0.00s CPU time), compiled 0 variants (0.00s CPU time), skipped 0 variants
    Prepared data for serialisation in 0.00s
Compiling shader "Legacy Shaders/VertexLit" pass "" (fp)
    Full variant space:         4
    After settings filtering:   4
    After built-in stripping:   1
    After scriptable stripping: 1
    Processed in 0.00 seconds
    starting compilation...
    finished in 0.01 seconds. Local cache hits 0 (0.00s CPU time), remote cache hits 0 (0.00s CPU time), compiled 1 variants (0.01s CPU time), skipped 0 variants
    Prepared data for serialisation in 0.00s
Compiling shader "Legacy Shaders/VertexLit" pass "ShadowCaster" (vp)
    Full variant space:         4
    After settings filtering:   4
    After built-in stripping:   2
    After scriptable stripping: 2
    Processed in 0.00 seconds
    starting compilation...
    finished in 0.00 seconds. Local cache hits 2 (0.00s CPU time), remote cache hits 0 (0.00s CPU time), compiled 0 variants (0.00s CPU time), skipped 0 variants
    Prepared data for serialisation in 0.00s
Compiling shader "Legacy Shaders/VertexLit" pass "ShadowCaster" (fp)
    Full variant space:         4
    After settings filtering:   4
    After built-in stripping:   2
    After scriptable stripping: 2
    Processed in 0.00 seconds
    starting compilation...
    finished in 0.01 seconds. Local cache hits 0 (0.00s CPU time), remote cache hits 0 (0.00s CPU time), compiled 2 variants (0.01s CPU time), skipped 0 variants
    Prepared data for serialisation in 0.00s
Serialized binary data for shader Legacy Shaders/VertexLit in 0.00s
    metal (total internal programs: 12, unique: 12)
Compiling shader "Legacy Shaders/Diffuse" pass "FORWARD" (vp)
    Full variant space:         664
    After settings filtering:   664
    After built-in stripping:   8
    After scriptable stripping: 8
    Processed in 0.00 seconds
    starting compilation...
    finished in 0.04 seconds. Local cache hits 0 (0.00s CPU time), remote cache hits 0 (0.00s CPU time), compiled 8 variants (0.26s CPU time), skipped 0 variants
    Prepared data for serialisation in 0.00s
Compiling shader "Legacy Shaders/Diffuse" pass "FORWARD" (fp)
    Full variant space:         504
    After settings filtering:   504
    After built-in stripping:   4
    After scriptable stripping: 4
    Processed in 0.00 seconds
    starting compilation...
    finished in 0.03 seconds. Local cache hits 0 (0.00s CPU time), remote cache hits 0 (0.00s CPU time), compiled 4 variants (0.12s CPU time), skipped 0 variants
    Prepared data for serialisation in 0.00s
Compiling shader "Legacy Shaders/Diffuse" pass "FORWARD" (vp)
    Full variant space:         20
    After settings filtering:   20
    After built-in stripping:   5
    After scriptable stripping: 5
    Processed in 0.00 seconds
    starting compilation...
    finished in 0.04 seconds. Local cache hits 0 (0.00s CPU time), remote cache hits 0 (0.00s CPU time), compiled 5 variants (0.15s CPU time), skipped 0 variants
    Prepared data for serialisation in 0.00s
Compiling shader "Legacy Shaders/Diffuse" pass "FORWARD" (fp)
    Full variant space:         20
    After settings filtering:   20
    After built-in stripping:   5
    After scriptable stripping: 5
    Processed in 0.00 seconds
    starting compilation...
    finished in 0.04 seconds. Local cache hits 0 (0.00s CPU time), remote cache hits 0 (0.00s CPU time), compiled 5 variants (0.14s CPU time), skipped 0 variants
    Prepared data for serialisation in 0.00s
Compiling shader "Legacy Shaders/Diffuse" pass "DEFERRED" (vp)
    Full variant space:         76
    After settings filtering:   76
    After built-in stripping:   4
    After scriptable stripping: 4
    Processed in 0.00 seconds
    starting compilation...
    finished in 0.03 seconds. Local cache hits 0 (0.00s CPU time), remote cache hits 0 (0.00s CPU time), compiled 4 variants (0.09s CPU time), skipped 0 variants
    Prepared data for serialisation in 0.00s
Compiling shader "Legacy Shaders/Diffuse" pass "DEFERRED" (fp)
    Full variant space:         76
    After settings filtering:   76
    After built-in stripping:   4
    After scriptable stripping: 4
    Processed in 0.00 seconds
    starting compilation...
    finished in 0.02 seconds. Local cache hits 0 (0.00s CPU time), remote cache hits 0 (0.00s CPU time), compiled 4 variants (0.06s CPU time), skipped 0 variants
    Prepared data for serialisation in 0.00s
Serialized binary data for shader Legacy Shaders/Diffuse in 0.00s
    metal (total internal programs: 30, unique: 29)
Compiling shader "Hidden/Internal-StencilWrite" pass "" (vp)
    Full variant space:         1
    After settings filtering:   1
    After built-in stripping:   1
    After scriptable stripping: 1
    Processed in 0.00 seconds
    starting compilation...
    finished in 0.01 seconds. Local cache hits 0 (0.00s CPU time), remote cache hits 0 (0.00s CPU time), compiled 1 variants (0.01s CPU time), skipped 0 variants
    Prepared data for serialisation in 0.00s
Compiling shader "Hidden/Internal-StencilWrite" pass "" (fp)
    Full variant space:         1
    After settings filtering:   1
    After built-in stripping:   1
    After scriptable stripping: 1
    Processed in 0.00 seconds
    starting compilation...
    finished in 0.01 seconds. Local cache hits 0 (0.00s CPU time), remote cache hits 0 (0.00s CPU time), compiled 1 variants (0.01s CPU time), skipped 0 variants
    Prepared data for serialisation in 0.00s
Serialized binary data for shader Hidden/Internal-StencilWrite in 0.00s
    metal (total internal programs: 2, unique: 2)
Compiling shader "Hidden/Internal-DepthNormalsTexture" pass "" (vp)
    Full variant space:         1
    After settings filtering:   1
    After built-in stripping:   1
    After scriptable stripping: 1
    Processed in 0.00 seconds
    starting compilation...
    finished in 0.03 seconds. Local cache hits 0 (0.00s CPU time), remote cache hits 0 (0.00s CPU time), compiled 1 variants (0.03s CPU time), skipped 0 variants
    Prepared data for serialisation in 0.00s
Compiling shader "Hidden/Internal-DepthNormalsTexture" pass "" (fp)
    Full variant space:         1
    After settings filtering:   1
    After built-in stripping:   1
    After scriptable stripping: 1
    Processed in 0.00 seconds
    starting compilation...
    finished in 0.01 seconds. Local cache hits 0 (0.00s CPU time), remote cache hits 0 (0.00s CPU time), compiled 1 variants (0.01s CPU time), skipped 0 variants
    Prepared data for serialisation in 0.00s
Compiling shader "Hidden/Internal-DepthNormalsTexture" pass "" (vp)
    Full variant space:         1
    After settings filtering:   1
    After built-in stripping:   1
    After scriptable stripping: 1
    Processed in 0.00 seconds
    starting compilation...
    finished in 0.02 seconds. Local cache hits 0 (0.00s CPU time), remote cache hits 0 (0.00s CPU time), compiled 1 variants (0.02s CPU time), skipped 0 variants
    Prepared data for serialisation in 0.00s
Compiling shader "Hidden/Internal-DepthNormalsTexture" pass "" (fp)
    Full variant space:         1
    After settings filtering:   1
    After built-in stripping:   1
    After scriptable stripping: 1
    Processed in 0.00 seconds
    starting compilation...
    finished in 0.02 seconds. Local cache hits 0 (0.00s CPU time), remote cache hits 0 (0.00s CPU time), compiled 1 variants (0.02s CPU time), skipped 0 variants
    Prepared data for serialisation in 0.00s
Compiling shader "Hidden/Internal-DepthNormalsTexture" pass "" (vp)
    Full variant space:         1
    After settings filtering:   1
    After built-in stripping:   1
    After scriptable stripping: 1
    Processed in 0.00 seconds
    starting compilation...
    finished in 0.04 seconds. Local cache hits 0 (0.00s CPU time), remote cache hits 0 (0.00s CPU time), compiled 1 variants (0.04s CPU time), skipped 0 variants
    Prepared data for serialisation in 0.00s
Compiling shader "Hidden/Internal-DepthNormalsTexture" pass "" (fp)
    Full variant space:         1
    After settings filtering:   1
    After built-in stripping:   1
    After scriptable stripping: 1
    Processed in 0.00 seconds
    starting compilation...
    finished in 0.01 seconds. Local cache hits 0 (0.00s CPU time), remote cache hits 0 (0.00s CPU time), compiled 1 variants (0.01s CPU time), skipped 0 variants
    Prepared data for serialisation in 0.00s
Compiling shader "Hidden/Internal-DepthNormalsTexture" pass "" (vp)
    Full variant space:         1
    After settings filtering:   1
    After built-in stripping:   1
    After scriptable stripping: 1
    Processed in 0.00 seconds
    starting compilation...
    finished in 0.05 seconds. Local cache hits 0 (0.00s CPU time), remote cache hits 0 (0.00s CPU time), compiled 1 variants (0.05s CPU time), skipped 0 variants
    Prepared data for serialisation in 0.00s
Compiling shader "Hidden/Internal-DepthNormalsTexture" pass "" (fp)
    Full variant space:         1
    After settings filtering:   1
    After built-in stripping:   1
    After scriptable stripping: 1
    Processed in 0.00 seconds
    starting compilation...
    finished in 0.02 seconds. Local cache hits 0 (0.00s CPU time), remote cache hits 0 (0.00s CPU time), compiled 1 variants (0.02s CPU time), skipped 0 variants
    Prepared data for serialisation in 0.00s
Compiling shader "Hidden/Internal-DepthNormalsTexture" pass "" (vp)
    Full variant space:         1
    After settings filtering:   1
    After built-in stripping:   1
    After scriptable stripping: 1
    Processed in 0.00 seconds
    starting compilation...
    finished in 0.03 seconds. Local cache hits 0 (0.00s CPU time), remote cache hits 0 (0.00s CPU time), compiled 1 variants (0.03s CPU time), skipped 0 variants
    Prepared data for serialisation in 0.00s
Compiling shader "Hidden/Internal-DepthNormalsTexture" pass "" (fp)
    Full variant space:         1
    After settings filtering:   1
    After built-in stripping:   1
    After scriptable stripping: 1
    Processed in 0.00 seconds
    starting compilation...
    finished in 0.01 seconds. Local cache hits 0 (0.00s CPU time), remote cache hits 0 (0.00s CPU time), compiled 1 variants (0.01s CPU time), skipped 0 variants
    Prepared data for serialisation in 0.00s
Compiling shader "Hidden/Internal-DepthNormalsTexture" pass "" (vp)
    Full variant space:         1
    After settings filtering:   1
    After built-in stripping:   1
    After scriptable stripping: 1
    Processed in 0.00 seconds
    starting compilation...
    finished in 0.02 seconds. Local cache hits 0 (0.00s CPU time), remote cache hits 0 (0.00s CPU time), compiled 1 variants (0.02s CPU time), skipped 0 variants
    Prepared data for serialisation in 0.00s
Compiling shader "Hidden/Internal-DepthNormalsTexture" pass "" (fp)
    Full variant space:         1
    After settings filtering:   1
    After built-in stripping:   1
    After scriptable stripping: 1
    Processed in 0.00 seconds
    starting compilation...
    finished in 0.01 seconds. Local cache hits 0 (0.00s CPU time), remote cache hits 0 (0.00s CPU time), compiled 1 variants (0.01s CPU time), skipped 0 variants
    Prepared data for serialisation in 0.00s
Compiling shader "Hidden/Internal-DepthNormalsTexture" pass "" (vp)
    Full variant space:         1
    After settings filtering:   1
    After built-in stripping:   1
    After scriptable stripping: 1
    Processed in 0.00 seconds
    starting compilation...
    finished in 0.03 seconds. Local cache hits 0 (0.00s CPU time), remote cache hits 0 (0.00s CPU time), compiled 1 variants (0.03s CPU time), skipped 0 variants
    Prepared data for serialisation in 0.00s
Compiling shader "Hidden/Internal-DepthNormalsTexture" pass "" (fp)
    Full variant space:         1
    After settings filtering:   1
    After built-in stripping:   1
    After scriptable stripping: 1
    Processed in 0.00 seconds
    starting compilation...
    finished in 0.02 seconds. Local cache hits 0 (0.00s CPU time), remote cache hits 0 (0.00s CPU time), compiled 1 variants (0.02s CPU time), skipped 0 variants
    Prepared data for serialisation in 0.00s
Compiling shader "Hidden/Internal-DepthNormalsTexture" pass "" (vp)
    Full variant space:         1
    After settings filtering:   1
    After built-in stripping:   1
    After scriptable stripping: 1
    Processed in 0.00 seconds
    starting compilation...
    finished in 0.02 seconds. Local cache hits 0 (0.00s CPU time), remote cache hits 0 (0.00s CPU time), compiled 1 variants (0.02s CPU time), skipped 0 variants
    Prepared data for serialisation in 0.00s
Compiling shader "Hidden/Internal-DepthNormalsTexture" pass "" (fp)
    Full variant space:         1
    After settings filtering:   1
    After built-in stripping:   1
    After scriptable stripping: 1
    Processed in 0.00 seconds
    starting compilation...
    finished in 0.02 seconds. Local cache hits 0 (0.00s CPU time), remote cache hits 0 (0.00s CPU time), compiled 1 variants (0.02s CPU time), skipped 0 variants
    Prepared data for serialisation in 0.00s
Compiling shader "Hidden/Internal-DepthNormalsTexture" pass "" (vp)
    Full variant space:         1
    After settings filtering:   1
    After built-in stripping:   1
    After scriptable stripping: 1
    Processed in 0.00 seconds
    starting compilation...
    finished in 0.05 seconds. Local cache hits 0 (0.00s CPU time), remote cache hits 0 (0.00s CPU time), compiled 1 variants (0.05s CPU time), skipped 0 variants
    Prepared data for serialisation in 0.00s
Compiling shader "Hidden/Internal-DepthNormalsTexture" pass "" (fp)
    Full variant space:         1
    After settings filtering:   1
    After built-in stripping:   1
    After scriptable stripping: 1
    Processed in 0.00 seconds
    starting compilation...
    finished in 0.03 seconds. Local cache hits 0 (0.00s CPU time), remote cache hits 0 (0.00s CPU time), compiled 1 variants (0.03s CPU time), skipped 0 variants
    Prepared data for serialisation in 0.00s
Compiling shader "Hidden/Internal-DepthNormalsTexture" pass "" (vp)
    Full variant space:         1
    After settings filtering:   1
    After built-in stripping:   1
    After scriptable stripping: 1
    Processed in 0.00 seconds
    starting compilation...
    finished in 0.07 seconds. Local cache hits 0 (0.00s CPU time), remote cache hits 0 (0.00s CPU time), compiled 1 variants (0.07s CPU time), skipped 0 variants
    Prepared data for serialisation in 0.00s
Compiling shader "Hidden/Internal-DepthNormalsTexture" pass "" (fp)
    Full variant space:         1
    After settings filtering:   1
    After built-in stripping:   1
    After scriptable stripping: 1
    Processed in 0.00 seconds
    starting compilation...
    finished in 0.04 seconds. Local cache hits 0 (0.00s CPU time), remote cache hits 0 (0.00s CPU time), compiled 1 variants (0.04s CPU time), skipped 0 variants
    Prepared data for serialisation in 0.00s
Serialized binary data for shader Hidden/Internal-DepthNormalsTexture in 0.00s
    metal (total internal programs: 20, unique: 16)
Compiling shader "Hidden/Internal-ScreenSpaceShadows" pass "" (vp)
    Full variant space:         4
    After settings filtering:   4
    After built-in stripping:   4
    After scriptable stripping: 4
    Processed in 0.00 seconds
    starting compilation...
    finished in 0.05 seconds. Local cache hits 0 (0.00s CPU time), remote cache hits 0 (0.00s CPU time), compiled 4 variants (0.14s CPU time), skipped 0 variants
    Prepared data for serialisation in 0.00s
Compiling shader "Hidden/Internal-ScreenSpaceShadows" pass "" (fp)
    Full variant space:         4
    After settings filtering:   4
    After built-in stripping:   4
    After scriptable stripping: 4
    Processed in 0.00 seconds
    starting compilation...
    finished in 0.05 seconds. Local cache hits 0 (0.00s CPU time), remote cache hits 0 (0.00s CPU time), compiled 4 variants (0.14s CPU time), skipped 0 variants
    Prepared data for serialisation in 0.00s
Compiling shader "Hidden/Internal-ScreenSpaceShadows" pass "" (vp)
    Full variant space:         4
    After settings filtering:   4
    After built-in stripping:   4
    After scriptable stripping: 4
    Processed in 0.00 seconds
    starting compilation...
    finished in 0.03 seconds. Local cache hits 0 (0.00s CPU time), remote cache hits 0 (0.00s CPU time), compiled 4 variants (0.12s CPU time), skipped 0 variants
    Prepared data for serialisation in 0.00s
Compiling shader "Hidden/Internal-ScreenSpaceShadows" pass "" (fp)
    Full variant space:         4
    After settings filtering:   4
    After built-in stripping:   4
    After scriptable stripping: 4
    Processed in 0.00 seconds
    starting compilation...
    finished in 0.05 seconds. Local cache hits 0 (0.00s CPU time), remote cache hits 0 (0.00s CPU time), compiled 4 variants (0.15s CPU time), skipped 0 variants
    Prepared data for serialisation in 0.00s
Compiling shader "Hidden/Internal-ScreenSpaceShadows" pass "" (vp)
    Full variant space:         4
    After settings filtering:   4
    After built-in stripping:   4
    After scriptable stripping: 4
    Processed in 0.00 seconds
    starting compilation...
    finished in 0.03 seconds. Local cache hits 2 (0.00s CPU time), remote cache hits 0 (0.00s CPU time), compiled 2 variants (0.06s CPU time), skipped 0 variants
    Prepared data for serialisation in 0.00s
Compiling shader "Hidden/Internal-ScreenSpaceShadows" pass "" (fp)
    Full variant space:         4
    After settings filtering:   4
    After built-in stripping:   4
    After scriptable stripping: 4
    Processed in 0.00 seconds
    starting compilation...
    finished in 0.06 seconds. Local cache hits 2 (0.00s CPU time), remote cache hits 0 (0.00s CPU time), compiled 2 variants (0.12s CPU time), skipped 0 variants
    Prepared data for serialisation in 0.00s
Compiling shader "Hidden/Internal-ScreenSpaceShadows" pass "" (vp)
    Full variant space:         4
    After settings filtering:   4
    After built-in stripping:   4
    After scriptable stripping: 4
    Processed in 0.00 seconds
    starting compilation...
    finished in 0.02 seconds. Local cache hits 0 (0.00s CPU time), remote cache hits 0 (0.00s CPU time), compiled 4 variants (0.09s CPU time), skipped 0 variants
    Prepared data for serialisation in 0.00s
Compiling shader "Hidden/Internal-ScreenSpaceShadows" pass "" (fp)
    Full variant space:         4
    After settings filtering:   4
    After built-in stripping:   4
    After scriptable stripping: 4
    Processed in 0.00 seconds
    starting compilation...
    finished in 0.07 seconds. Local cache hits 0 (0.00s CPU time), remote cache hits 0 (0.00s CPU time), compiled 4 variants (0.24s CPU time), skipped 0 variants
    Prepared data for serialisation in 0.00s
Serialized binary data for shader Hidden/Internal-ScreenSpaceShadows in 0.00s
    metal (total internal programs: 32, unique: 20)
Compiling shader "Hidden/Internal-CombineDepthNormals" pass "" (vp)
    Full variant space:         1
    After settings filtering:   1
    After built-in stripping:   1
    After scriptable stripping: 1
    Processed in 0.00 seconds
    starting compilation...
    finished in 0.01 seconds. Local cache hits 0 (0.00s CPU time), remote cache hits 0 (0.00s CPU time), compiled 1 variants (0.01s CPU time), skipped 0 variants
    Prepared data for serialisation in 0.00s
Compiling shader "Hidden/Internal-CombineDepthNormals" pass "" (fp)
    Full variant space:         1
    After settings filtering:   1
    After built-in stripping:   1
    After scriptable stripping: 1
    Processed in 0.00 seconds
    starting compilation...
    finished in 0.01 seconds. Local cache hits 0 (0.00s CPU time), remote cache hits 0 (0.00s CPU time), compiled 1 variants (0.01s CPU time), skipped 0 variants
    Prepared data for serialisation in 0.00s
Serialized binary data for shader Hidden/Internal-CombineDepthNormals in 0.00s
    metal (total internal programs: 2, unique: 2)
Compiling shader "Hidden/BlitCopy" pass "" (vp)
    Full variant space:         1
    After settings filtering:   1
    After built-in stripping:   1
    After scriptable stripping: 1
    Processed in 0.00 seconds
    starting compilation...
    finished in 0.00 seconds. Local cache hits 1 (0.00s CPU time), remote cache hits 0 (0.00s CPU time), compiled 0 variants (0.00s CPU time), skipped 0 variants
    Prepared data for serialisation in 0.00s
Compiling shader "Hidden/BlitCopy" pass "" (fp)
    Full variant space:         1
    After settings filtering:   1
    After built-in stripping:   1
    After scriptable stripping: 1
    Processed in 0.00 seconds
    starting compilation...
    finished in 0.00 seconds. Local cache hits 1 (0.00s CPU time), remote cache hits 0 (0.00s CPU time), compiled 0 variants (0.00s CPU time), skipped 0 variants
    Prepared data for serialisation in 0.00s
Serialized binary data for shader Hidden/BlitCopy in 0.00s
    metal (total internal programs: 2, unique: 2)
Compiling shader "Hidden/BlitCopyDepth" pass "" (vp)
    Full variant space:         1
    After settings filtering:   1
    After built-in stripping:   1
    After scriptable stripping: 1
    Processed in 0.00 seconds
    starting compilation...
    finished in 0.01 seconds. Local cache hits 0 (0.00s CPU time), remote cache hits 0 (0.00s CPU time), compiled 1 variants (0.01s CPU time), skipped 0 variants
    Prepared data for serialisation in 0.00s
Compiling shader "Hidden/BlitCopyDepth" pass "" (fp)
    Full variant space:         1
    After settings filtering:   1
    After built-in stripping:   1
    After scriptable stripping: 1
    Processed in 0.00 seconds
    starting compilation...
    finished in 0.01 seconds. Local cache hits 0 (0.00s CPU time), remote cache hits 0 (0.00s CPU time), compiled 1 variants (0.01s CPU time), skipped 0 variants
    Prepared data for serialisation in 0.00s
Serialized binary data for shader Hidden/BlitCopyDepth in 0.00s
    metal (total internal programs: 2, unique: 2)
Compiling shader "Hidden/ConvertTexture" pass "" (vp)
    Full variant space:         1
    After settings filtering:   1
    After built-in stripping:   1
    After scriptable stripping: 1
    Processed in 0.00 seconds
    starting compilation...
    finished in 0.02 seconds. Local cache hits 0 (0.00s CPU time), remote cache hits 0 (0.00s CPU time), compiled 1 variants (0.02s CPU time), skipped 0 variants
    Prepared data for serialisation in 0.00s
Compiling shader "Hidden/ConvertTexture" pass "" (fp)
    Full variant space:         1
    After settings filtering:   1
    After built-in stripping:   1
    After scriptable stripping: 1
    Processed in 0.00 seconds
    starting compilation...
    finished in 0.01 seconds. Local cache hits 0 (0.00s CPU time), remote cache hits 0 (0.00s CPU time), compiled 1 variants (0.01s CPU time), skipped 0 variants
    Prepared data for serialisation in 0.00s
Serialized binary data for shader Hidden/ConvertTexture in 0.00s
    metal (total internal programs: 2, unique: 2)
Compiling shader "Hidden/Internal-DeferredShading" pass "" (vp)
    Full variant space:         94
    After settings filtering:   94
    After built-in stripping:   26
    After scriptable stripping: 26
    Processed in 0.00 seconds
    starting compilation...
    finished in 0.08 seconds. Local cache hits 0 (0.00s CPU time), remote cache hits 0 (0.00s CPU time), compiled 26 variants (0.78s CPU time), skipped 0 variants
    Prepared data for serialisation in 0.00s
Compiling shader "Hidden/Internal-DeferredShading" pass "" (fp)
    Full variant space:         94
    After settings filtering:   94
    After built-in stripping:   26
    After scriptable stripping: 26
    Processed in 0.00 seconds
    starting compilation...
    finished in 0.17 seconds. Local cache hits 0 (0.00s CPU time), remote cache hits 0 (0.00s CPU time), compiled 26 variants (1.45s CPU time), skipped 0 variants
    Prepared data for serialisation in 0.00s
Compiling shader "Hidden/Internal-DeferredShading" pass "" (vp)
    Full variant space:         1
    After settings filtering:   1
    After built-in stripping:   1
    After scriptable stripping: 1
    Processed in 0.00 seconds
    starting compilation...
    finished in 0.01 seconds. Local cache hits 0 (0.00s CPU time), remote cache hits 0 (0.00s CPU time), compiled 1 variants (0.01s CPU time), skipped 0 variants
    Prepared data for serialisation in 0.00s
Compiling shader "Hidden/Internal-DeferredShading" pass "" (fp)
    Full variant space:         1
    After settings filtering:   1
    After built-in stripping:   1
    After scriptable stripping: 1
    Processed in 0.00 seconds
    starting compilation...
    finished in 0.01 seconds. Local cache hits 0 (0.00s CPU time), remote cache hits 0 (0.00s CPU time), compiled 1 variants (0.01s CPU time), skipped 0 variants
    Prepared data for serialisation in 0.00s
Serialized binary data for shader Hidden/Internal-DeferredShading in 0.00s
    metal (total internal programs: 54, unique: 54)
Compiling shader "Hidden/Internal-DeferredReflections" pass "" (vp)
    Full variant space:         1
    After settings filtering:   1
    After built-in stripping:   1
    After scriptable stripping: 1
    Processed in 0.00 seconds
    starting compilation...
    finished in 0.02 seconds. Local cache hits 0 (0.00s CPU time), remote cache hits 0 (0.00s CPU time), compiled 1 variants (0.02s CPU time), skipped 0 variants
    Prepared data for serialisation in 0.00s
Compiling shader "Hidden/Internal-DeferredReflections" pass "" (fp)
    Full variant space:         1
    After settings filtering:   1
    After built-in stripping:   1
    After scriptable stripping: 1
    Processed in 0.00 seconds
    starting compilation...
    finished in 0.03 seconds. Local cache hits 0 (0.00s CPU time), remote cache hits 0 (0.00s CPU time), compiled 1 variants (0.03s CPU time), skipped 0 variants
    Prepared data for serialisation in 0.00s
Compiling shader "Hidden/Internal-DeferredReflections" pass "" (vp)
    Full variant space:         2
    After settings filtering:   2
    After built-in stripping:   2
    After scriptable stripping: 2
    Processed in 0.00 seconds
    starting compilation...
    finished in 0.01 seconds. Local cache hits 0 (0.00s CPU time), remote cache hits 0 (0.00s CPU time), compiled 2 variants (0.02s CPU time), skipped 0 variants
    Prepared data for serialisation in 0.00s
Compiling shader "Hidden/Internal-DeferredReflections" pass "" (fp)
    Full variant space:         2
    After settings filtering:   2
    After built-in stripping:   2
    After scriptable stripping: 2
    Processed in 0.00 seconds
    starting compilation...
    finished in 0.01 seconds. Local cache hits 0 (0.00s CPU time), remote cache hits 0 (0.00s CPU time), compiled 2 variants (0.01s CPU time), skipped 0 variants
    Prepared data for serialisation in 0.00s
Serialized binary data for shader Hidden/Internal-DeferredReflections in 0.00s
    metal (total internal programs: 6, unique: 6)
Compiling shader "Hidden/Internal-MotionVectors" pass "" (vp)
    Full variant space:         1
    After settings filtering:   1
    After built-in stripping:   1
    After scriptable stripping: 1
    Processed in 0.00 seconds
    starting compilation...
    finished in 0.02 seconds. Local cache hits 0 (0.00s CPU time), remote cache hits 0 (0.00s CPU time), compiled 1 variants (0.02s CPU time), skipped 0 variants
    Prepared data for serialisation in 0.00s
Compiling shader "Hidden/Internal-MotionVectors" pass "" (fp)
    Full variant space:         1
    After settings filtering:   1
    After built-in stripping:   1
    After scriptable stripping: 1
    Processed in 0.00 seconds
    starting compilation...
    finished in 0.01 seconds. Local cache hits 0 (0.00s CPU time), remote cache hits 0 (0.00s CPU time), compiled 1 variants (0.01s CPU time), skipped 0 variants
    Prepared data for serialisation in 0.00s
Compiling shader "Hidden/Internal-MotionVectors" pass "" (vp)
    Full variant space:         1
    After settings filtering:   1
    After built-in stripping:   1
    After scriptable stripping: 1
    Processed in 0.00 seconds
    starting compilation...
    finished in 0.01 seconds. Local cache hits 0 (0.00s CPU time), remote cache hits 0 (0.00s CPU time), compiled 1 variants (0.01s CPU time), skipped 0 variants
    Prepared data for serialisation in 0.00s
Compiling shader "Hidden/Internal-MotionVectors" pass "" (fp)
    Full variant space:         1
    After settings filtering:   1
    After built-in stripping:   1
    After scriptable stripping: 1
    Processed in 0.00 seconds
    starting compilation...
    finished in 0.01 seconds. Local cache hits 0 (0.00s CPU time), remote cache hits 0 (0.00s CPU time), compiled 1 variants (0.01s CPU time), skipped 0 variants
    Prepared data for serialisation in 0.00s
Compiling shader "Hidden/Internal-MotionVectors" pass "" (vp)
    Full variant space:         1
    After settings filtering:   1
    After built-in stripping:   1
    After scriptable stripping: 1
    Processed in 0.00 seconds
    starting compilation...
    finished in 0.01 seconds. Local cache hits 0 (0.00s CPU time), remote cache hits 0 (0.00s CPU time), compiled 1 variants (0.01s CPU time), skipped 0 variants
    Prepared data for serialisation in 0.00s
Compiling shader "Hidden/Internal-MotionVectors" pass "" (fp)
    Full variant space:         1
    After settings filtering:   1
    After built-in stripping:   1
    After scriptable stripping: 1
    Processed in 0.00 seconds
    starting compilation...
    finished in 0.01 seconds. Local cache hits 0 (0.00s CPU time), remote cache hits 0 (0.00s CPU time), compiled 1 variants (0.01s CPU time), skipped 0 variants
    Prepared data for serialisation in 0.00s
Serialized binary data for shader Hidden/Internal-MotionVectors in 0.00s
    metal (total internal programs: 6, unique: 5)
Compiling shader "Hidden/Internal-Flare" pass "" (vp)
    Full variant space:         1
    After settings filtering:   1
    After built-in stripping:   1
    After scriptable stripping: 1
    Processed in 0.00 seconds
    starting compilation...
    finished in 0.01 seconds. Local cache hits 0 (0.00s CPU time), remote cache hits 0 (0.00s CPU time), compiled 1 variants (0.01s CPU time), skipped 0 variants
    Prepared data for serialisation in 0.00s
Compiling shader "Hidden/Internal-Flare" pass "" (fp)
    Full variant space:         1
    After settings filtering:   1
    After built-in stripping:   1
    After scriptable stripping: 1
    Processed in 0.00 seconds
    starting compilation...
    finished in 0.01 seconds. Local cache hits 0 (0.00s CPU time), remote cache hits 0 (0.00s CPU time), compiled 1 variants (0.01s CPU time), skipped 0 variants
    Prepared data for serialisation in 0.00s
Serialized binary data for shader Hidden/Internal-Flare in 0.00s
    metal (total internal programs: 2, unique: 2)
Compiling shader "Hidden/Internal-Halo" pass "" (vp)
    Full variant space:         4
    After settings filtering:   4
    After built-in stripping:   1
    After scriptable stripping: 1
    Processed in 0.00 seconds
    starting compilation...
    finished in 0.01 seconds. Local cache hits 0 (0.00s CPU time), remote cache hits 0 (0.00s CPU time), compiled 1 variants (0.01s CPU time), skipped 0 variants
    Prepared data for serialisation in 0.00s
Compiling shader "Hidden/Internal-Halo" pass "" (fp)
    Full variant space:         4
    After settings filtering:   4
    After built-in stripping:   1
    After scriptable stripping: 1
    Processed in 0.00 seconds
    starting compilation...
    finished in 0.01 seconds. Local cache hits 0 (0.00s CPU time), remote cache hits 0 (0.00s CPU time), compiled 1 variants (0.01s CPU time), skipped 0 variants
    Prepared data for serialisation in 0.00s
Serialized binary data for shader Hidden/Internal-Halo in 0.00s
    metal (total internal programs: 2, unique: 2)
Compiling shader "Hidden/BlitCopyWithDepth" pass "" (vp)
    Full variant space:         1
    After settings filtering:   1
    After built-in stripping:   1
    After scriptable stripping: 1
    Processed in 0.00 seconds
    starting compilation...
    finished in 0.01 seconds. Local cache hits 0 (0.00s CPU time), remote cache hits 0 (0.00s CPU time), compiled 1 variants (0.01s CPU time), skipped 0 variants
    Prepared data for serialisation in 0.00s
Compiling shader "Hidden/BlitCopyWithDepth" pass "" (fp)
    Full variant space:         1
    After settings filtering:   1
    After built-in stripping:   1
    After scriptable stripping: 1
    Processed in 0.00 seconds
    starting compilation...
    finished in 0.01 seconds. Local cache hits 0 (0.00s CPU time), remote cache hits 0 (0.00s CPU time), compiled 1 variants (0.01s CPU time), skipped 0 variants
    Prepared data for serialisation in 0.00s
Serialized binary data for shader Hidden/BlitCopyWithDepth in 0.00s
    metal (total internal programs: 2, unique: 2)
Compiling shader "Hidden/BlitToDepth" pass "" (vp)
    Full variant space:         1
    After settings filtering:   1
    After built-in stripping:   1
    After scriptable stripping: 1
    Processed in 0.00 seconds
    starting compilation...
    finished in 0.01 seconds. Local cache hits 0 (0.00s CPU time), remote cache hits 0 (0.00s CPU time), compiled 1 variants (0.01s CPU time), skipped 0 variants
    Prepared data for serialisation in 0.00s
Compiling shader "Hidden/BlitToDepth" pass "" (fp)
    Full variant space:         1
    After settings filtering:   1
    After built-in stripping:   1
    After scriptable stripping: 1
    Processed in 0.00 seconds
    starting compilation...
    finished in 0.01 seconds. Local cache hits 0 (0.00s CPU time), remote cache hits 0 (0.00s CPU time), compiled 1 variants (0.01s CPU time), skipped 0 variants
    Prepared data for serialisation in 0.00s
Serialized binary data for shader Hidden/BlitToDepth in 0.00s
    metal (total internal programs: 2, unique: 2)
Compiling shader "Hidden/BlitToDepth_MSAA" pass "" (vp)
    Full variant space:         1
    After settings filtering:   1
    After built-in stripping:   1
    After scriptable stripping: 1
    Processed in 0.00 seconds
    starting compilation...
    finished in 0.01 seconds. Local cache hits 0 (0.00s CPU time), remote cache hits 0 (0.00s CPU time), compiled 1 variants (0.01s CPU time), skipped 0 variants
    Prepared data for serialisation in 0.00s
Compiling shader "Hidden/BlitToDepth_MSAA" pass "" (fp)
    Full variant space:         1
    After settings filtering:   1
    After built-in stripping:   1
    After scriptable stripping: 1
    Processed in 0.00 seconds
    starting compilation...
    finished in 0.01 seconds. Local cache hits 0 (0.00s CPU time), remote cache hits 0 (0.00s CPU time), compiled 1 variants (0.01s CPU time), skipped 0 variants
    Prepared data for serialisation in 0.00s
Serialized binary data for shader Hidden/BlitToDepth_MSAA in 0.00s
    metal (total internal programs: 2, unique: 2)
Compiling shader "Hidden/BlitCopyHDRTonemap" pass "" (vp)
    Full variant space:         1
    After settings filtering:   1
    After built-in stripping:   1
    After scriptable stripping: 1
    Processed in 0.00 seconds
    starting compilation...
    finished in 0.01 seconds. Local cache hits 0 (0.00s CPU time), remote cache hits 0 (0.00s CPU time), compiled 1 variants (0.01s CPU time), skipped 0 variants
    Prepared data for serialisation in 0.00s
Compiling shader "Hidden/BlitCopyHDRTonemap" pass "" (fp)
    Full variant space:         1
    After settings filtering:   1
    After built-in stripping:   1
    After scriptable stripping: 1
    Processed in 0.00 seconds
    starting compilation...
    finished in 0.02 seconds. Local cache hits 0 (0.00s CPU time), remote cache hits 0 (0.00s CPU time), compiled 1 variants (0.02s CPU time), skipped 0 variants
    Prepared data for serialisation in 0.00s
Serialized binary data for shader Hidden/BlitCopyHDRTonemap in 0.00s
    metal (total internal programs: 2, unique: 2)
Compiling shader "Hidden/Internal-DebugPattern" pass "Target Color and DepthStencil" (vp)
    Full variant space:         1
    After settings filtering:   1
    After built-in stripping:   1
    After scriptable stripping: 1
    Processed in 0.00 seconds
    starting compilation...
    finished in 0.01 seconds. Local cache hits 0 (0.00s CPU time), remote cache hits 0 (0.00s CPU time), compiled 1 variants (0.01s CPU time), skipped 0 variants
    Prepared data for serialisation in 0.00s
Compiling shader "Hidden/Internal-DebugPattern" pass "Target Color and DepthStencil" (fp)
    Full variant space:         1
    After settings filtering:   1
    After built-in stripping:   1
    After scriptable stripping: 1
    Processed in 0.00 seconds
    starting compilation...
    finished in 0.01 seconds. Local cache hits 0 (0.00s CPU time), remote cache hits 0 (0.00s CPU time), compiled 1 variants (0.01s CPU time), skipped 0 variants
    Prepared data for serialisation in 0.00s
Compiling shader "Hidden/Internal-DebugPattern" pass "Target only Color" (vp)
    Full variant space:         1
    After settings filtering:   1
    After built-in stripping:   1
    After scriptable stripping: 1
    Processed in 0.00 seconds
    starting compilation...
    finished in 0.02 seconds. Local cache hits 0 (0.00s CPU time), remote cache hits 0 (0.00s CPU time), compiled 1 variants (0.02s CPU time), skipped 0 variants
    Prepared data for serialisation in 0.00s
Compiling shader "Hidden/Internal-DebugPattern" pass "Target only Color" (fp)
    Full variant space:         1
    After settings filtering:   1
    After built-in stripping:   1
    After scriptable stripping: 1
    Processed in 0.00 seconds
    starting compilation...
    finished in 0.01 seconds. Local cache hits 0 (0.00s CPU time), remote cache hits 0 (0.00s CPU time), compiled 1 variants (0.01s CPU time), skipped 0 variants
    Prepared data for serialisation in 0.00s
Compiling shader "Hidden/Internal-DebugPattern" pass "Target only DepthStencil" (vp)
    Full variant space:         1
    After settings filtering:   1
    After built-in stripping:   1
    After scriptable stripping: 1
    Processed in 0.00 seconds
    starting compilation...
    finished in 0.02 seconds. Local cache hits 0 (0.00s CPU time), remote cache hits 0 (0.00s CPU time), compiled 1 variants (0.02s CPU time), skipped 0 variants
    Prepared data for serialisation in 0.00s
Compiling shader "Hidden/Internal-DebugPattern" pass "Target only DepthStencil" (fp)
    Full variant space:         1
    After settings filtering:   1
    After built-in stripping:   1
    After scriptable stripping: 1
    Processed in 0.00 seconds
    starting compilation...
    finished in 0.03 seconds. Local cache hits 0 (0.00s CPU time), remote cache hits 0 (0.00s CPU time), compiled 1 variants (0.03s CPU time), skipped 0 variants
    Prepared data for serialisation in 0.00s
Serialized binary data for shader Hidden/Internal-DebugPattern in 0.00s
    metal (total internal programs: 6, unique: 4)
Compiling shader "Hidden/Internal-GUITextureClip" pass "" (vp)
    Full variant space:         1
    After settings filtering:   1
    After built-in stripping:   1
    After scriptable stripping: 1
    Processed in 0.00 seconds
    starting compilation...
    finished in 0.00 seconds. Local cache hits 1 (0.00s CPU time), remote cache hits 0 (0.00s CPU time), compiled 0 variants (0.00s CPU time), skipped 0 variants
    Prepared data for serialisation in 0.00s
Compiling shader "Hidden/Internal-GUITextureClip" pass "" (fp)
    Full variant space:         1
    After settings filtering:   1
    After built-in stripping:   1
    After scriptable stripping: 1
    Processed in 0.00 seconds
    starting compilation...
    finished in 0.00 seconds. Local cache hits 1 (0.00s CPU time), remote cache hits 0 (0.00s CPU time), compiled 0 variants (0.00s CPU time), skipped 0 variants
    Prepared data for serialisation in 0.00s
Compiling shader "Hidden/Internal-GUITextureClip" pass "" (vp)
    Full variant space:         1
    After settings filtering:   1
    After built-in stripping:   1
    After scriptable stripping: 1
    Processed in 0.00 seconds
    starting compilation...
    finished in 0.00 seconds. Local cache hits 1 (0.00s CPU time), remote cache hits 0 (0.00s CPU time), compiled 0 variants (0.00s CPU time), skipped 0 variants
    Prepared data for serialisation in 0.00s
Compiling shader "Hidden/Internal-GUITextureClip" pass "" (fp)
    Full variant space:         1
    After settings filtering:   1
    After built-in stripping:   1
    After scriptable stripping: 1
    Processed in 0.00 seconds
    starting compilation...
    finished in 0.00 seconds. Local cache hits 1 (0.00s CPU time), remote cache hits 0 (0.00s CPU time), compiled 0 variants (0.00s CPU time), skipped 0 variants
    Prepared data for serialisation in 0.00s
Serialized binary data for shader Hidden/Internal-GUITextureClip in 0.00s
    metal (total internal programs: 4, unique: 2)
Compiling shader "Hidden/Internal-GUITextureClipText" pass "" (vp)
    Full variant space:         1
    After settings filtering:   1
    After built-in stripping:   1
    After scriptable stripping: 1
    Processed in 0.00 seconds
    starting compilation...
    finished in 0.00 seconds. Local cache hits 1 (0.00s CPU time), remote cache hits 0 (0.00s CPU time), compiled 0 variants (0.00s CPU time), skipped 0 variants
    Prepared data for serialisation in 0.00s
Compiling shader "Hidden/Internal-GUITextureClipText" pass "" (fp)
    Full variant space:         1
    After settings filtering:   1
    After built-in stripping:   1
    After scriptable stripping: 1
    Processed in 0.00 seconds
    starting compilation...
    finished in 0.00 seconds. Local cache hits 1 (0.00s CPU time), remote cache hits 0 (0.00s CPU time), compiled 0 variants (0.00s CPU time), skipped 0 variants
    Prepared data for serialisation in 0.00s
Compiling shader "Hidden/Internal-GUITextureClipText" pass "" (vp)
    Full variant space:         1
    After settings filtering:   1
    After built-in stripping:   1
    After scriptable stripping: 1
    Processed in 0.00 seconds
    starting compilation...
    finished in 0.00 seconds. Local cache hits 1 (0.00s CPU time), remote cache hits 0 (0.00s CPU time), compiled 0 variants (0.00s CPU time), skipped 0 variants
    Prepared data for serialisation in 0.00s
Compiling shader "Hidden/Internal-GUITextureClipText" pass "" (fp)
    Full variant space:         1
    After settings filtering:   1
    After built-in stripping:   1
    After scriptable stripping: 1
    Processed in 0.00 seconds
    starting compilation...
    finished in 0.00 seconds. Local cache hits 1 (0.00s CPU time), remote cache hits 0 (0.00s CPU time), compiled 0 variants (0.00s CPU time), skipped 0 variants
    Prepared data for serialisation in 0.00s
Serialized binary data for shader Hidden/Internal-GUITextureClipText in 0.00s
    metal (total internal programs: 4, unique: 2)
Compiling shader "Hidden/Internal-GUITexture" pass "" (vp)
    Full variant space:         1
    After settings filtering:   1
    After built-in stripping:   1
    After scriptable stripping: 1
    Processed in 0.00 seconds
    starting compilation...
    finished in 0.00 seconds. Local cache hits 1 (0.00s CPU time), remote cache hits 0 (0.00s CPU time), compiled 0 variants (0.00s CPU time), skipped 0 variants
    Prepared data for serialisation in 0.00s
Compiling shader "Hidden/Internal-GUITexture" pass "" (fp)
    Full variant space:         1
    After settings filtering:   1
    After built-in stripping:   1
    After scriptable stripping: 1
    Processed in 0.00 seconds
    starting compilation...
    finished in 0.00 seconds. Local cache hits 1 (0.00s CPU time), remote cache hits 0 (0.00s CPU time), compiled 0 variants (0.00s CPU time), skipped 0 variants
    Prepared data for serialisation in 0.00s
Compiling shader "Hidden/Internal-GUITexture" pass "" (vp)
    Full variant space:         1
    After settings filtering:   1
    After built-in stripping:   1
    After scriptable stripping: 1
    Processed in 0.00 seconds
    starting compilation...
    finished in 0.00 seconds. Local cache hits 1 (0.00s CPU time), remote cache hits 0 (0.00s CPU time), compiled 0 variants (0.00s CPU time), skipped 0 variants
    Prepared data for serialisation in 0.00s
Compiling shader "Hidden/Internal-GUITexture" pass "" (fp)
    Full variant space:         1
    After settings filtering:   1
    After built-in stripping:   1
    After scriptable stripping: 1
    Processed in 0.00 seconds
    starting compilation...
    finished in 0.00 seconds. Local cache hits 1 (0.00s CPU time), remote cache hits 0 (0.00s CPU time), compiled 0 variants (0.00s CPU time), skipped 0 variants
    Prepared data for serialisation in 0.00s
Serialized binary data for shader Hidden/Internal-GUITexture in 0.00s
    metal (total internal programs: 4, unique: 2)
Compiling shader "Hidden/Internal-GUITextureBlit" pass "" (vp)
    Full variant space:         1
    After settings filtering:   1
    After built-in stripping:   1
    After scriptable stripping: 1
    Processed in 0.00 seconds
    starting compilation...
    finished in 0.00 seconds. Local cache hits 1 (0.00s CPU time), remote cache hits 0 (0.00s CPU time), compiled 0 variants (0.00s CPU time), skipped 0 variants
    Prepared data for serialisation in 0.00s
Compiling shader "Hidden/Internal-GUITextureBlit" pass "" (fp)
    Full variant space:         1
    After settings filtering:   1
    After built-in stripping:   1
    After scriptable stripping: 1
    Processed in 0.00 seconds
    starting compilation...
    finished in 0.00 seconds. Local cache hits 1 (0.00s CPU time), remote cache hits 0 (0.00s CPU time), compiled 0 variants (0.00s CPU time), skipped 0 variants
    Prepared data for serialisation in 0.00s
Compiling shader "Hidden/Internal-GUITextureBlit" pass "" (vp)
    Full variant space:         1
    After settings filtering:   1
    After built-in stripping:   1
    After scriptable stripping: 1
    Processed in 0.00 seconds
    starting compilation...
    finished in 0.00 seconds. Local cache hits 1 (0.00s CPU time), remote cache hits 0 (0.00s CPU time), compiled 0 variants (0.00s CPU time), skipped 0 variants
    Prepared data for serialisation in 0.00s
Compiling shader "Hidden/Internal-GUITextureBlit" pass "" (fp)
    Full variant space:         1
    After settings filtering:   1
    After built-in stripping:   1
    After scriptable stripping: 1
    Processed in 0.00 seconds
    starting compilation...
    finished in 0.00 seconds. Local cache hits 1 (0.00s CPU time), remote cache hits 0 (0.00s CPU time), compiled 0 variants (0.00s CPU time), skipped 0 variants
    Prepared data for serialisation in 0.00s
Serialized binary data for shader Hidden/Internal-GUITextureBlit in 0.00s
    metal (total internal programs: 4, unique: 2)
Compiling shader "Hidden/Internal-GUIRoundedRect" pass "" (vp)
    Full variant space:         1
    After settings filtering:   1
    After built-in stripping:   1
    After scriptable stripping: 1
    Processed in 0.00 seconds
    starting compilation...
    finished in 0.00 seconds. Local cache hits 1 (0.00s CPU time), remote cache hits 0 (0.00s CPU time), compiled 0 variants (0.00s CPU time), skipped 0 variants
    Prepared data for serialisation in 0.00s
Compiling shader "Hidden/Internal-GUIRoundedRect" pass "" (fp)
    Full variant space:         1
    After settings filtering:   1
    After built-in stripping:   1
    After scriptable stripping: 1
    Processed in 0.00 seconds
    starting compilation...
    finished in 0.00 seconds. Local cache hits 1 (0.00s CPU time), remote cache hits 0 (0.00s CPU time), compiled 0 variants (0.00s CPU time), skipped 0 variants
    Prepared data for serialisation in 0.00s
Compiling shader "Hidden/Internal-GUIRoundedRect" pass "" (vp)
    Full variant space:         1
    After settings filtering:   1
    After built-in stripping:   1
    After scriptable stripping: 1
    Processed in 0.00 seconds
    starting compilation...
    finished in 0.00 seconds. Local cache hits 1 (0.00s CPU time), remote cache hits 0 (0.00s CPU time), compiled 0 variants (0.00s CPU time), skipped 0 variants
    Prepared data for serialisation in 0.00s
Compiling shader "Hidden/Internal-GUIRoundedRect" pass "" (fp)
    Full variant space:         1
    After settings filtering:   1
    After built-in stripping:   1
    After scriptable stripping: 1
    Processed in 0.00 seconds
    starting compilation...
    finished in 0.00 seconds. Local cache hits 1 (0.00s CPU time), remote cache hits 0 (0.00s CPU time), compiled 0 variants (0.00s CPU time), skipped 0 variants
    Prepared data for serialisation in 0.00s
Serialized binary data for shader Hidden/Internal-GUIRoundedRect in 0.00s
    metal (total internal programs: 4, unique: 2)
Compiling shader "Hidden/Internal-GUIRoundedRectWithColorPerBorder" pass "" (vp)
    Full variant space:         1
    After settings filtering:   1
    After built-in stripping:   1
    After scriptable stripping: 1
    Processed in 0.00 seconds
    starting compilation...
    finished in 0.00 seconds. Local cache hits 1 (0.00s CPU time), remote cache hits 0 (0.00s CPU time), compiled 0 variants (0.00s CPU time), skipped 0 variants
    Prepared data for serialisation in 0.00s
Compiling shader "Hidden/Internal-GUIRoundedRectWithColorPerBorder" pass "" (fp)
    Full variant space:         1
    After settings filtering:   1
    After built-in stripping:   1
    After scriptable stripping: 1
    Processed in 0.00 seconds
    starting compilation...
    finished in 0.00 seconds. Local cache hits 1 (0.00s CPU time), remote cache hits 0 (0.00s CPU time), compiled 0 variants (0.00s CPU time), skipped 0 variants
    Prepared data for serialisation in 0.00s
Compiling shader "Hidden/Internal-GUIRoundedRectWithColorPerBorder" pass "" (vp)
    Full variant space:         1
    After settings filtering:   1
    After built-in stripping:   1
    After scriptable stripping: 1
    Processed in 0.00 seconds
    starting compilation...
    finished in 0.00 seconds. Local cache hits 1 (0.00s CPU time), remote cache hits 0 (0.00s CPU time), compiled 0 variants (0.00s CPU time), skipped 0 variants
    Prepared data for serialisation in 0.00s
Compiling shader "Hidden/Internal-GUIRoundedRectWithColorPerBorder" pass "" (fp)
    Full variant space:         1
    After settings filtering:   1
    After built-in stripping:   1
    After scriptable stripping: 1
    Processed in 0.00 seconds
    starting compilation...
    finished in 0.00 seconds. Local cache hits 1 (0.00s CPU time), remote cache hits 0 (0.00s CPU time), compiled 0 variants (0.00s CPU time), skipped 0 variants
    Prepared data for serialisation in 0.00s
Serialized binary data for shader Hidden/Internal-GUIRoundedRectWithColorPerBorder in 0.00s
    metal (total internal programs: 4, unique: 2)
Compiling shader "Hidden/Internal-UIRDefault" pass "" (vp)
    Full variant space:         1
    After settings filtering:   1
    After built-in stripping:   1
    After scriptable stripping: 1
    Processed in 0.00 seconds
    starting compilation...
    finished in 0.05 seconds. Local cache hits 0 (0.00s CPU time), remote cache hits 0 (0.00s CPU time), compiled 1 variants (0.05s CPU time), skipped 0 variants
    Prepared data for serialisation in 0.00s
Compiling shader "Hidden/Internal-UIRDefault" pass "" (fp)
    Full variant space:         1
    After settings filtering:   1
    After built-in stripping:   1
    After scriptable stripping: 1
    Processed in 0.00 seconds
    starting compilation...
    finished in 0.08 seconds. Local cache hits 0 (0.00s CPU time), remote cache hits 0 (0.00s CPU time), compiled 1 variants (0.08s CPU time), skipped 0 variants
    Prepared data for serialisation in 0.00s
Compiling shader "Hidden/Internal-UIRDefault" pass "" (vp)
    Full variant space:         1
    After settings filtering:   1
    After built-in stripping:   1
    After scriptable stripping: 1
    Processed in 0.00 seconds
    starting compilation...
    finished in 0.03 seconds. Local cache hits 0 (0.00s CPU time), remote cache hits 0 (0.00s CPU time), compiled 1 variants (0.03s CPU time), skipped 0 variants
    Prepared data for serialisation in 0.00s
Compiling shader "Hidden/Internal-UIRDefault" pass "" (fp)
    Full variant space:         1
    After settings filtering:   1
    After built-in stripping:   1
    After scriptable stripping: 1
    Processed in 0.00 seconds
    starting compilation...
    finished in 0.07 seconds. Local cache hits 0 (0.00s CPU time), remote cache hits 0 (0.00s CPU time), compiled 1 variants (0.07s CPU time), skipped 0 variants
    Prepared data for serialisation in 0.00s
Serialized binary data for shader Hidden/Internal-UIRDefault in 0.00s
    metal (total internal programs: 4, unique: 4)
Compiling shader "Hidden/Internal-UIRAtlasBlitCopy" pass "" (vp)
    Full variant space:         1
    After settings filtering:   1
    After built-in stripping:   1
    After scriptable stripping: 1
    Processed in 0.00 seconds
    starting compilation...
    finished in 0.00 seconds. Local cache hits 1 (0.00s CPU time), remote cache hits 0 (0.00s CPU time), compiled 0 variants (0.00s CPU time), skipped 0 variants
    Prepared data for serialisation in 0.00s
Compiling shader "Hidden/Internal-UIRAtlasBlitCopy" pass "" (fp)
    Full variant space:         1
    After settings filtering:   1
    After built-in stripping:   1
    After scriptable stripping: 1
    Processed in 0.00 seconds
    starting compilation...
    finished in 0.00 seconds. Local cache hits 1 (0.00s CPU time), remote cache hits 0 (0.00s CPU time), compiled 0 variants (0.00s CPU time), skipped 0 variants
    Prepared data for serialisation in 0.00s
Serialized binary data for shader Hidden/Internal-UIRAtlasBlitCopy in 0.00s
    metal (total internal programs: 2, unique: 2)
Compiling shader "Hidden/Internal-UIRDefaultWorld" pass "" (vp)
    Full variant space:         1
    After settings filtering:   1
    After built-in stripping:   1
    After scriptable stripping: 1
    Processed in 0.00 seconds
    starting compilation...
    finished in 0.04 seconds. Local cache hits 0 (0.00s CPU time), remote cache hits 0 (0.00s CPU time), compiled 1 variants (0.04s CPU time), skipped 0 variants
    Prepared data for serialisation in 0.00s
Compiling shader "Hidden/Internal-UIRDefaultWorld" pass "" (fp)
    Full variant space:         1
    After settings filtering:   1
    After built-in stripping:   1
    After scriptable stripping: 1
    Processed in 0.00 seconds
    starting compilation...
    finished in 0.07 seconds. Local cache hits 0 (0.00s CPU time), remote cache hits 0 (0.00s CPU time), compiled 1 variants (0.07s CPU time), skipped 0 variants
    Prepared data for serialisation in 0.00s
Compiling shader "Hidden/Internal-UIRDefaultWorld" pass "" (vp)
    Full variant space:         1
    After settings filtering:   1
    After built-in stripping:   1
    After scriptable stripping: 1
    Processed in 0.00 seconds
    starting compilation...
    finished in 0.04 seconds. Local cache hits 0 (0.00s CPU time), remote cache hits 0 (0.00s CPU time), compiled 1 variants (0.04s CPU time), skipped 0 variants
    Prepared data for serialisation in 0.00s
Compiling shader "Hidden/Internal-UIRDefaultWorld" pass "" (fp)
    Full variant space:         1
    After settings filtering:   1
    After built-in stripping:   1
    After scriptable stripping: 1
    Processed in 0.00 seconds
    starting compilation...
    finished in 0.07 seconds. Local cache hits 0 (0.00s CPU time), remote cache hits 0 (0.00s CPU time), compiled 1 variants (0.07s CPU time), skipped 0 variants
    Prepared data for serialisation in 0.00s
Serialized binary data for shader Hidden/Internal-UIRDefaultWorld in 0.00s
    metal (total internal programs: 4, unique: 4)
Compiling shader "Sprites/Default" pass "" (vp)
    Full variant space:         8
    After settings filtering:   8
    After built-in stripping:   4
    After scriptable stripping: 4
    Processed in 0.00 seconds
    starting compilation...
    finished in 0.01 seconds. Local cache hits 0 (0.00s CPU time), remote cache hits 0 (0.00s CPU time), compiled 4 variants (0.05s CPU time), skipped 0 variants
    Prepared data for serialisation in 0.00s
Compiling shader "Sprites/Default" pass "" (fp)
    Full variant space:         8
    After settings filtering:   8
    After built-in stripping:   4
    After scriptable stripping: 4
    Processed in 0.00 seconds
    starting compilation...
    finished in 0.01 seconds. Local cache hits 0 (0.00s CPU time), remote cache hits 0 (0.00s CPU time), compiled 4 variants (0.03s CPU time), skipped 0 variants
    Prepared data for serialisation in 0.00s
Serialized binary data for shader Sprites/Default in 0.00s
    metal (total internal programs: 8, unique: 8)
Compiling shader "Sprites/Mask" pass "" (vp)
    Full variant space:         4
    After settings filtering:   4
    After built-in stripping:   4
    After scriptable stripping: 4
    Processed in 0.00 seconds
    starting compilation...
    finished in 0.01 seconds. Local cache hits 0 (0.00s CPU time), remote cache hits 0 (0.00s CPU time), compiled 4 variants (0.05s CPU time), skipped 0 variants
    Prepared data for serialisation in 0.00s
Compiling shader "Sprites/Mask" pass "" (fp)
    Full variant space:         4
    After settings filtering:   4
    After built-in stripping:   4
    After scriptable stripping: 4
    Processed in 0.00 seconds
    starting compilation...
    finished in 0.01 seconds. Local cache hits 0 (0.00s CPU time), remote cache hits 0 (0.00s CPU time), compiled 4 variants (0.04s CPU time), skipped 0 variants
    Prepared data for serialisation in 0.00s
Serialized binary data for shader Sprites/Mask in 0.00s
    metal (total internal programs: 8, unique: 8)
Compiling shader "UI/Default" pass "Default" (vp)
    Full variant space:         4
    After settings filtering:   4
    After built-in stripping:   4
    After scriptable stripping: 4
    Processed in 0.00 seconds
    starting compilation...
    finished in 0.02 seconds. Local cache hits 1 (0.00s CPU time), remote cache hits 0 (0.00s CPU time), compiled 3 variants (0.06s CPU time), skipped 0 variants
    Prepared data for serialisation in 0.00s
Compiling shader "UI/Default" pass "Default" (fp)
    Full variant space:         4
    After settings filtering:   4
    After built-in stripping:   4
    After scriptable stripping: 4
    Processed in 0.00 seconds
    starting compilation...
    finished in 0.01 seconds. Local cache hits 1 (0.00s CPU time), remote cache hits 0 (0.00s CPU time), compiled 3 variants (0.04s CPU time), skipped 0 variants
    Prepared data for serialisation in 0.00s
Serialized binary data for shader UI/Default in 0.00s
    metal (total internal programs: 8, unique: 8)
Compiling shader "Hidden/CubeBlur" pass "" (vp)
    Full variant space:         1
    After settings filtering:   1
    After built-in stripping:   1
    After scriptable stripping: 1
    Processed in 0.00 seconds
    starting compilation...
    finished in 0.01 seconds. Local cache hits 0 (0.00s CPU time), remote cache hits 0 (0.00s CPU time), compiled 1 variants (0.01s CPU time), skipped 0 variants
    Prepared data for serialisation in 0.00s
Compiling shader "Hidden/CubeBlur" pass "" (fp)
    Full variant space:         1
    After settings filtering:   1
    After built-in stripping:   1
    After scriptable stripping: 1
    Processed in 0.00 seconds
    starting compilation...
    finished in 0.11 seconds. Local cache hits 0 (0.00s CPU time), remote cache hits 0 (0.00s CPU time), compiled 1 variants (0.11s CPU time), skipped 0 variants
    Prepared data for serialisation in 0.00s
Compiling shader "Hidden/CubeBlur" pass "" (vp)
    Full variant space:         1
    After settings filtering:   1
    After built-in stripping:   1
    After scriptable stripping: 1
    Processed in 0.00 seconds
    starting compilation...
    finished in 0.03 seconds. Local cache hits 0 (0.00s CPU time), remote cache hits 0 (0.00s CPU time), compiled 1 variants (0.03s CPU time), skipped 0 variants
    Prepared data for serialisation in 0.00s
Compiling shader "Hidden/CubeBlur" pass "" (fp)
    Full variant space:         1
    After settings filtering:   1
    After built-in stripping:   1
    After scriptable stripping: 1
    Processed in 0.00 seconds
    starting compilation...
    finished in 0.03 seconds. Local cache hits 0 (0.00s CPU time), remote cache hits 0 (0.00s CPU time), compiled 1 variants (0.03s CPU time), skipped 0 variants
    Prepared data for serialisation in 0.00s
Serialized binary data for shader Hidden/CubeBlur in 0.00s
    metal (total internal programs: 4, unique: 3)
Compiling shader "Hidden/CubeCopy" pass "" (vp)
    Full variant space:         1
    After settings filtering:   1
    After built-in stripping:   1
    After scriptable stripping: 1
    Processed in 0.00 seconds
    starting compilation...
    finished in 0.06 seconds. Local cache hits 0 (0.00s CPU time), remote cache hits 0 (0.00s CPU time), compiled 1 variants (0.06s CPU time), skipped 0 variants
    Prepared data for serialisation in 0.00s
Compiling shader "Hidden/CubeCopy" pass "" (fp)
    Full variant space:         1
    After settings filtering:   1
    After built-in stripping:   1
    After scriptable stripping: 1
    Processed in 0.00 seconds
    starting compilation...
    finished in 0.02 seconds. Local cache hits 0 (0.00s CPU time), remote cache hits 0 (0.00s CPU time), compiled 1 variants (0.02s CPU time), skipped 0 variants
    Prepared data for serialisation in 0.00s
Compiling shader "Hidden/CubeCopy" pass "" (vp)
    Full variant space:         1
    After settings filtering:   1
    After built-in stripping:   1
    After scriptable stripping: 1
    Processed in 0.00 seconds
    starting compilation...
    finished in 0.03 seconds. Local cache hits 0 (0.00s CPU time), remote cache hits 0 (0.00s CPU time), compiled 1 variants (0.03s CPU time), skipped 0 variants
    Prepared data for serialisation in 0.00s
Compiling shader "Hidden/CubeCopy" pass "" (fp)
    Full variant space:         1
    After settings filtering:   1
    After built-in stripping:   1
    After scriptable stripping: 1
    Processed in 0.00 seconds
    starting compilation...
    finished in 0.01 seconds. Local cache hits 0 (0.00s CPU time), remote cache hits 0 (0.00s CPU time), compiled 1 variants (0.01s CPU time), skipped 0 variants
    Prepared data for serialisation in 0.00s
Serialized binary data for shader Hidden/CubeCopy in 0.00s
    metal (total internal programs: 4, unique: 2)
Compiling shader "Hidden/CubeBlend" pass "" (vp)
    Full variant space:         1
    After settings filtering:   1
    After built-in stripping:   1
    After scriptable stripping: 1
    Processed in 0.00 seconds
    starting compilation...
    finished in 0.02 seconds. Local cache hits 0 (0.00s CPU time), remote cache hits 0 (0.00s CPU time), compiled 1 variants (0.02s CPU time), skipped 0 variants
    Prepared data for serialisation in 0.00s
Compiling shader "Hidden/CubeBlend" pass "" (fp)
    Full variant space:         1
    After settings filtering:   1
    After built-in stripping:   1
    After scriptable stripping: 1
    Processed in 0.00 seconds
    starting compilation...
    finished in 0.01 seconds. Local cache hits 0 (0.00s CPU time), remote cache hits 0 (0.00s CPU time), compiled 1 variants (0.01s CPU time), skipped 0 variants
    Prepared data for serialisation in 0.00s
Compiling shader "Hidden/CubeBlend" pass "" (vp)
    Full variant space:         1
    After settings filtering:   1
    After built-in stripping:   1
    After scriptable stripping: 1
    Processed in 0.00 seconds
    starting compilation...
    finished in 0.01 seconds. Local cache hits 0 (0.00s CPU time), remote cache hits 0 (0.00s CPU time), compiled 1 variants (0.01s CPU time), skipped 0 variants
    Prepared data for serialisation in 0.00s
Compiling shader "Hidden/CubeBlend" pass "" (fp)
    Full variant space:         1
    After settings filtering:   1
    After built-in stripping:   1
    After scriptable stripping: 1
    Processed in 0.00 seconds
    starting compilation...
    finished in 0.01 seconds. Local cache hits 0 (0.00s CPU time), remote cache hits 0 (0.00s CPU time), compiled 1 variants (0.01s CPU time), skipped 0 variants
    Prepared data for serialisation in 0.00s
Serialized binary data for shader Hidden/CubeBlend in 0.00s
    metal (total internal programs: 4, unique: 2)
Compiling shader "Hidden/VR/BlitTexArraySlice" pass "" (vp)
    Full variant space:         1
    After settings filtering:   1
    After built-in stripping:   1
    After scriptable stripping: 1
    Processed in 0.00 seconds
    starting compilation...
    finished in 0.01 seconds. Local cache hits 0 (0.00s CPU time), remote cache hits 0 (0.00s CPU time), compiled 1 variants (0.01s CPU time), skipped 0 variants
    Prepared data for serialisation in 0.00s
Compiling shader "Hidden/VR/BlitTexArraySlice" pass "" (fp)
    Full variant space:         1
    After settings filtering:   1
    After built-in stripping:   1
    After scriptable stripping: 1
    Processed in 0.00 seconds
    starting compilation...
    finished in 0.01 seconds. Local cache hits 0 (0.00s CPU time), remote cache hits 0 (0.00s CPU time), compiled 1 variants (0.01s CPU time), skipped 0 variants
    Prepared data for serialisation in 0.00s
Serialized binary data for shader Hidden/VR/BlitTexArraySlice in 0.00s
    metal (total internal programs: 2, unique: 2)
Compiling shader "Hidden/Internal-ODSWorldTexture" pass "" (vp)
    Full variant space:         1
    After settings filtering:   1
    After built-in stripping:   1
    After scriptable stripping: 1
    Processed in 0.00 seconds
    starting compilation...
    finished in 0.01 seconds. Local cache hits 0 (0.00s CPU time), remote cache hits 0 (0.00s CPU time), compiled 1 variants (0.01s CPU time), skipped 0 variants
    Prepared data for serialisation in 0.00s
Compiling shader "Hidden/Internal-ODSWorldTexture" pass "" (fp)
    Full variant space:         1
    After settings filtering:   1
    After built-in stripping:   1
    After scriptable stripping: 1
    Processed in 0.00 seconds
    starting compilation...
    finished in 0.01 seconds. Local cache hits 0 (0.00s CPU time), remote cache hits 0 (0.00s CPU time), compiled 1 variants (0.01s CPU time), skipped 0 variants
    Prepared data for serialisation in 0.00s
Compiling shader "Hidden/Internal-ODSWorldTexture" pass "" (vp)
    Full variant space:         1
    After settings filtering:   1
    After built-in stripping:   1
    After scriptable stripping: 1
    Processed in 0.00 seconds
    starting compilation...
    finished in 0.01 seconds. Local cache hits 0 (0.00s CPU time), remote cache hits 0 (0.00s CPU time), compiled 1 variants (0.01s CPU time), skipped 0 variants
    Prepared data for serialisation in 0.00s
Compiling shader "Hidden/Internal-ODSWorldTexture" pass "" (fp)
    Full variant space:         1
    After settings filtering:   1
    After built-in stripping:   1
    After scriptable stripping: 1
    Processed in 0.00 seconds
    starting compilation...
    finished in 0.01 seconds. Local cache hits 0 (0.00s CPU time), remote cache hits 0 (0.00s CPU time), compiled 1 variants (0.01s CPU time), skipped 0 variants
    Prepared data for serialisation in 0.00s
Compiling shader "Hidden/Internal-ODSWorldTexture" pass "" (vp)
    Full variant space:         1
    After settings filtering:   1
    After built-in stripping:   1
    After scriptable stripping: 1
    Processed in 0.00 seconds
    starting compilation...
    finished in 0.03 seconds. Local cache hits 0 (0.00s CPU time), remote cache hits 0 (0.00s CPU time), compiled 1 variants (0.03s CPU time), skipped 0 variants
    Prepared data for serialisation in 0.00s
Compiling shader "Hidden/Internal-ODSWorldTexture" pass "" (fp)
    Full variant space:         1
    After settings filtering:   1
    After built-in stripping:   1
    After scriptable stripping: 1
    Processed in 0.00 seconds
    starting compilation...
    finished in 0.01 seconds. Local cache hits 0 (0.00s CPU time), remote cache hits 0 (0.00s CPU time), compiled 1 variants (0.01s CPU time), skipped 0 variants
    Prepared data for serialisation in 0.00s
Compiling shader "Hidden/Internal-ODSWorldTexture" pass "" (vp)
    Full variant space:         1
    After settings filtering:   1
    After built-in stripping:   1
    After scriptable stripping: 1
    Processed in 0.00 seconds
    starting compilation...
    finished in 0.04 seconds. Local cache hits 0 (0.00s CPU time), remote cache hits 0 (0.00s CPU time), compiled 1 variants (0.04s CPU time), skipped 0 variants
    Prepared data for serialisation in 0.00s
Compiling shader "Hidden/Internal-ODSWorldTexture" pass "" (fp)
    Full variant space:         1
    After settings filtering:   1
    After built-in stripping:   1
    After scriptable stripping: 1
    Processed in 0.00 seconds
    starting compilation...
    finished in 0.01 seconds. Local cache hits 0 (0.00s CPU time), remote cache hits 0 (0.00s CPU time), compiled 1 variants (0.01s CPU time), skipped 0 variants
    Prepared data for serialisation in 0.00s
Compiling shader "Hidden/Internal-ODSWorldTexture" pass "" (vp)
    Full variant space:         1
    After settings filtering:   1
    After built-in stripping:   1
    After scriptable stripping: 1
    Processed in 0.00 seconds
    starting compilation...
    finished in 0.02 seconds. Local cache hits 0 (0.00s CPU time), remote cache hits 0 (0.00s CPU time), compiled 1 variants (0.02s CPU time), skipped 0 variants
    Prepared data for serialisation in 0.00s
Compiling shader "Hidden/Internal-ODSWorldTexture" pass "" (fp)
    Full variant space:         1
    After settings filtering:   1
    After built-in stripping:   1
    After scriptable stripping: 1
    Processed in 0.00 seconds
    starting compilation...
    finished in 0.01 seconds. Local cache hits 0 (0.00s CPU time), remote cache hits 0 (0.00s CPU time), compiled 1 variants (0.01s CPU time), skipped 0 variants
    Prepared data for serialisation in 0.00s
Compiling shader "Hidden/Internal-ODSWorldTexture" pass "" (vp)
    Full variant space:         1
    After settings filtering:   1
    After built-in stripping:   1
    After scriptable stripping: 1
    Processed in 0.00 seconds
    starting compilation...
    finished in 0.02 seconds. Local cache hits 0 (0.00s CPU time), remote cache hits 0 (0.00s CPU time), compiled 1 variants (0.02s CPU time), skipped 0 variants
    Prepared data for serialisation in 0.00s
Compiling shader "Hidden/Internal-ODSWorldTexture" pass "" (fp)
    Full variant space:         1
    After settings filtering:   1
    After built-in stripping:   1
    After scriptable stripping: 1
    Processed in 0.00 seconds
    starting compilation...
    finished in 0.01 seconds. Local cache hits 0 (0.00s CPU time), remote cache hits 0 (0.00s CPU time), compiled 1 variants (0.01s CPU time), skipped 0 variants
    Prepared data for serialisation in 0.00s
Compiling shader "Hidden/Internal-ODSWorldTexture" pass "" (vp)
    Full variant space:         1
    After settings filtering:   1
    After built-in stripping:   1
    After scriptable stripping: 1
    Processed in 0.00 seconds
    starting compilation...
    finished in 0.02 seconds. Local cache hits 0 (0.00s CPU time), remote cache hits 0 (0.00s CPU time), compiled 1 variants (0.02s CPU time), skipped 0 variants
    Prepared data for serialisation in 0.00s
Compiling shader "Hidden/Internal-ODSWorldTexture" pass "" (fp)
    Full variant space:         1
    After settings filtering:   1
    After built-in stripping:   1
    After scriptable stripping: 1
    Processed in 0.00 seconds
    starting compilation...
    finished in 0.01 seconds. Local cache hits 0 (0.00s CPU time), remote cache hits 0 (0.00s CPU time), compiled 1 variants (0.01s CPU time), skipped 0 variants
    Prepared data for serialisation in 0.00s
Compiling shader "Hidden/Internal-ODSWorldTexture" pass "" (vp)
    Full variant space:         1
    After settings filtering:   1
    After built-in stripping:   1
    After scriptable stripping: 1
    Processed in 0.00 seconds
    starting compilation...
    finished in 0.02 seconds. Local cache hits 0 (0.00s CPU time), remote cache hits 0 (0.00s CPU time), compiled 1 variants (0.02s CPU time), skipped 0 variants
    Prepared data for serialisation in 0.00s
Compiling shader "Hidden/Internal-ODSWorldTexture" pass "" (fp)
    Full variant space:         1
    After settings filtering:   1
    After built-in stripping:   1
    After scriptable stripping: 1
    Processed in 0.00 seconds
    starting compilation...
    finished in 0.01 seconds. Local cache hits 0 (0.00s CPU time), remote cache hits 0 (0.00s CPU time), compiled 1 variants (0.01s CPU time), skipped 0 variants
    Prepared data for serialisation in 0.00s
Compiling shader "Hidden/Internal-ODSWorldTexture" pass "" (vp)
    Full variant space:         1
    After settings filtering:   1
    After built-in stripping:   1
    After scriptable stripping: 1
    Processed in 0.00 seconds
    starting compilation...
    finished in 0.03 seconds. Local cache hits 0 (0.00s CPU time), remote cache hits 0 (0.00s CPU time), compiled 1 variants (0.03s CPU time), skipped 0 variants
    Prepared data for serialisation in 0.00s
Compiling shader "Hidden/Internal-ODSWorldTexture" pass "" (fp)
    Full variant space:         1
    After settings filtering:   1
    After built-in stripping:   1
    After scriptable stripping: 1
    Processed in 0.00 seconds
    starting compilation...
    finished in 0.01 seconds. Local cache hits 0 (0.00s CPU time), remote cache hits 0 (0.00s CPU time), compiled 1 variants (0.01s CPU time), skipped 0 variants
    Prepared data for serialisation in 0.00s
Compiling shader "Hidden/Internal-ODSWorldTexture" pass "" (vp)
    Full variant space:         1
    After settings filtering:   1
    After built-in stripping:   1
    After scriptable stripping: 1
    Processed in 0.00 seconds
    starting compilation...
    finished in 0.03 seconds. Local cache hits 0 (0.00s CPU time), remote cache hits 0 (0.00s CPU time), compiled 1 variants (0.03s CPU time), skipped 0 variants
    Prepared data for serialisation in 0.00s
Compiling shader "Hidden/Internal-ODSWorldTexture" pass "" (fp)
    Full variant space:         1
    After settings filtering:   1
    After built-in stripping:   1
    After scriptable stripping: 1
    Processed in 0.00 seconds
    starting compilation...
    finished in 0.01 seconds. Local cache hits 0 (0.00s CPU time), remote cache hits 0 (0.00s CPU time), compiled 1 variants (0.01s CPU time), skipped 0 variants
    Prepared data for serialisation in 0.00s
Serialized binary data for shader Hidden/Internal-ODSWorldTexture in 0.00s
    metal (total internal programs: 20, unique: 14)
Compiling shader "Hidden/Internal-CubemapToEquirect" pass "" (vp)
    Full variant space:         1
    After settings filtering:   1
    After built-in stripping:   1
    After scriptable stripping: 1
    Processed in 0.00 seconds
    starting compilation...
    finished in 0.01 seconds. Local cache hits 0 (0.00s CPU time), remote cache hits 0 (0.00s CPU time), compiled 1 variants (0.01s CPU time), skipped 0 variants
    Prepared data for serialisation in 0.00s
Compiling shader "Hidden/Internal-CubemapToEquirect" pass "" (fp)
    Full variant space:         1
    After settings filtering:   1
    After built-in stripping:   1
    After scriptable stripping: 1
    Processed in 0.00 seconds
    starting compilation...
    finished in 0.01 seconds. Local cache hits 0 (0.00s CPU time), remote cache hits 0 (0.00s CPU time), compiled 1 variants (0.01s CPU time), skipped 0 variants
    Prepared data for serialisation in 0.00s
Serialized binary data for shader Hidden/Internal-CubemapToEquirect in 0.00s
    metal (total internal programs: 2, unique: 2)
    Prepared data for serialisation in 0.00s
    Prepared data for serialisation in 0.00s
Compiling shader "Hidden/VR/BlitFromTex2DToTexArraySlice" pass "" (vp)
    Full variant space:         1
    After settings filtering:   1
    After built-in stripping:   1
    After scriptable stripping: 1
    Processed in 0.00 seconds
    starting compilation...
    finished in 0.00 seconds. Local cache hits 0 (0.00s CPU time), remote cache hits 0 (0.00s CPU time), compiled 0 variants (0.00s CPU time), skipped 1 variants
    Prepared data for serialisation in 0.00s
Compiling shader "Hidden/VR/BlitFromTex2DToTexArraySlice" pass "" (fp)
    Full variant space:         1
    After settings filtering:   1
    After built-in stripping:   1
    After scriptable stripping: 1
    Processed in 0.00 seconds
    starting compilation...
    finished in 0.00 seconds. Local cache hits 0 (0.00s CPU time), remote cache hits 0 (0.00s CPU time), compiled 0 variants (0.00s CPU time), skipped 1 variants
    Prepared data for serialisation in 0.00s
Compiling shader "Hidden/VR/BlitFromTex2DToTexArraySlice" pass "" (gp)
    Full variant space:         1
    After settings filtering:   1
    After built-in stripping:   1
    After scriptable stripping: 1
    Processed in 0.00 seconds
    starting compilation...
    finished in 0.00 seconds. Local cache hits 0 (0.00s CPU time), remote cache hits 0 (0.00s CPU time), compiled 0 variants (0.00s CPU time), skipped 1 variants
    Prepared data for serialisation in 0.00s
Serialized binary data for shader Hidden/VR/BlitFromTex2DToTexArraySlice in 0.00s
    metal (total internal programs: 0, unique: 0)
Compiling shader "Hidden/VideoComposite" pass "Default" (vp)
    Full variant space:         1
    After settings filtering:   1
    After built-in stripping:   1
    After scriptable stripping: 1
    Processed in 0.00 seconds
    starting compilation...
    finished in 0.01 seconds. Local cache hits 0 (0.00s CPU time), remote cache hits 0 (0.00s CPU time), compiled 1 variants (0.01s CPU time), skipped 0 variants
    Prepared data for serialisation in 0.00s
Compiling shader "Hidden/VideoComposite" pass "Default" (fp)
    Full variant space:         1
    After settings filtering:   1
    After built-in stripping:   1
    After scriptable stripping: 1
    Processed in 0.00 seconds
    starting compilation...
    finished in 0.01 seconds. Local cache hits 0 (0.00s CPU time), remote cache hits 0 (0.00s CPU time), compiled 1 variants (0.01s CPU time), skipped 0 variants
    Prepared data for serialisation in 0.00s
Serialized binary data for shader Hidden/VideoComposite in 0.00s
    metal (total internal programs: 2, unique: 2)
Compiling shader "Hidden/VideoDecode" pass "YCbCr_To_RGB1" (vp)
    Full variant space:         2
    After settings filtering:   2
    After built-in stripping:   2
    After scriptable stripping: 2
    Processed in 0.00 seconds
    starting compilation...
    finished in 0.01 seconds. Local cache hits 0 (0.00s CPU time), remote cache hits 0 (0.00s CPU time), compiled 2 variants (0.03s CPU time), skipped 0 variants
    Prepared data for serialisation in 0.00s
Compiling shader "Hidden/VideoDecode" pass "YCbCr_To_RGB1" (fp)
    Full variant space:         2
    After settings filtering:   2
    After built-in stripping:   2
    After scriptable stripping: 2
    Processed in 0.00 seconds
    starting compilation...
    finished in 0.01 seconds. Local cache hits 0 (0.00s CPU time), remote cache hits 0 (0.00s CPU time), compiled 2 variants (0.02s CPU time), skipped 0 variants
    Prepared data for serialisation in 0.00s
Compiling shader "Hidden/VideoDecode" pass "YCbCrA_To_RGBAFull" (vp)
    Full variant space:         2
    After settings filtering:   2
    After built-in stripping:   2
    After scriptable stripping: 2
    Processed in 0.00 seconds
    starting compilation...
    finished in 0.01 seconds. Local cache hits 0 (0.00s CPU time), remote cache hits 0 (0.00s CPU time), compiled 2 variants (0.02s CPU time), skipped 0 variants
    Prepared data for serialisation in 0.00s
Compiling shader "Hidden/VideoDecode" pass "YCbCrA_To_RGBAFull" (fp)
    Full variant space:         2
    After settings filtering:   2
    After built-in stripping:   2
    After scriptable stripping: 2
    Processed in 0.00 seconds
    starting compilation...
    finished in 0.01 seconds. Local cache hits 0 (0.00s CPU time), remote cache hits 0 (0.00s CPU time), compiled 2 variants (0.02s CPU time), skipped 0 variants
    Prepared data for serialisation in 0.00s
Compiling shader "Hidden/VideoDecode" pass "YCbCrA_To_RGBA" (vp)
    Full variant space:         2
    After settings filtering:   2
    After built-in stripping:   2
    After scriptable stripping: 2
    Processed in 0.00 seconds
    starting compilation...
    finished in 0.01 seconds. Local cache hits 0 (0.00s CPU time), remote cache hits 0 (0.00s CPU time), compiled 2 variants (0.02s CPU time), skipped 0 variants
    Prepared data for serialisation in 0.00s
Compiling shader "Hidden/VideoDecode" pass "YCbCrA_To_RGBA" (fp)
    Full variant space:         2
    After settings filtering:   2
    After built-in stripping:   2
    After scriptable stripping: 2
    Processed in 0.00 seconds
    starting compilation...
    finished in 0.01 seconds. Local cache hits 0 (0.00s CPU time), remote cache hits 0 (0.00s CPU time), compiled 2 variants (0.02s CPU time), skipped 0 variants
    Prepared data for serialisation in 0.00s
Compiling shader "Hidden/VideoDecode" pass "Flip_RGBA_To_RGBA" (vp)
    Full variant space:         2
    After settings filtering:   2
    After built-in stripping:   2
    After scriptable stripping: 2
    Processed in 0.00 seconds
    starting compilation...
    finished in 0.01 seconds. Local cache hits 0 (0.00s CPU time), remote cache hits 0 (0.00s CPU time), compiled 2 variants (0.02s CPU time), skipped 0 variants
    Prepared data for serialisation in 0.00s
Compiling shader "Hidden/VideoDecode" pass "Flip_RGBA_To_RGBA" (fp)
    Full variant space:         2
    After settings filtering:   2
    After built-in stripping:   2
    After scriptable stripping: 2
    Processed in 0.00 seconds
    starting compilation...
    finished in 0.01 seconds. Local cache hits 0 (0.00s CPU time), remote cache hits 0 (0.00s CPU time), compiled 2 variants (0.01s CPU time), skipped 0 variants
    Prepared data for serialisation in 0.00s
Compiling shader "Hidden/VideoDecode" pass "Flip_RGBASplit_To_RGBA" (vp)
    Full variant space:         2
    After settings filtering:   2
    After built-in stripping:   2
    After scriptable stripping: 2
    Processed in 0.00 seconds
    starting compilation...
    finished in 0.01 seconds. Local cache hits 0 (0.00s CPU time), remote cache hits 0 (0.00s CPU time), compiled 2 variants (0.02s CPU time), skipped 0 variants
    Prepared data for serialisation in 0.00s
Compiling shader "Hidden/VideoDecode" pass "Flip_RGBASplit_To_RGBA" (fp)
    Full variant space:         2
    After settings filtering:   2
    After built-in stripping:   2
    After scriptable stripping: 2
    Processed in 0.00 seconds
    starting compilation...
    finished in 0.01 seconds. Local cache hits 0 (0.00s CPU time), remote cache hits 0 (0.00s CPU time), compiled 2 variants (0.01s CPU time), skipped 0 variants
    Prepared data for serialisation in 0.00s
Compiling shader "Hidden/VideoDecode" pass "Flip_NV12_To_RGB1" (vp)
    Full variant space:         2
    After settings filtering:   2
    After built-in stripping:   2
    After scriptable stripping: 2
    Processed in 0.00 seconds
    starting compilation...
    finished in 0.01 seconds. Local cache hits 0 (0.00s CPU time), remote cache hits 0 (0.00s CPU time), compiled 2 variants (0.02s CPU time), skipped 0 variants
    Prepared data for serialisation in 0.00s
Compiling shader "Hidden/VideoDecode" pass "Flip_NV12_To_RGB1" (fp)
    Full variant space:         2
    After settings filtering:   2
    After built-in stripping:   2
    After scriptable stripping: 2
    Processed in 0.00 seconds
    starting compilation...
    finished in 0.01 seconds. Local cache hits 0 (0.00s CPU time), remote cache hits 0 (0.00s CPU time), compiled 2 variants (0.02s CPU time), skipped 0 variants
    Prepared data for serialisation in 0.00s
Compiling shader "Hidden/VideoDecode" pass "Flip_NV12_To_RGBA" (vp)
    Full variant space:         2
    After settings filtering:   2
    After built-in stripping:   2
    After scriptable stripping: 2
    Processed in 0.00 seconds
    starting compilation...
    finished in 0.01 seconds. Local cache hits 0 (0.00s CPU time), remote cache hits 0 (0.00s CPU time), compiled 2 variants (0.02s CPU time), skipped 0 variants
    Prepared data for serialisation in 0.00s
Compiling shader "Hidden/VideoDecode" pass "Flip_NV12_To_RGBA" (fp)
    Full variant space:         2
    After settings filtering:   2
    After built-in stripping:   2
    After scriptable stripping: 2
    Processed in 0.00 seconds
    starting compilation...
    finished in 0.01 seconds. Local cache hits 0 (0.00s CPU time), remote cache hits 0 (0.00s CPU time), compiled 2 variants (0.02s CPU time), skipped 0 variants
    Prepared data for serialisation in 0.00s
Compiling shader "Hidden/VideoDecode" pass "Flip_P010_To_RGB1" (vp)
    Full variant space:         1
    After settings filtering:   1
    After built-in stripping:   1
    After scriptable stripping: 1
    Processed in 0.00 seconds
    starting compilation...
    finished in 0.01 seconds. Local cache hits 0 (0.00s CPU time), remote cache hits 0 (0.00s CPU time), compiled 1 variants (0.01s CPU time), skipped 0 variants
    Prepared data for serialisation in 0.00s
Compiling shader "Hidden/VideoDecode" pass "Flip_P010_To_RGB1" (fp)
    Full variant space:         1
    After settings filtering:   1
    After built-in stripping:   1
    After scriptable stripping: 1
    Processed in 0.00 seconds
    starting compilation...
    finished in 0.01 seconds. Local cache hits 0 (0.00s CPU time), remote cache hits 0 (0.00s CPU time), compiled 1 variants (0.01s CPU time), skipped 0 variants
    Prepared data for serialisation in 0.00s
Serialized binary data for shader Hidden/VideoDecode in 0.00s
    metal (total internal programs: 30, unique: 19)
    Prepared data for serialisation in 0.00s
    Prepared data for serialisation in 0.00s
    Prepared data for serialisation in 0.00s
    Prepared data for serialisation in 0.00s
Serialized binary data for shader Hidden/VideoDecodeOSX in 0.00s
    metal (total internal programs: 0, unique: 0)
Compiling shader "Hidden/TextCore/Distance Field SSD" pass "" (vp)
    Full variant space:         1
    After settings filtering:   1
    After built-in stripping:   1
    After scriptable stripping: 1
    Processed in 0.00 seconds
    starting compilation...
    finished in 0.02 seconds. Local cache hits 0 (0.00s CPU time), remote cache hits 0 (0.00s CPU time), compiled 1 variants (0.02s CPU time), skipped 0 variants
    Prepared data for serialisation in 0.00s
Compiling shader "Hidden/TextCore/Distance Field SSD" pass "" (fp)
    Full variant space:         1
    After settings filtering:   1
    After built-in stripping:   1
    After scriptable stripping: 1
    Processed in 0.00 seconds
    starting compilation...
    finished in 0.01 seconds. Local cache hits 0 (0.00s CPU time), remote cache hits 0 (0.00s CPU time), compiled 1 variants (0.01s CPU time), skipped 0 variants
    Prepared data for serialisation in 0.00s
Serialized binary data for shader Hidden/TextCore/Distance Field SSD in 0.00s
    metal (total internal programs: 2, unique: 2)
[40m[32minfo[39m[22m[49m: Microsoft.AspNetCore.Hosting.Diagnostics[1]
      Request starting HTTP/2 POST http://ilpp/UnityILPP.PostProcessing/Ping application/grpc -
[40m[32minfo[39m[22m[49m: Microsoft.AspNetCore.Routing.EndpointMiddleware[0]
      Executing endpoint 'gRPC - /UnityILPP.PostProcessing/Ping'
[40m[32minfo[39m[22m[49m: Microsoft.AspNetCore.Routing.EndpointMiddleware[1]
      Executed endpoint 'gRPC - /UnityILPP.PostProcessing/Ping'
[40m[32minfo[39m[22m[49m: Microsoft.AspNetCore.Hosting.Diagnostics[2]
      Request finished HTTP/2 POST http://ilpp/UnityILPP.PostProcessing/Ping application/grpc - - 200 - application/grpc 2.2600ms
Starting: /Applications/Unity/Hub/Editor/2022.3.23f1/Unity.app/Contents/bee_backend --dont-print-to-structured-log --ipc --dagfile="Library/Bee/Playercecf0e14.dag" --profile="Library/Bee/backend1.traceevents" Player
WorkingDir: /Users/enricoangelico/Desktop/TurtleBot3_v4/MobRob_2026_MovingObstacles/turtlebot3UnityDQN
DisplayProgressbar: Incremental Player Build
[             ] Require frontend run.  Library/Bee/Playercecf0e14.dag couldn't be loaded
Starting: /Applications/Unity/Hub/Editor/2022.3.23f1/Unity.app/Contents/Tools/netcorerun/netcorerun "/Applications/Unity/Hub/Editor/2022.3.23f1/Unity.app/Contents/PlaybackEngines/MacStandaloneSupport/MacStandalonePlayerBuildProgram.exe" "/Applications/Unity/Hub/Editor/2022.3.23f1/Unity.app/Contents/PlaybackEngines/MacStandaloneSupport/Bee:/Applications/Unity/Hub/Editor/2022.3.23f1/Unity.app/Contents/Tools/BuildPipeline" "Library/Bee/Playercecf0e14.dag.json" "Library/Bee/Playercecf0e14-inputdata.json" "Library/Bee/buildprogram0.traceevents"
WorkingDir: /Users/enricoangelico/Desktop/TurtleBot3_v4/MobRob_2026_MovingObstacles/turtlebot3UnityDQN
ExitCode: 4 Duration: 0s269ms
ExitCode: 0 Duration: 0s589ms
Starting: /Applications/Unity/Hub/Editor/2022.3.23f1/Unity.app/Contents/bee_backend --dont-print-to-structured-log --ipc --dagfile="Library/Bee/Playercecf0e14.dag" --dagfilejson="Library/Bee/Playercecf0e14.dag.json" --profile="Library/Bee/backend2.traceevents" Player
WorkingDir: /Users/enricoangelico/Desktop/TurtleBot3_v4/MobRob_2026_MovingObstacles/turtlebot3UnityDQN
Finished compiling graph: 377 nodes, 901 flattened edges (901 ToBuild, 0 ToUse), maximum node priority 10
[  1/376    0s] WriteText Library/Bee/artifacts/csharpactions/boot.config_l6pt.info
[  2/376    0s] WriteText Library/Bee/artifacts/csharpactions/libgrpc_csharp_ext.x64.bundle_ym8g.info
[  3/376    0s] WriteText Library/Bee/artifacts/csharpactions/lib_burst_generated.dylib_vgo0.info
[  4/376    0s] WriteText Library/Bee/artifacts/csharpactions/UnityPlayer.dylib_gf63.info
[  5/376    0s] WriteText Library/Bee/artifacts/MacStandalonePlayerBuildProgram/Data/app.info
[  6/376    0s] CopyFiles /Users/enricoangelico/Desktop/TurtleBot3_v4/MobRob_2026_MovingObstacles/DQN/env/macos_training/SafeRobotics.app/Contents/MonoBleedingEdge/etc/mono/config
[  7/376    0s] CopyFiles /Users/enricoangelico/Desktop/TurtleBot3_v4/MobRob_2026_MovingObstacles/DQN/env/macos_training/SafeRobotics.app/Contents/Resources/Data/app.info
[  8/376    0s] CopyFiles /Users/enricoangelico/Desktop/TurtleBot3_v4/MobRob_2026_MovingObstacles/DQN/env/macos_training/SafeRobotics.app/Contents/MonoBleedingEdge/etc/mono/browscap.ini
[  9/376    0s] CopyFiles /Users/enricoangelico/Desktop/TurtleBot3_v4/MobRob_2026_MovingObstacles/DQN/env/macos_training/SafeRobotics.app/Contents/MonoBleedingEdge/etc/mono/mconfig/config.xml
[ 10/376    0s] CopyFiles /Users/enricoangelico/Desktop/TurtleBot3_v4/MobRob_2026_MovingObstacles/DQN/env/macos_training/SafeRobotics.app/Contents/MonoBleedingEdge/etc/mono/4.5/web.config
[ 11/376    0s] CopyFiles /Users/enricoangelico/Desktop/TurtleBot3_v4/MobRob_2026_MovingObstacles/DQN/env/macos_training/SafeRobotics.app/Contents/MonoBleedingEdge/etc/mono/4.5/settings.map
[ 12/376    0s] CopyFiles /Users/enricoangelico/Desktop/TurtleBot3_v4/MobRob_2026_MovingObstacles/DQN/env/macos_training/SafeRobotics.app/Contents/MonoBleedingEdge/etc/mono/4.5/DefaultWsdlHelpGenerator.aspx
[ 13/376    0s] CopyFiles /Users/enricoangelico/Desktop/TurtleBot3_v4/MobRob_2026_MovingObstacles/DQN/env/macos_training/SafeRobotics.app/Contents/MonoBleedingEdge/etc/mono/4.0/settings.map
[ 14/376    0s] CopyFiles /Users/enricoangelico/Desktop/TurtleBot3_v4/MobRob_2026_MovingObstacles/DQN/env/macos_training/SafeRobotics.app/Contents/MonoBleedingEdge/etc/mono/4.5/machine.config
[ 15/376    0s] CopyFiles /Users/enricoangelico/Desktop/TurtleBot3_v4/MobRob_2026_MovingObstacles/DQN/env/macos_training/SafeRobotics.app/Contents/MonoBleedingEdge/etc/mono/4.5/Browsers/Compat.browser
[ 16/376    0s] CopyFiles /Users/enricoangelico/Desktop/TurtleBot3_v4/MobRob_2026_MovingObstacles/DQN/env/macos_training/SafeRobotics.app/Contents/MonoBleedingEdge/etc/mono/4.0/DefaultWsdlHelpGenerator.aspx
[ 17/376    0s] CopyFiles /Users/enricoangelico/Desktop/TurtleBot3_v4/MobRob_2026_MovingObstacles/DQN/env/macos_training/SafeRobotics.app/Contents/MonoBleedingEdge/etc/mono/4.0/web.config
[ 18/376    0s] CopyFiles /Users/enricoangelico/Desktop/TurtleBot3_v4/MobRob_2026_MovingObstacles/DQN/env/macos_training/SafeRobotics.app/Contents/MonoBleedingEdge/etc/mono/4.0/machine.config
[ 19/376    0s] CopyFiles /Users/enricoangelico/Desktop/TurtleBot3_v4/MobRob_2026_MovingObstacles/DQN/env/macos_training/SafeRobotics.app/Contents/MonoBleedingEdge/etc/mono/2.0/settings.map
[ 20/376    0s] CopyFiles /Users/enricoangelico/Desktop/TurtleBot3_v4/MobRob_2026_MovingObstacles/DQN/env/macos_training/SafeRobotics.app/Contents/MonoBleedingEdge/etc/mono/4.0/Browsers/Compat.browser
[ 21/376    0s] CopyFiles /Users/enricoangelico/Desktop/TurtleBot3_v4/MobRob_2026_MovingObstacles/DQN/env/macos_training/SafeRobotics.app/Contents/MonoBleedingEdge/etc/mono/2.0/web.config
[ 22/376    0s] CopyFiles /Users/enricoangelico/Desktop/TurtleBot3_v4/MobRob_2026_MovingObstacles/DQN/env/macos_training/SafeRobotics.app/Contents/MonoBleedingEdge/etc/mono/2.0/DefaultWsdlHelpGenerator.aspx
[ 23/376    0s] CopyFiles /Users/enricoangelico/Desktop/TurtleBot3_v4/MobRob_2026_MovingObstacles/DQN/env/macos_training/SafeRobotics.app/Contents/MonoBleedingEdge/etc/mono/2.0/machine.config
[ 24/376    0s] CopyFiles /Users/enricoangelico/Desktop/TurtleBot3_v4/MobRob_2026_MovingObstacles/DQN/env/macos_training/SafeRobotics.app/Contents/MonoBleedingEdge/etc/mono/2.0/Browsers/Compat.browser
[ 25/376    0s] CopyFiles /Users/enricoangelico/Desktop/TurtleBot3_v4/MobRob_2026_MovingObstacles/DQN/env/macos_training/SafeRobotics.app/Contents/Frameworks/libmono-native.dylib
[ 26/376    0s] CopyFiles /Users/enricoangelico/Desktop/TurtleBot3_v4/MobRob_2026_MovingObstacles/DQN/env/macos_training/SafeRobotics.app/Contents/Frameworks/libmonobdwgc-2.0.dylib
[ 27/376    0s] CopyFiles /Users/enricoangelico/Desktop/TurtleBot3_v4/MobRob_2026_MovingObstacles/DQN/env/macos_training/SafeRobotics.app/Contents/Resources/DefaultPreferences.plist
[ 28/376    0s] CopyFiles /Users/enricoangelico/Desktop/TurtleBot3_v4/MobRob_2026_MovingObstacles/DQN/env/macos_training/SafeRobotics.app/Contents/Frameworks/libMonoPosixHelper.dylib
[ 29/376    0s] CopyFiles /Users/enricoangelico/Desktop/TurtleBot3_v4/MobRob_2026_MovingObstacles/DQN/env/macos_training/SafeRobotics.app/Contents/Resources/unity default resources
[ 30/376    0s] CopyFiles /Users/enricoangelico/Desktop/TurtleBot3_v4/MobRob_2026_MovingObstacles/DQN/env/macos_training/SafeRobotics.app/Contents/Resources/MainMenu.nib/keyedobjects.nib
[ 31/376    0s] CopyFiles /Users/enricoangelico/Desktop/TurtleBot3_v4/MobRob_2026_MovingObstacles/DQN/env/macos_training/SafeRobotics.app/Contents/Resources/MainMenu.nib/designable.nib
[ 32/376    0s] CopyFiles /Users/enricoangelico/Desktop/TurtleBot3_v4/MobRob_2026_MovingObstacles/DQN/env/macos_training/SafeRobotics.app/Contents/Resources/Data/globalgamemanagers.assets
[ 33/376    0s] CopyFiles /Users/enricoangelico/Desktop/TurtleBot3_v4/MobRob_2026_MovingObstacles/DQN/env/macos_training/SafeRobotics.app/Contents/Resources/Data/globalgamemanagers.assets.resS
[ 34/376    0s] CopyFiles /Users/enricoangelico/Desktop/TurtleBot3_v4/MobRob_2026_MovingObstacles/DQN/env/macos_training/SafeRobotics.app/Contents/Resources/Data/level0
[ 35/376    0s] CopyFiles /Users/enricoangelico/Desktop/TurtleBot3_v4/MobRob_2026_MovingObstacles/DQN/env/macos_training/SafeRobotics.app/Contents/Resources/Data/level0.resS
[ 36/376    0s] CopyFiles /Users/enricoangelico/Desktop/TurtleBot3_v4/MobRob_2026_MovingObstacles/DQN/env/macos_training/SafeRobotics.app/Contents/Resources/Data/resources.assets
[ 37/376    0s] CopyFiles /Users/enricoangelico/Desktop/TurtleBot3_v4/MobRob_2026_MovingObstacles/DQN/env/macos_training/SafeRobotics.app/Contents/Resources/Data/Resources/unity_builtin_extra
[ 38/376    0s] WriteText /Users/enricoangelico/Desktop/TurtleBot3_v4/MobRob_2026_MovingObstacles/DQN/env/macos_training/SafeRobotics.app/Contents/Info.plist
[ 39/376    0s] CopyFiles /Users/enricoangelico/Desktop/TurtleBot3_v4/MobRob_2026_MovingObstacles/DQN/env/macos_training/SafeRobotics.app/Contents/Resources/Data/sharedassets0.assets
[ 40/376    0s] CopyFiles /Users/enricoangelico/Desktop/TurtleBot3_v4/MobRob_2026_MovingObstacles/DQN/env/macos_training/SafeRobotics.app/Contents/Resources/Data/RuntimeInitializeOnLoads.json
[ 41/376    0s] CopyFiles /Users/enricoangelico/Desktop/TurtleBot3_v4/MobRob_2026_MovingObstacles/DQN/env/macos_training/SafeRobotics.app/Contents/Resources/Data/ScriptingAssemblies.json
[ 42/376    0s] CopyFiles /Users/enricoangelico/Desktop/TurtleBot3_v4/MobRob_2026_MovingObstacles/DQN/env/macos_training/SafeRobotics.app/Contents/Resources/Data/sharedassets0.assets.resS
[ 43/376    0s] CopyFiles /Users/enricoangelico/Desktop/TurtleBot3_v4/MobRob_2026_MovingObstacles/DQN/env/macos_training/SafeRobotics.app/Contents/Resources/Data/globalgamemanagers
[ 44/376    0s] CopyFiles /Users/enricoangelico/Desktop/TurtleBot3_v4/MobRob_2026_MovingObstacles/DQN/env/macos_training/SafeRobotics.app/Contents/Resources/Data/Managed/UnityEngine.ARModule.dll
[ 45/376    0s] CopyFiles /Users/enricoangelico/Desktop/TurtleBot3_v4/MobRob_2026_MovingObstacles/DQN/env/macos_training/SafeRobotics.app/Contents/Resources/Data/Managed/UnityEngine.AndroidJNIModule.dll
[ 46/376    0s] CopyFiles /Users/enricoangelico/Desktop/TurtleBot3_v4/MobRob_2026_MovingObstacles/DQN/env/macos_training/SafeRobotics.app/Contents/Resources/Data/Managed/UnityEngine.AccessibilityModule.dll
[ 47/376    0s] CopyFiles /Users/enricoangelico/Desktop/TurtleBot3_v4/MobRob_2026_MovingObstacles/DQN/env/macos_training/SafeRobotics.app/Contents/Resources/Data/Managed/UnityEngine.AIModule.dll
[ 48/376    0s] CopyFiles /Users/enricoangelico/Desktop/TurtleBot3_v4/MobRob_2026_MovingObstacles/DQN/env/macos_training/SafeRobotics.app/Contents/Resources/Data/Managed/UnityEngine.AssetBundleModule.dll
[ 49/376    0s] CopyFiles /Users/enricoangelico/Desktop/TurtleBot3_v4/MobRob_2026_MovingObstacles/DQN/env/macos_training/SafeRobotics.app/Contents/Resources/Data/Managed/UnityEngine.AnimationModule.dll
[ 50/376    0s] CopyFiles /Users/enricoangelico/Desktop/TurtleBot3_v4/MobRob_2026_MovingObstacles/DQN/env/macos_training/SafeRobotics.app/Contents/Resources/Data/Managed/UnityEngine.ClothModule.dll
[ 51/376    0s] CopyFiles /Users/enricoangelico/Desktop/TurtleBot3_v4/MobRob_2026_MovingObstacles/DQN/env/macos_training/SafeRobotics.app/Contents/Resources/Data/Managed/UnityEngine.AudioModule.dll
[ 52/376    0s] CopyFiles /Users/enricoangelico/Desktop/TurtleBot3_v4/MobRob_2026_MovingObstacles/DQN/env/macos_training/SafeRobotics.app/Contents/Resources/Data/Managed/UnityEngine.ClusterInputModule.dll
[ 53/376    0s] CopyFiles /Users/enricoangelico/Desktop/TurtleBot3_v4/MobRob_2026_MovingObstacles/DQN/env/macos_training/SafeRobotics.app/Contents/Resources/Data/Managed/UnityEngine.CoreModule.dll
[ 54/376    0s] CopyFiles /Users/enricoangelico/Desktop/TurtleBot3_v4/MobRob_2026_MovingObstacles/DQN/env/macos_training/SafeRobotics.app/Contents/Resources/Data/Managed/UnityEngine.ClusterRendererModule.dll
[ 55/376    0s] CopyFiles /Users/enricoangelico/Desktop/TurtleBot3_v4/MobRob_2026_MovingObstacles/DQN/env/macos_training/SafeRobotics.app/Contents/Resources/Data/Managed/UnityEngine.ContentLoadModule.dll
[ 56/376    0s] CopyFiles /Users/enricoangelico/Desktop/TurtleBot3_v4/MobRob_2026_MovingObstacles/DQN/env/macos_training/SafeRobotics.app/Contents/Resources/Data/Managed/UnityEngine.CrashReportingModule.dll
[ 57/376    0s] CopyFiles /Users/enricoangelico/Desktop/TurtleBot3_v4/MobRob_2026_MovingObstacles/DQN/env/macos_training/SafeRobotics.app/Contents/Resources/Data/Managed/UnityEngine.DSPGraphModule.dll
[ 58/376    0s] CopyFiles /Users/enricoangelico/Desktop/TurtleBot3_v4/MobRob_2026_MovingObstacles/DQN/env/macos_training/SafeRobotics.app/Contents/Resources/Data/Managed/UnityEngine.DirectorModule.dll
[ 59/376    0s] CopyFiles /Users/enricoangelico/Desktop/TurtleBot3_v4/MobRob_2026_MovingObstacles/DQN/env/macos_training/SafeRobotics.app/Contents/Resources/Data/Managed/UnityEngine.HotReloadModule.dll
[ 60/376    0s] CopyFiles /Users/enricoangelico/Desktop/TurtleBot3_v4/MobRob_2026_MovingObstacles/DQN/env/macos_training/SafeRobotics.app/Contents/Resources/Data/Managed/UnityEngine.GridModule.dll
[ 61/376    0s] CopyFiles /Users/enricoangelico/Desktop/TurtleBot3_v4/MobRob_2026_MovingObstacles/DQN/env/macos_training/SafeRobotics.app/Contents/Resources/Data/Managed/UnityEngine.GameCenterModule.dll
[ 62/376    0s] CopyFiles /Users/enricoangelico/Desktop/TurtleBot3_v4/MobRob_2026_MovingObstacles/DQN/env/macos_training/SafeRobotics.app/Contents/Resources/Data/Managed/UnityEngine.IMGUIModule.dll
[ 63/376    0s] CopyFiles /Users/enricoangelico/Desktop/TurtleBot3_v4/MobRob_2026_MovingObstacles/DQN/env/macos_training/SafeRobotics.app/Contents/Resources/Data/Managed/UnityEngine.GIModule.dll
[ 64/376    0s] CopyFiles /Users/enricoangelico/Desktop/TurtleBot3_v4/MobRob_2026_MovingObstacles/DQN/env/macos_training/SafeRobotics.app/Contents/Resources/Data/Managed/UnityEngine.ImageConversionModule.dll
[ 65/376    0s] CopyFiles /Users/enricoangelico/Desktop/TurtleBot3_v4/MobRob_2026_MovingObstacles/DQN/env/macos_training/SafeRobotics.app/Contents/Resources/Data/Managed/UnityEngine.LocalizationModule.dll
[ 66/376    0s] CopyFiles /Users/enricoangelico/Desktop/TurtleBot3_v4/MobRob_2026_MovingObstacles/DQN/env/macos_training/SafeRobotics.app/Contents/Resources/Data/Managed/UnityEngine.InputModule.dll
[ 67/376    0s] CopyFiles /Users/enricoangelico/Desktop/TurtleBot3_v4/MobRob_2026_MovingObstacles/DQN/env/macos_training/SafeRobotics.app/Contents/Resources/Data/Managed/UnityEngine.JSONSerializeModule.dll
[ 68/376    0s] CopyFiles /Users/enricoangelico/Desktop/TurtleBot3_v4/MobRob_2026_MovingObstacles/DQN/env/macos_training/SafeRobotics.app/Contents/Resources/Data/Managed/UnityEngine.ParticleSystemModule.dll
[ 69/376    0s] CopyFiles /Users/enricoangelico/Desktop/TurtleBot3_v4/MobRob_2026_MovingObstacles/DQN/env/macos_training/SafeRobotics.app/Contents/Resources/Data/Managed/UnityEngine.InputLegacyModule.dll
[ 70/376    0s] CopyFiles /Users/enricoangelico/Desktop/TurtleBot3_v4/MobRob_2026_MovingObstacles/DQN/env/macos_training/SafeRobotics.app/Contents/Resources/Data/Managed/UnityEngine.PerformanceReportingModule.dll
[ 71/376    0s] CopyFiles /Users/enricoangelico/Desktop/TurtleBot3_v4/MobRob_2026_MovingObstacles/DQN/env/macos_training/SafeRobotics.app/Contents/Resources/Data/Managed/UnityEngine.RuntimeInitializeOnLoadManagerInitializerModule.dll
[ 72/376    0s] CopyFiles /Users/enricoangelico/Desktop/TurtleBot3_v4/MobRob_2026_MovingObstacles/DQN/env/macos_training/SafeRobotics.app/Contents/Resources/Data/Managed/UnityEngine.ScreenCaptureModule.dll
[ 73/376    0s] CopyFiles /Users/enricoangelico/Desktop/TurtleBot3_v4/MobRob_2026_MovingObstacles/DQN/env/macos_training/SafeRobotics.app/Contents/Resources/Data/Managed/UnityEngine.ProfilerModule.dll
[ 74/376    0s] CopyFiles /Users/enricoangelico/Desktop/TurtleBot3_v4/MobRob_2026_MovingObstacles/DQN/env/macos_training/SafeRobotics.app/Contents/Resources/Data/Managed/UnityEngine.Physics2DModule.dll
[ 75/376    0s] CopyFiles /Users/enricoangelico/Desktop/TurtleBot3_v4/MobRob_2026_MovingObstacles/DQN/env/macos_training/SafeRobotics.app/Contents/Resources/Data/Managed/UnityEngine.PhysicsModule.dll
[ 76/376    0s] CopyFiles /Users/enricoangelico/Desktop/TurtleBot3_v4/MobRob_2026_MovingObstacles/DQN/env/macos_training/SafeRobotics.app/Contents/Resources/Data/Managed/UnityEngine.PropertiesModule.dll
[ 77/376    0s] CopyFiles /Users/enricoangelico/Desktop/TurtleBot3_v4/MobRob_2026_MovingObstacles/DQN/env/macos_training/SafeRobotics.app/Contents/Resources/Data/Managed/UnityEngine.SharedInternalsModule.dll
[ 78/376    0s] CopyFiles /Users/enricoangelico/Desktop/TurtleBot3_v4/MobRob_2026_MovingObstacles/DQN/env/macos_training/SafeRobotics.app/Contents/Resources/Data/Managed/UnityEngine.SpriteShapeModule.dll
[ 79/376    0s] CopyFiles /Users/enricoangelico/Desktop/TurtleBot3_v4/MobRob_2026_MovingObstacles/DQN/env/macos_training/SafeRobotics.app/Contents/Resources/Data/Managed/UnityEngine.SpriteMaskModule.dll
[ 80/376    0s] CopyFiles /Users/enricoangelico/Desktop/TurtleBot3_v4/MobRob_2026_MovingObstacles/DQN/env/macos_training/SafeRobotics.app/Contents/Resources/Data/Managed/UnityEngine.StreamingModule.dll
[ 81/376    0s] CopyFiles /Users/enricoangelico/Desktop/TurtleBot3_v4/MobRob_2026_MovingObstacles/DQN/env/macos_training/SafeRobotics.app/Contents/Resources/Data/Managed/UnityEngine.SubstanceModule.dll
[ 82/376    0s] CopyFiles /Users/enricoangelico/Desktop/TurtleBot3_v4/MobRob_2026_MovingObstacles/DQN/env/macos_training/SafeRobotics.app/Contents/Resources/Data/Managed/UnityEngine.TerrainPhysicsModule.dll
[ 83/376    0s] CopyFiles /Users/enricoangelico/Desktop/TurtleBot3_v4/MobRob_2026_MovingObstacles/DQN/env/macos_training/SafeRobotics.app/Contents/Resources/Data/Managed/UnityEngine.SubsystemsModule.dll
[ 84/376    0s] CopyFiles /Users/enricoangelico/Desktop/TurtleBot3_v4/MobRob_2026_MovingObstacles/DQN/env/macos_training/SafeRobotics.app/Contents/Resources/Data/Managed/UnityEngine.TextCoreTextEngineModule.dll
[ 85/376    0s] CopyFiles /Users/enricoangelico/Desktop/TurtleBot3_v4/MobRob_2026_MovingObstacles/DQN/env/macos_training/SafeRobotics.app/Contents/Resources/Data/Managed/UnityEngine.TerrainModule.dll
[ 86/376    0s] CopyFiles /Users/enricoangelico/Desktop/TurtleBot3_v4/MobRob_2026_MovingObstacles/DQN/env/macos_training/SafeRobotics.app/Contents/Resources/Data/Managed/UnityEngine.TLSModule.dll
[ 87/376    0s] CopyFiles /Users/enricoangelico/Desktop/TurtleBot3_v4/MobRob_2026_MovingObstacles/DQN/env/macos_training/SafeRobotics.app/Contents/Resources/Data/Managed/UnityEngine.TextRenderingModule.dll
[ 88/376    0s] CopyFiles /Users/enricoangelico/Desktop/TurtleBot3_v4/MobRob_2026_MovingObstacles/DQN/env/macos_training/SafeRobotics.app/Contents/Resources/Data/Managed/UnityEngine.UIModule.dll
[ 89/376    0s] CopyFiles /Users/enricoangelico/Desktop/TurtleBot3_v4/MobRob_2026_MovingObstacles/DQN/env/macos_training/SafeRobotics.app/Contents/Resources/Data/Managed/UnityEngine.TextCoreFontEngineModule.dll
[ 90/376    0s] CopyFiles /Users/enricoangelico/Desktop/TurtleBot3_v4/MobRob_2026_MovingObstacles/DQN/env/macos_training/SafeRobotics.app/Contents/Resources/Data/Managed/UnityEngine.UnityAnalyticsCommonModule.dll
[ 91/376    0s] CopyFiles /Users/enricoangelico/Desktop/TurtleBot3_v4/MobRob_2026_MovingObstacles/DQN/env/macos_training/SafeRobotics.app/Contents/Resources/Data/Managed/UnityEngine.UnityAnalyticsModule.dll
[ 92/376    0s] CopyFiles /Users/enricoangelico/Desktop/TurtleBot3_v4/MobRob_2026_MovingObstacles/DQN/env/macos_training/SafeRobotics.app/Contents/Resources/Data/Managed/UnityEngine.UIElementsModule.dll
[ 93/376    0s] CopyFiles /Users/enricoangelico/Desktop/TurtleBot3_v4/MobRob_2026_MovingObstacles/DQN/env/macos_training/SafeRobotics.app/Contents/Resources/Data/Managed/UnityEngine.UnityTestProtocolModule.dll
[ 94/376    0s] CopyFiles /Users/enricoangelico/Desktop/TurtleBot3_v4/MobRob_2026_MovingObstacles/DQN/env/macos_training/SafeRobotics.app/Contents/Resources/Data/Managed/UnityEngine.TilemapModule.dll
[ 95/376    0s] CopyFiles /Users/enricoangelico/Desktop/TurtleBot3_v4/MobRob_2026_MovingObstacles/DQN/env/macos_training/SafeRobotics.app/Contents/Resources/Data/Managed/UnityEngine.UmbraModule.dll
[ 96/376    0s] CopyFiles /Users/enricoangelico/Desktop/TurtleBot3_v4/MobRob_2026_MovingObstacles/DQN/env/macos_training/SafeRobotics.app/Contents/Resources/Data/Managed/UnityEngine.UnityCurlModule.dll
[ 97/376    0s] CopyFiles /Users/enricoangelico/Desktop/TurtleBot3_v4/MobRob_2026_MovingObstacles/DQN/env/macos_training/SafeRobotics.app/Contents/Resources/Data/Managed/UnityEngine.UnityConnectModule.dll
[ 98/376    0s] CopyFiles /Users/enricoangelico/Desktop/TurtleBot3_v4/MobRob_2026_MovingObstacles/DQN/env/macos_training/SafeRobotics.app/Contents/Resources/Data/Managed/UnityEngine.UnityWebRequestAssetBundleModule.dll
[ 99/376    0s] CopyFiles /Users/enricoangelico/Desktop/TurtleBot3_v4/MobRob_2026_MovingObstacles/DQN/env/macos_training/SafeRobotics.app/Contents/Resources/Data/Managed/UnityEngine.UnityWebRequestModule.dll
[100/376    0s] CopyFiles /Users/enricoangelico/Desktop/TurtleBot3_v4/MobRob_2026_MovingObstacles/DQN/env/macos_training/SafeRobotics.app/Contents/Resources/Data/Managed/UnityEngine.UnityWebRequestWWWModule.dll
[101/376    0s] CopyFiles /Users/enricoangelico/Desktop/TurtleBot3_v4/MobRob_2026_MovingObstacles/DQN/env/macos_training/SafeRobotics.app/Contents/Resources/Data/Managed/UnityEngine.VFXModule.dll
[102/376    0s] CopyFiles /Users/enricoangelico/Desktop/TurtleBot3_v4/MobRob_2026_MovingObstacles/DQN/env/macos_training/SafeRobotics.app/Contents/Resources/Data/Managed/UnityEngine.UnityWebRequestTextureModule.dll
[103/376    0s] CopyFiles /Users/enricoangelico/Desktop/TurtleBot3_v4/MobRob_2026_MovingObstacles/DQN/env/macos_training/SafeRobotics.app/Contents/Resources/Data/Managed/UnityEngine.VRModule.dll
[104/376    0s] CopyFiles /Users/enricoangelico/Desktop/TurtleBot3_v4/MobRob_2026_MovingObstacles/DQN/env/macos_training/SafeRobotics.app/Contents/Resources/Data/Managed/UnityEngine.UnityWebRequestAudioModule.dll
[105/376    0s] CopyFiles /Users/enricoangelico/Desktop/TurtleBot3_v4/MobRob_2026_MovingObstacles/DQN/env/macos_training/SafeRobotics.app/Contents/Resources/Data/Managed/UnityEngine.VehiclesModule.dll
[106/376    0s] CopyFiles /Users/enricoangelico/Desktop/TurtleBot3_v4/MobRob_2026_MovingObstacles/DQN/env/macos_training/SafeRobotics.app/Contents/Resources/Data/Managed/UnityEngine.VideoModule.dll
[107/376    0s] CopyFiles /Users/enricoangelico/Desktop/TurtleBot3_v4/MobRob_2026_MovingObstacles/DQN/env/macos_training/SafeRobotics.app/Contents/Resources/Data/Managed/UnityEngine.WindModule.dll
[108/376    0s] CopyFiles /Users/enricoangelico/Desktop/TurtleBot3_v4/MobRob_2026_MovingObstacles/DQN/env/macos_training/SafeRobotics.app/Contents/Resources/Data/Managed/UnityEngine.VirtualTexturingModule.dll
[109/376    0s] CopyFiles /Users/enricoangelico/Desktop/TurtleBot3_v4/MobRob_2026_MovingObstacles/DQN/env/macos_training/SafeRobotics.app/Contents/Resources/Data/Managed/UnityEngine.dll
[110/376    0s] CopyFiles /Users/enricoangelico/Desktop/TurtleBot3_v4/MobRob_2026_MovingObstacles/DQN/env/macos_training/SafeRobotics.app/Contents/Resources/Data/Managed/Assembly-CSharp.dll
[111/376    0s] CopyFiles /Users/enricoangelico/Desktop/TurtleBot3_v4/MobRob_2026_MovingObstacles/DQN/env/macos_training/SafeRobotics.app/Contents/Resources/Data/Managed/UnityEngine.XRModule.dll
[112/376    0s] CopyFiles /Users/enricoangelico/Desktop/TurtleBot3_v4/MobRob_2026_MovingObstacles/DQN/env/macos_training/SafeRobotics.app/Contents/Resources/Data/Managed/Unity.AI.Navigation.dll
[113/376    0s] CopyFiles /Users/enricoangelico/Desktop/TurtleBot3_v4/MobRob_2026_MovingObstacles/DQN/env/macos_training/SafeRobotics.app/Contents/Resources/Data/Managed/Unity.Barracuda.ONNX.dll
[114/376    0s] CopyFiles /Users/enricoangelico/Desktop/TurtleBot3_v4/MobRob_2026_MovingObstacles/DQN/env/macos_training/SafeRobotics.app/Contents/Resources/Data/Managed/Unity.Burst.dll
[115/376    0s] CopyFiles /Users/enricoangelico/Desktop/TurtleBot3_v4/MobRob_2026_MovingObstacles/DQN/env/macos_training/SafeRobotics.app/Contents/Resources/Data/Managed/Unity.Barracuda.MacBLAS.dll
[116/376    0s] CopyFiles /Users/enricoangelico/Desktop/TurtleBot3_v4/MobRob_2026_MovingObstacles/DQN/env/macos_training/SafeRobotics.app/Contents/Resources/Data/Managed/Unity.Barracuda.dll
[117/376    0s] CopyFiles /Users/enricoangelico/Desktop/TurtleBot3_v4/MobRob_2026_MovingObstacles/DQN/env/macos_training/SafeRobotics.app/Contents/Resources/Data/Managed/UnityEngine.UI.dll
[118/376    0s] CopyFiles /Users/enricoangelico/Desktop/TurtleBot3_v4/MobRob_2026_MovingObstacles/DQN/env/macos_training/SafeRobotics.app/Contents/Resources/Data/Managed/Unity.Barracuda.BurstBLAS.dll
[119/376    0s] CopyFiles /Users/enricoangelico/Desktop/TurtleBot3_v4/MobRob_2026_MovingObstacles/DQN/env/macos_training/SafeRobotics.app/Contents/Resources/Data/Managed/Unity.Mathematics.dll
[120/376    0s] CopyFiles /Users/enricoangelico/Desktop/TurtleBot3_v4/MobRob_2026_MovingObstacles/DQN/env/macos_training/SafeRobotics.app/Contents/Resources/Data/Managed/System.Interactive.Async.dll
[121/376    0s] CopyFiles /Users/enricoangelico/Desktop/TurtleBot3_v4/MobRob_2026_MovingObstacles/DQN/env/macos_training/SafeRobotics.app/Contents/Resources/Data/Managed/Unity.ML-Agents.dll
[122/376    0s] CopyFiles /Users/enricoangelico/Desktop/TurtleBot3_v4/MobRob_2026_MovingObstacles/DQN/env/macos_training/SafeRobotics.app/Contents/Resources/Data/Managed/Google.Protobuf.dll
[123/376    0s] CopyFiles /Users/enricoangelico/Desktop/TurtleBot3_v4/MobRob_2026_MovingObstacles/DQN/env/macos_training/SafeRobotics.app/Contents/Resources/Data/Managed/System.IO.Abstractions.dll
[124/376    0s] CopyFiles /Users/enricoangelico/Desktop/TurtleBot3_v4/MobRob_2026_MovingObstacles/DQN/env/macos_training/SafeRobotics.app/Contents/Resources/Data/Managed/Unity.Timeline.dll
[125/376    0s] CopyFiles /Users/enricoangelico/Desktop/TurtleBot3_v4/MobRob_2026_MovingObstacles/DQN/env/macos_training/SafeRobotics.app/Contents/Resources/Data/Managed/Unity.TextMeshPro.dll
[126/376    0s] CopyFiles /Users/enricoangelico/Desktop/TurtleBot3_v4/MobRob_2026_MovingObstacles/DQN/env/macos_training/SafeRobotics.app/Contents/Resources/Data/Managed/Unity.ML-Agents.CommunicatorObjects.dll
[127/376    0s] CopyFiles /Users/enricoangelico/Desktop/TurtleBot3_v4/MobRob_2026_MovingObstacles/DQN/env/macos_training/SafeRobotics.app/Contents/Resources/Data/Managed/Grpc.Core.dll
[128/376    0s] CopyFiles /Users/enricoangelico/Desktop/TurtleBot3_v4/MobRob_2026_MovingObstacles/DQN/env/macos_training/SafeRobotics.app/Contents/Resources/Data/Managed/Unity.Burst.Unsafe.dll
[129/376    0s] CopyFiles /Users/enricoangelico/Desktop/TurtleBot3_v4/MobRob_2026_MovingObstacles/DQN/env/macos_training/SafeRobotics.app/Contents/Resources/Data/Managed/Mono.Security.dll
[130/376    0s] CopyFiles /Users/enricoangelico/Desktop/TurtleBot3_v4/MobRob_2026_MovingObstacles/DQN/env/macos_training/SafeRobotics.app/Contents/Resources/Data/Managed/System.IO.Abstractions.TestingHelpers.dll
[131/376    0s] CopyFiles /Users/enricoangelico/Desktop/TurtleBot3_v4/MobRob_2026_MovingObstacles/DQN/env/macos_training/SafeRobotics.app/Contents/Resources/Data/Managed/netstandard.dll
[132/376    0s] CopyFiles /Users/enricoangelico/Desktop/TurtleBot3_v4/MobRob_2026_MovingObstacles/DQN/env/macos_training/SafeRobotics.app/Contents/Resources/Data/Managed/System.Configuration.dll
[133/376    0s] CopyFiles /Users/enricoangelico/Desktop/TurtleBot3_v4/MobRob_2026_MovingObstacles/DQN/env/macos_training/SafeRobotics.app/Contents/Resources/Data/Managed/System.Data.DataSetExtensions.dll
[134/376    0s] CopyFiles /Users/enricoangelico/Desktop/TurtleBot3_v4/MobRob_2026_MovingObstacles/DQN/env/macos_training/SafeRobotics.app/Contents/Resources/Data/Managed/System.Runtime.dll
[135/376    0s] CopyFiles /Users/enricoangelico/Desktop/TurtleBot3_v4/MobRob_2026_MovingObstacles/DQN/env/macos_training/SafeRobotics.app/Contents/Resources/Data/Managed/System.Core.dll
[136/376    0s] CopyFiles /Users/enricoangelico/Desktop/TurtleBot3_v4/MobRob_2026_MovingObstacles/DQN/env/macos_training/SafeRobotics.app/Contents/Resources/Data/Managed/System.Drawing.dll
[137/376    0s] CopyFiles /Users/enricoangelico/Desktop/TurtleBot3_v4/MobRob_2026_MovingObstacles/DQN/env/macos_training/SafeRobotics.app/Contents/Resources/Data/Managed/System.ComponentModel.Composition.dll
[138/376    0s] CopyFiles /Users/enricoangelico/Desktop/TurtleBot3_v4/MobRob_2026_MovingObstacles/DQN/env/macos_training/SafeRobotics.app/Contents/Resources/Data/Managed/System.EnterpriseServices.dll
[139/376    0s] CopyFiles /Users/enricoangelico/Desktop/TurtleBot3_v4/MobRob_2026_MovingObstacles/DQN/env/macos_training/SafeRobotics.app/Contents/Resources/Data/Managed/System.Data.dll
[140/376    0s] CopyFiles /Users/enricoangelico/Desktop/TurtleBot3_v4/MobRob_2026_MovingObstacles/DQN/env/macos_training/SafeRobotics.app/Contents/Resources/Data/Managed/System.Transactions.dll
[141/376    0s] CopyFiles /Users/enricoangelico/Desktop/TurtleBot3_v4/MobRob_2026_MovingObstacles/DQN/env/macos_training/SafeRobotics.app/Contents/Resources/Data/Managed/System.dll
[142/376    0s] CopyFiles /Users/enricoangelico/Desktop/TurtleBot3_v4/MobRob_2026_MovingObstacles/DQN/env/macos_training/SafeRobotics.app/Contents/Resources/Data/Managed/System.Xml.Linq.dll
[143/376    0s] CopyFiles /Users/enricoangelico/Desktop/TurtleBot3_v4/MobRob_2026_MovingObstacles/DQN/env/macos_training/SafeRobotics.app/Contents/Resources/Data/Managed/System.Xml.dll
[144/376    0s] CopyFiles /Users/enricoangelico/Desktop/TurtleBot3_v4/MobRob_2026_MovingObstacles/DQN/env/macos_training/SafeRobotics.app/Contents/Resources/Data/Managed/System.Runtime.Serialization.dll
[145/376    0s] CopyFiles /Users/enricoangelico/Desktop/TurtleBot3_v4/MobRob_2026_MovingObstacles/DQN/env/macos_training/SafeRobotics.app/Contents/Resources/Data/Managed/System.ServiceModel.Internals.dll
[146/376    0s] CopyFiles /Users/enricoangelico/Desktop/TurtleBot3_v4/MobRob_2026_MovingObstacles/DQN/env/macos_training/SafeRobotics.app/Contents/Resources/Data/Managed/mscorlib.dll
[147/376    0s] CopyFiles /Users/enricoangelico/Desktop/TurtleBot3_v4/MobRob_2026_MovingObstacles/DQN/env/macos_training/SafeRobotics.app/Contents/Resources/Data/Managed/System.IO.Compression.dll
[148/376    0s] CopyFiles /Users/enricoangelico/Desktop/TurtleBot3_v4/MobRob_2026_MovingObstacles/DQN/env/macos_training/SafeRobotics.app/Contents/Resources/Data/Managed/System.Net.Http.dll
[149/376    0s] WriteText Library/Bee/artifacts/csharpactions/UnityEngine.AIModule-FeaturesChecked.txt_r425.info
[150/376    0s] CopyFiles /Users/enricoangelico/Desktop/TurtleBot3_v4/MobRob_2026_MovingObstacles/DQN/env/macos_training/SafeRobotics.app/Contents/Resources/Data/Managed/System.Numerics.dll
[151/376    0s] CopyFiles /Users/enricoangelico/Desktop/TurtleBot3_v4/MobRob_2026_MovingObstacles/DQN/env/macos_training/SafeRobotics.app/Contents/Resources/Data/Managed/System.Security.dll
[152/376    0s] CopyFiles /Users/enricoangelico/Desktop/TurtleBot3_v4/MobRob_2026_MovingObstacles/DQN/env/macos_training/SafeRobotics.app/Contents/Resources/Data/Managed/System.IO.Compression.FileSystem.dll
[153/376    0s] WriteText Library/Bee/artifacts/csharpactions/UnityEngine.ARModule-FeaturesChecked.txt_k4j9.info
[154/376    0s] WriteText Library/Bee/artifacts/csharpactions/UnityEngine.AccessibilityModule-FeaturesChecked.txt_96g1.info
[155/376    0s] WriteText Library/Bee/artifacts/csharpactions/UnityEngine.UnityWebRequestAssetBundleModule-FeaturesChecked.txt_l4dl.info
[156/376    0s] WriteText Library/Bee/artifacts/csharpactions/UnityEngine.AndroidJNIModule-FeaturesChecked.txt_llt1.info
[157/376    0s] WriteText Library/Bee/artifacts/csharpactions/UnityEngine.AssetBundleModule-FeaturesChecked.txt_tbsh.info
[158/376    0s] WriteText Library/Bee/artifacts/csharpactions/UnityEngine.UnityWebRequestAudioModule-FeaturesChecked.txt_p8ol.info
[159/376    0s] WriteText Library/Bee/artifacts/csharpactions/System.Xml.Linq-FeaturesChecked.txt_osyp.info
[160/376    0s] WriteText Library/Bee/artifacts/csharpactions/System.Xml-FeaturesChecked.txt_gyyq.info
[161/376    0s] WriteText Library/Bee/artifacts/csharpactions/UnityEngine.AnimationModule-FeaturesChecked.txt_7c2x.info
[162/376    0s] WriteText Library/Bee/artifacts/csharpactions/UnityEngine.UnityWebRequestModule-FeaturesChecked.txt_vyuy.info
[163/376    0s] WriteText Library/Bee/artifacts/csharpactions/System-FeaturesChecked.txt_vs5j.info
[164/376    0s] WriteText Library/Bee/artifacts/csharpactions/System.ServiceModel.Internals-FeaturesChecked.txt_9818.info
[165/376    0s] WriteText Library/Bee/artifacts/csharpactions/System.Numerics-FeaturesChecked.txt_rbrh.info
[166/376    0s] WriteText Library/Bee/artifacts/csharpactions/System.Security-FeaturesChecked.txt_hwii.info
[167/376    0s] WriteText Library/Bee/artifacts/csharpactions/System.Transactions-FeaturesChecked.txt_y9v7.info
[168/376    0s] WriteText Library/Bee/artifacts/csharpactions/System.EnterpriseServices-FeaturesChecked.txt_kfl0.info
[169/376    0s] WriteText Library/Bee/artifacts/csharpactions/System.Runtime.Serialization-FeaturesChecked.txt_zqp0.info
[170/376    0s] WriteText Library/Bee/artifacts/csharpactions/System.Data.DataSetExtensions-FeaturesChecked.txt_h20m.info
[171/376    0s] WriteText Library/Bee/artifacts/csharpactions/System.Drawing-FeaturesChecked.txt_z3qy.info
[172/376    0s] WriteText Library/Bee/artifacts/csharpactions/System.IO.Compression.FileSystem-FeaturesChecked.txt_84o4.info
[173/376    0s] WriteText Library/Bee/artifacts/csharpactions/System.Configuration-FeaturesChecked.txt_3sq7.info
[174/376    0s] WriteText Library/Bee/artifacts/csharpactions/System.ComponentModel.Composition-FeaturesChecked.txt_tzo9.info
[175/376    0s] WriteText Library/Bee/artifacts/csharpactions/Mono.Security-FeaturesChecked.txt_tcfg.info
[176/376    0s] WriteText Library/Bee/artifacts/csharpactions/System.IO.Compression-FeaturesChecked.txt_zz9e.info
[177/376    0s] WriteText Library/Bee/artifacts/csharpactions/netstandard-FeaturesChecked.txt_cc0i.info
[178/376    0s] WriteText Library/Bee/artifacts/csharpactions/System.Runtime-FeaturesChecked.txt_5wya.info
[179/376    0s] WriteText Library/Bee/artifacts/csharpactions/System.Core-FeaturesChecked.txt_0bzp.info
[180/376    0s] WriteText Library/Bee/artifacts/csharpactions/System.IO.Abstractions.TestingHelpers-FeaturesChecked.txt_f4z9.info
[181/376    0s] WriteText Library/Bee/artifacts/csharpactions/Unity.Burst.Unsafe-FeaturesChecked.txt_p56z.info
[182/376    0s] WriteText Library/Bee/artifacts/csharpactions/System.Interactive.Async-FeaturesChecked.txt_ho4z.info
[183/376    0s] WriteText Library/Bee/artifacts/csharpactions/System.Net.Http-FeaturesChecked.txt_ebzk.info
[184/376    0s] WriteText Library/Bee/artifacts/csharpactions/System.IO.Abstractions-FeaturesChecked.txt_2g99.info
[185/376    0s] WriteText Library/Bee/artifacts/csharpactions/Grpc.Core-FeaturesChecked.txt_56nf.info
[186/376    0s] WriteText Library/Bee/artifacts/csharpactions/Google.Protobuf-FeaturesChecked.txt_2zsc.info
[187/376    0s] WriteText Library/Bee/artifacts/csharpactions/System.Data-FeaturesChecked.txt_7g7q.info
[188/376    0s] WriteText Library/Bee/artifacts/csharpactions/Unity.Barracuda.BurstBLAS-FeaturesChecked.txt_05yv.info
[189/376    0s] WriteText Library/Bee/artifacts/csharpactions/Unity.Barracuda-FeaturesChecked.txt_aoct.info
[190/376    0s] WriteText Library/Bee/artifacts/csharpactions/UnityEngine.UI-FeaturesChecked.txt_fzlo.info
[191/376    0s] WriteText Library/Bee/artifacts/csharpactions/Unity.Mathematics-FeaturesChecked.txt_v07u.info
[192/376    0s] WriteText Library/Bee/artifacts/csharpactions/Unity.Barracuda.MacBLAS-FeaturesChecked.txt_3k57.info
[193/376    0s] WriteText Library/Bee/artifacts/csharpactions/Unity.Barracuda.ONNX-FeaturesChecked.txt_z70t.info
[194/376    0s] WriteText Library/Bee/artifacts/csharpactions/Unity.TextMeshPro-FeaturesChecked.txt_wbcl.info
[195/376    0s] WriteText Library/Bee/artifacts/csharpactions/Unity.ML-Agents.CommunicatorObjects-FeaturesChecked.txt_i10j.info
[196/376    0s] WriteText Library/Bee/artifacts/csharpactions/Unity.Timeline-FeaturesChecked.txt_2liy.info
[197/376    0s] WriteText Library/Bee/artifacts/csharpactions/Unity.ML-Agents-FeaturesChecked.txt_5zmi.info
[198/376    0s] WriteText Library/Bee/artifacts/csharpactions/Unity.AI.Navigation-FeaturesChecked.txt_rqc4.info
[199/376    0s] WriteText Library/Bee/artifacts/csharpactions/Unity.Burst-FeaturesChecked.txt_l5ou.info
[200/376    0s] WriteText Library/Bee/artifacts/csharpactions/Assembly-CSharp-FeaturesChecked.txt_st52.info
[201/376    0s] WriteText Library/Bee/artifacts/csharpactions/UnityEngine.VirtualTexturingModule-FeaturesChecked.txt_s9m7.info
[202/376    0s] WriteText Library/Bee/artifacts/csharpactions/UnityEngine.VehiclesModule-FeaturesChecked.txt_yqqz.info
[203/376    0s] WriteText Library/Bee/artifacts/csharpactions/UnityEngine.VFXModule-FeaturesChecked.txt_bxls.info
[204/376    0s] WriteText Library/Bee/artifacts/csharpactions/UnityEngine.XRModule-FeaturesChecked.txt_p5c9.info
[205/376    0s] WriteText Library/Bee/artifacts/csharpactions/UnityEngine.UnityWebRequestWWWModule-FeaturesChecked.txt_qggm.info
[206/376    0s] WriteText Library/Bee/artifacts/csharpactions/UnityEngine.UnityWebRequestTextureModule-FeaturesChecked.txt_ekwn.info
[207/376    0s] WriteText Library/Bee/artifacts/csharpactions/UnityEngine.VideoModule-FeaturesChecked.txt_iwkd.info
[208/376    0s] WriteText Library/Bee/artifacts/csharpactions/UnityEngine.WindModule-FeaturesChecked.txt_7k27.info
[209/376    0s] WriteText Library/Bee/artifacts/csharpactions/UnityEngine-FeaturesChecked.txt_dbvs.info
[210/376    0s] WriteText Library/Bee/artifacts/csharpactions/mscorlib-FeaturesChecked.txt_h5ip.info
[211/376    0s] WriteText Library/Bee/artifacts/csharpactions/UnityEngine.UnityTestProtocolModule-FeaturesChecked.txt_284i.info
[212/376    0s] WriteText Library/Bee/artifacts/csharpactions/UnityEngine.UnityAnalyticsModule-FeaturesChecked.txt_cq48.info
[213/376    0s] WriteText Library/Bee/artifacts/csharpactions/UnityEngine.UmbraModule-FeaturesChecked.txt_8xpa.info
[214/376    0s] WriteText Library/Bee/artifacts/csharpactions/UnityEngine.UIModule-FeaturesChecked.txt_7nub.info
[215/376    0s] WriteText Library/Bee/artifacts/csharpactions/UnityEngine.VRModule-FeaturesChecked.txt_vcbw.info
[216/376    0s] WriteText Library/Bee/artifacts/csharpactions/UnityEngine.UnityConnectModule-FeaturesChecked.txt_k9ga.info
[217/376    0s] WriteText Library/Bee/artifacts/csharpactions/UnityEngine.UnityAnalyticsCommonModule-FeaturesChecked.txt_nin7.info
[218/376    0s] WriteText Library/Bee/artifacts/csharpactions/UnityEngine.UnityCurlModule-FeaturesChecked.txt_8vyn.info
[219/376    0s] WriteText Library/Bee/artifacts/csharpactions/UnityEngine.UIElementsModule-FeaturesChecked.txt_yri2.info
[220/376    0s] WriteText Library/Bee/artifacts/csharpactions/UnityEngine.TilemapModule-FeaturesChecked.txt_dq0e.info
[221/376    0s] WriteText Library/Bee/artifacts/csharpactions/UnityEngine.ClusterRendererModule-FeaturesChecked.txt_cqm3.info
[222/376    0s] WriteText Library/Bee/artifacts/csharpactions/UnityEngine.TerrainPhysicsModule-FeaturesChecked.txt_1c3a.info
[223/376    0s] WriteText Library/Bee/artifacts/csharpactions/UnityEngine.TextCoreFontEngineModule-FeaturesChecked.txt_gk3c.info
[224/376    0s] WriteText Library/Bee/artifacts/csharpactions/UnityEngine.SubsystemsModule-FeaturesChecked.txt_jhyo.info
[225/376    0s] WriteText Library/Bee/artifacts/csharpactions/UnityEngine.TextRenderingModule-FeaturesChecked.txt_i1ny.info
[226/376    0s] WriteText Library/Bee/artifacts/csharpactions/UnityEngine.TLSModule-FeaturesChecked.txt_2rm9.info
[227/376    0s] WriteText Library/Bee/artifacts/csharpactions/UnityEngine.TextCoreTextEngineModule-FeaturesChecked.txt_qdwu.info
[228/376    0s] WriteText Library/Bee/artifacts/csharpactions/UnityEngine.TerrainModule-FeaturesChecked.txt_wj25.info
[229/376    0s] WriteText Library/Bee/artifacts/csharpactions/UnityEngine.SubstanceModule-FeaturesChecked.txt_732r.info
[230/376    0s] WriteText Library/Bee/artifacts/csharpactions/UnityEngine.StreamingModule-FeaturesChecked.txt_5cy3.info
[231/376    0s] WriteText Library/Bee/artifacts/csharpactions/UnityEngine.SpriteShapeModule-FeaturesChecked.txt_rm0h.info
[232/376    0s] WriteText Library/Bee/artifacts/csharpactions/UnityEngine.SpriteMaskModule-FeaturesChecked.txt_4jzq.info
[233/376    0s] WriteText Library/Bee/artifacts/csharpactions/UnityEngine.RuntimeInitializeOnLoadManagerInitializerModule-FeaturesChecked.txt_5gns.info
[234/376    0s] WriteText Library/Bee/artifacts/csharpactions/UnityEngine.PropertiesModule-FeaturesChecked.txt_ar7j.info
[235/376    0s] WriteText Library/Bee/artifacts/csharpactions/UnityEngine.SharedInternalsModule-FeaturesChecked.txt_ktjz.info
[236/376    0s] WriteText Library/Bee/artifacts/csharpactions/UnityEngine.ScreenCaptureModule-FeaturesChecked.txt_t5mg.info
[237/376    0s] WriteText Library/Bee/artifacts/csharpactions/UnityEngine.Physics2DModule-FeaturesChecked.txt_sxp3.info
[238/376    0s] WriteText Library/Bee/artifacts/csharpactions/UnityEngine.ProfilerModule-FeaturesChecked.txt_wfeu.info
[239/376    0s] WriteText Library/Bee/artifacts/csharpactions/UnityEngine.ParticleSystemModule-FeaturesChecked.txt_khwv.info
[240/376    0s] WriteText Library/Bee/artifacts/csharpactions/UnityEngine.PerformanceReportingModule-FeaturesChecked.txt_dxcc.info
[241/376    0s] WriteText Library/Bee/artifacts/csharpactions/UnityEngine.PhysicsModule-FeaturesChecked.txt_26rb.info
[242/376    0s] WriteText Library/Bee/artifacts/csharpactions/UnityEngine.InputLegacyModule-FeaturesChecked.txt_q0vy.info
[243/376    0s] WriteText Library/Bee/artifacts/csharpactions/UnityEngine.LocalizationModule-FeaturesChecked.txt_kuvr.info
[244/376    0s] WriteText Library/Bee/artifacts/csharpactions/UnityEngine.IMGUIModule-FeaturesChecked.txt_at7m.info
[245/376    0s] WriteText Library/Bee/artifacts/csharpactions/UnityEngine.GridModule-FeaturesChecked.txt_dzjq.info
[246/376    0s] WriteText Library/Bee/artifacts/csharpactions/UnityEngine.ImageConversionModule-FeaturesChecked.txt_4svn.info
[247/376    0s] WriteText Library/Bee/artifacts/csharpactions/UnityEngine.JSONSerializeModule-FeaturesChecked.txt_v4ys.info
[248/376    0s] WriteText Library/Bee/artifacts/csharpactions/UnityEngine.GameCenterModule-FeaturesChecked.txt_a812.info
[249/376    0s] WriteText Library/Bee/artifacts/csharpactions/UnityEngine.DirectorModule-FeaturesChecked.txt_fk7w.info
[250/376    0s] WriteText Library/Bee/artifacts/csharpactions/UnityEngine.InputModule-FeaturesChecked.txt_dp83.info
[251/376    0s] WriteText Library/Bee/artifacts/csharpactions/UnityEngine.CrashReportingModule-FeaturesChecked.txt_yyky.info
[252/376    0s] WriteText Library/Bee/artifacts/csharpactions/UnityEngine.HotReloadModule-FeaturesChecked.txt_5leg.info
[253/376    0s] WriteText Library/Bee/artifacts/csharpactions/UnityEngine.ClusterInputModule-FeaturesChecked.txt_3bhx.info
[254/376    0s] WriteText Library/Bee/artifacts/csharpactions/UnityEngine.CoreModule-FeaturesChecked.txt_ikd0.info
[255/376    0s] WriteText Library/Bee/artifacts/csharpactions/UnityEngine.DSPGraphModule-FeaturesChecked.txt_wsag.info
[256/376    0s] WriteText Library/Bee/artifacts/csharpactions/UnityEngine.ContentLoadModule-FeaturesChecked.txt_uy7s.info
[257/376    0s] WriteText Library/Bee/artifacts/csharpactions/UnityEngine.ClothModule-FeaturesChecked.txt_9hky.info
[258/376    0s] WriteText Library/Bee/artifacts/csharpactions/UnityEngine.AudioModule-FeaturesChecked.txt_twl2.info
[259/376    0s] WriteText Library/Bee/artifacts/csharpactions/UnityEngine.GIModule-FeaturesChecked.txt_535t.info
[260/376    0s] WriteText Library/Bee/artifacts/csharpactions/SafeRobotics_ixl7.info
[261/376    0s] MacOSCodeSignDylibCopy /Users/enricoangelico/Desktop/TurtleBot3_v4/MobRob_2026_MovingObstacles/DQN/env/macos_training/SafeRobotics.app/Contents/PlugIns/libgrpc_csharp_ext.x64.bundle
[262/376    0s] AddBootConfigGUID Library/Bee/artifacts/MacStandalonePlayerBuildProgram/boot.config
[263/376    0s] MacOSCodeSignDylibCopy /Users/enricoangelico/Desktop/TurtleBot3_v4/MobRob_2026_MovingObstacles/DQN/env/macos_training/SafeRobotics.app/Contents/Frameworks/UnityPlayer.dylib
[264/376    0s] CopyFiles /Users/enricoangelico/Desktop/TurtleBot3_v4/MobRob_2026_MovingObstacles/DQN/env/macos_training/SafeRobotics.app/Contents/Resources/Data/boot.config
[265/376    0s] ExtractUsedFeatures Library/Bee/artifacts/MacStandalonePlayerBuildProgram/Features/UnityEngine.ContentLoadModule-FeaturesChecked.txt
[266/376    0s] ExtractUsedFeatures Library/Bee/artifacts/MacStandalonePlayerBuildProgram/Features/UnityEngine.AudioModule-FeaturesChecked.txt
[267/376    0s] ExtractUsedFeatures Library/Bee/artifacts/MacStandalonePlayerBuildProgram/Features/UnityEngine.ClothModule-FeaturesChecked.txt
[268/376    0s] ExtractUsedFeatures Library/Bee/artifacts/MacStandalonePlayerBuildProgram/Features/UnityEngine.GIModule-FeaturesChecked.txt
[269/376    0s] ExtractUsedFeatures Library/Bee/artifacts/MacStandalonePlayerBuildProgram/Features/UnityEngine.DSPGraphModule-FeaturesChecked.txt
[270/376    0s] ExtractUsedFeatures Library/Bee/artifacts/MacStandalonePlayerBuildProgram/Features/UnityEngine.HotReloadModule-FeaturesChecked.txt
[271/376    0s] ExtractUsedFeatures Library/Bee/artifacts/MacStandalonePlayerBuildProgram/Features/UnityEngine.DirectorModule-FeaturesChecked.txt
[272/376    0s] ExtractUsedFeatures Library/Bee/artifacts/MacStandalonePlayerBuildProgram/Features/UnityEngine.ClusterInputModule-FeaturesChecked.txt
[273/376    0s] ExtractUsedFeatures Library/Bee/artifacts/MacStandalonePlayerBuildProgram/Features/UnityEngine.CrashReportingModule-FeaturesChecked.txt
[274/376    0s] ExtractUsedFeatures Library/Bee/artifacts/MacStandalonePlayerBuildProgram/Features/UnityEngine.CoreModule-FeaturesChecked.txt
[275/376    0s] ExtractUsedFeatures Library/Bee/artifacts/MacStandalonePlayerBuildProgram/Features/UnityEngine.InputModule-FeaturesChecked.txt
[276/376    0s] ExtractUsedFeatures Library/Bee/artifacts/MacStandalonePlayerBuildProgram/Features/UnityEngine.ImageConversionModule-FeaturesChecked.txt
[277/376    0s] ExtractUsedFeatures Library/Bee/artifacts/MacStandalonePlayerBuildProgram/Features/UnityEngine.JSONSerializeModule-FeaturesChecked.txt
[278/376    0s] ExtractUsedFeatures Library/Bee/artifacts/MacStandalonePlayerBuildProgram/Features/UnityEngine.GameCenterModule-FeaturesChecked.txt
[279/376    0s] ExtractUsedFeatures Library/Bee/artifacts/MacStandalonePlayerBuildProgram/Features/UnityEngine.LocalizationModule-FeaturesChecked.txt
[280/376    0s] ExtractUsedFeatures Library/Bee/artifacts/MacStandalonePlayerBuildProgram/Features/UnityEngine.IMGUIModule-FeaturesChecked.txt
[281/376    0s] ExtractUsedFeatures Library/Bee/artifacts/MacStandalonePlayerBuildProgram/Features/UnityEngine.PhysicsModule-FeaturesChecked.txt
[282/376    0s] ExtractUsedFeatures Library/Bee/artifacts/MacStandalonePlayerBuildProgram/Features/UnityEngine.PerformanceReportingModule-FeaturesChecked.txt
[283/376    0s] ExtractUsedFeatures Library/Bee/artifacts/MacStandalonePlayerBuildProgram/Features/UnityEngine.GridModule-FeaturesChecked.txt
[284/376    0s] ExtractUsedFeatures Library/Bee/artifacts/MacStandalonePlayerBuildProgram/Features/UnityEngine.InputLegacyModule-FeaturesChecked.txt
[285/376    0s] ExtractUsedFeatures Library/Bee/artifacts/MacStandalonePlayerBuildProgram/Features/UnityEngine.ParticleSystemModule-FeaturesChecked.txt
[286/376    0s] ExtractUsedFeatures Library/Bee/artifacts/MacStandalonePlayerBuildProgram/Features/UnityEngine.Physics2DModule-FeaturesChecked.txt
[287/376    0s] ExtractUsedFeatures Library/Bee/artifacts/MacStandalonePlayerBuildProgram/Features/UnityEngine.ProfilerModule-FeaturesChecked.txt
[288/376    0s] ExtractUsedFeatures Library/Bee/artifacts/MacStandalonePlayerBuildProgram/Features/UnityEngine.SharedInternalsModule-FeaturesChecked.txt
[289/376    0s] ExtractUsedFeatures Library/Bee/artifacts/MacStandalonePlayerBuildProgram/Features/UnityEngine.ScreenCaptureModule-FeaturesChecked.txt
[290/376    0s] ExtractUsedFeatures Library/Bee/artifacts/MacStandalonePlayerBuildProgram/Features/UnityEngine.RuntimeInitializeOnLoadManagerInitializerModule-FeaturesChecked.txt
[291/376    0s] ExtractUsedFeatures Library/Bee/artifacts/MacStandalonePlayerBuildProgram/Features/UnityEngine.PropertiesModule-FeaturesChecked.txt
[292/376    0s] ExtractUsedFeatures Library/Bee/artifacts/MacStandalonePlayerBuildProgram/Features/UnityEngine.SpriteShapeModule-FeaturesChecked.txt
[293/376    0s] ExtractUsedFeatures Library/Bee/artifacts/MacStandalonePlayerBuildProgram/Features/UnityEngine.SpriteMaskModule-FeaturesChecked.txt
[294/376    0s] ExtractUsedFeatures Library/Bee/artifacts/MacStandalonePlayerBuildProgram/Features/UnityEngine.StreamingModule-FeaturesChecked.txt
[295/376    0s] ExtractUsedFeatures Library/Bee/artifacts/MacStandalonePlayerBuildProgram/Features/UnityEngine.SubstanceModule-FeaturesChecked.txt
[296/376    0s] ExtractUsedFeatures Library/Bee/artifacts/MacStandalonePlayerBuildProgram/Features/UnityEngine.TLSModule-FeaturesChecked.txt
[297/376    0s] ExtractUsedFeatures Library/Bee/artifacts/MacStandalonePlayerBuildProgram/Features/UnityEngine.TerrainModule-FeaturesChecked.txt
[298/376    0s] ExtractUsedFeatures Library/Bee/artifacts/MacStandalonePlayerBuildProgram/Features/UnityEngine.TextRenderingModule-FeaturesChecked.txt
[299/376    0s] ExtractUsedFeatures Library/Bee/artifacts/MacStandalonePlayerBuildProgram/Features/UnityEngine.SubsystemsModule-FeaturesChecked.txt
[300/376    0s] ExtractUsedFeatures Library/Bee/artifacts/MacStandalonePlayerBuildProgram/Features/UnityEngine.TextCoreFontEngineModule-FeaturesChecked.txt
[301/376    0s] ExtractUsedFeatures Library/Bee/artifacts/MacStandalonePlayerBuildProgram/Features/UnityEngine.TextCoreTextEngineModule-FeaturesChecked.txt
[302/376    0s] ExtractUsedFeatures Library/Bee/artifacts/MacStandalonePlayerBuildProgram/Features/UnityEngine.TerrainPhysicsModule-FeaturesChecked.txt
[303/376    0s] ExtractUsedFeatures Library/Bee/artifacts/MacStandalonePlayerBuildProgram/Features/UnityEngine.ClusterRendererModule-FeaturesChecked.txt
[304/376    0s] ExtractUsedFeatures Library/Bee/artifacts/MacStandalonePlayerBuildProgram/Features/UnityEngine.TilemapModule-FeaturesChecked.txt
[305/376    0s] ExtractUsedFeatures Library/Bee/artifacts/MacStandalonePlayerBuildProgram/Features/UnityEngine.UnityCurlModule-FeaturesChecked.txt
[306/376    0s] ExtractUsedFeatures Library/Bee/artifacts/MacStandalonePlayerBuildProgram/Features/UnityEngine.UnityConnectModule-FeaturesChecked.txt
[307/376    0s] ExtractUsedFeatures Library/Bee/artifacts/MacStandalonePlayerBuildProgram/Features/UnityEngine.UnityAnalyticsCommonModule-FeaturesChecked.txt
[308/376    0s] ExtractUsedFeatures Library/Bee/artifacts/MacStandalonePlayerBuildProgram/Features/UnityEngine.VRModule-FeaturesChecked.txt
[309/376    0s] ExtractUsedFeatures Library/Bee/artifacts/MacStandalonePlayerBuildProgram/Features/UnityEngine.UIModule-FeaturesChecked.txt
[310/376    0s] ExtractUsedFeatures Library/Bee/artifacts/MacStandalonePlayerBuildProgram/Features/UnityEngine.UmbraModule-FeaturesChecked.txt
[311/376    0s] ExtractUsedFeatures Library/Bee/artifacts/MacStandalonePlayerBuildProgram/Features/UnityEngine.UnityTestProtocolModule-FeaturesChecked.txt
[312/376    0s] ExtractUsedFeatures Library/Bee/artifacts/MacStandalonePlayerBuildProgram/Features/UnityEngine.UnityAnalyticsModule-FeaturesChecked.txt
[313/376    0s] ExtractUsedFeatures Library/Bee/artifacts/MacStandalonePlayerBuildProgram/Features/UnityEngine.WindModule-FeaturesChecked.txt
[314/376    0s] ExtractUsedFeatures Library/Bee/artifacts/MacStandalonePlayerBuildProgram/Features/UnityEngine-FeaturesChecked.txt
[315/376    0s] ExtractUsedFeatures Library/Bee/artifacts/MacStandalonePlayerBuildProgram/Features/UnityEngine.UnityWebRequestTextureModule-FeaturesChecked.txt
[316/376    0s] ExtractUsedFeatures Library/Bee/artifacts/MacStandalonePlayerBuildProgram/Features/UnityEngine.VideoModule-FeaturesChecked.txt
[317/376    0s] ExtractUsedFeatures Library/Bee/artifacts/MacStandalonePlayerBuildProgram/Features/UnityEngine.UnityWebRequestWWWModule-FeaturesChecked.txt
[318/376    0s] ExtractUsedFeatures Library/Bee/artifacts/MacStandalonePlayerBuildProgram/Features/UnityEngine.XRModule-FeaturesChecked.txt
[319/376    0s] ExtractUsedFeatures Library/Bee/artifacts/MacStandalonePlayerBuildProgram/Features/UnityEngine.UIElementsModule-FeaturesChecked.txt
[320/376    0s] ExtractUsedFeatures Library/Bee/artifacts/MacStandalonePlayerBuildProgram/Features/UnityEngine.VFXModule-FeaturesChecked.txt
[321/376    0s] ExtractUsedFeatures Library/Bee/artifacts/MacStandalonePlayerBuildProgram/Features/UnityEngine.VehiclesModule-FeaturesChecked.txt
[322/376    0s] ExtractUsedFeatures Library/Bee/artifacts/MacStandalonePlayerBuildProgram/Features/UnityEngine.VirtualTexturingModule-FeaturesChecked.txt
[323/376    0s] ExtractUsedFeatures Library/Bee/artifacts/MacStandalonePlayerBuildProgram/Features/Assembly-CSharp-FeaturesChecked.txt
[324/376    0s] ExtractUsedFeatures Library/Bee/artifacts/MacStandalonePlayerBuildProgram/Features/Unity.AI.Navigation-FeaturesChecked.txt
[325/376    0s] ExtractUsedFeatures Library/Bee/artifacts/MacStandalonePlayerBuildProgram/Features/Unity.ML-Agents-FeaturesChecked.txt
[326/376    0s] ExtractUsedFeatures Library/Bee/artifacts/MacStandalonePlayerBuildProgram/Features/Unity.Burst-FeaturesChecked.txt
[327/376    0s] ExtractUsedFeatures Library/Bee/artifacts/MacStandalonePlayerBuildProgram/Features/Unity.Timeline-FeaturesChecked.txt
[328/376    0s] ExtractUsedFeatures Library/Bee/artifacts/MacStandalonePlayerBuildProgram/Features/Unity.ML-Agents.CommunicatorObjects-FeaturesChecked.txt
[329/376    0s] ExtractUsedFeatures Library/Bee/artifacts/MacStandalonePlayerBuildProgram/Features/Unity.Barracuda.MacBLAS-FeaturesChecked.txt
[330/376    0s] ExtractUsedFeatures Library/Bee/artifacts/MacStandalonePlayerBuildProgram/Features/Unity.TextMeshPro-FeaturesChecked.txt
[331/376    0s] ExtractUsedFeatures Library/Bee/artifacts/MacStandalonePlayerBuildProgram/Features/Unity.Barracuda.ONNX-FeaturesChecked.txt
[332/376    0s] ExtractUsedFeatures Library/Bee/artifacts/MacStandalonePlayerBuildProgram/Features/Unity.Barracuda.BurstBLAS-FeaturesChecked.txt
[333/376    0s] ExtractUsedFeatures Library/Bee/artifacts/MacStandalonePlayerBuildProgram/Features/UnityEngine.UI-FeaturesChecked.txt
[334/376    0s] ExtractUsedFeatures Library/Bee/artifacts/MacStandalonePlayerBuildProgram/Features/Unity.Mathematics-FeaturesChecked.txt
[335/376    0s] ExtractUsedFeatures Library/Bee/artifacts/MacStandalonePlayerBuildProgram/Features/mscorlib-FeaturesChecked.txt
[336/376    0s] ExtractUsedFeatures Library/Bee/artifacts/MacStandalonePlayerBuildProgram/Features/Unity.Barracuda-FeaturesChecked.txt
[337/376    0s] ExtractUsedFeatures Library/Bee/artifacts/MacStandalonePlayerBuildProgram/Features/Google.Protobuf-FeaturesChecked.txt
[338/376    0s] ExtractUsedFeatures Library/Bee/artifacts/MacStandalonePlayerBuildProgram/Features/Grpc.Core-FeaturesChecked.txt
[339/376    0s] ExtractUsedFeatures Library/Bee/artifacts/MacStandalonePlayerBuildProgram/Features/System.IO.Abstractions-FeaturesChecked.txt
[340/376    0s] ExtractUsedFeatures Library/Bee/artifacts/MacStandalonePlayerBuildProgram/Features/System.Net.Http-FeaturesChecked.txt
[341/376    0s] ExtractUsedFeatures Library/Bee/artifacts/MacStandalonePlayerBuildProgram/Features/Unity.Burst.Unsafe-FeaturesChecked.txt
[342/376    0s] ExtractUsedFeatures Library/Bee/artifacts/MacStandalonePlayerBuildProgram/Features/System.IO.Abstractions.TestingHelpers-FeaturesChecked.txt
[343/376    0s] ExtractUsedFeatures Library/Bee/artifacts/MacStandalonePlayerBuildProgram/Features/System.Interactive.Async-FeaturesChecked.txt
[344/376    0s] ExtractUsedFeatures Library/Bee/artifacts/MacStandalonePlayerBuildProgram/Features/System.Runtime-FeaturesChecked.txt
[345/376    0s] ExtractUsedFeatures Library/Bee/artifacts/MacStandalonePlayerBuildProgram/Features/netstandard-FeaturesChecked.txt
[346/376    0s] ExtractUsedFeatures Library/Bee/artifacts/MacStandalonePlayerBuildProgram/Features/System.IO.Compression-FeaturesChecked.txt
[347/376    0s] ExtractUsedFeatures Library/Bee/artifacts/MacStandalonePlayerBuildProgram/Features/Mono.Security-FeaturesChecked.txt
[348/376    0s] ExtractUsedFeatures Library/Bee/artifacts/MacStandalonePlayerBuildProgram/Features/System.Configuration-FeaturesChecked.txt
[349/376    0s] ExtractUsedFeatures Library/Bee/artifacts/MacStandalonePlayerBuildProgram/Features/System.ComponentModel.Composition-FeaturesChecked.txt
[350/376    0s] ExtractUsedFeatures Library/Bee/artifacts/MacStandalonePlayerBuildProgram/Features/System.Data-FeaturesChecked.txt
[351/376    0s] ExtractUsedFeatures Library/Bee/artifacts/MacStandalonePlayerBuildProgram/Features/System.IO.Compression.FileSystem-FeaturesChecked.txt
[352/376    0s] ExtractUsedFeatures Library/Bee/artifacts/MacStandalonePlayerBuildProgram/Features/System.Core-FeaturesChecked.txt
[353/376    0s] ExtractUsedFeatures Library/Bee/artifacts/MacStandalonePlayerBuildProgram/Features/System.Data.DataSetExtensions-FeaturesChecked.txt
[354/376    0s] ExtractUsedFeatures Library/Bee/artifacts/MacStandalonePlayerBuildProgram/Features/System.EnterpriseServices-FeaturesChecked.txt
[355/376    0s] ExtractUsedFeatures Library/Bee/artifacts/MacStandalonePlayerBuildProgram/Features/System.Drawing-FeaturesChecked.txt
[356/376    0s] ExtractUsedFeatures Library/Bee/artifacts/MacStandalonePlayerBuildProgram/Features/System.Transactions-FeaturesChecked.txt
[357/376    0s] ExtractUsedFeatures Library/Bee/artifacts/MacStandalonePlayerBuildProgram/Features/System.Security-FeaturesChecked.txt
[358/376    0s] ExtractUsedFeatures Library/Bee/artifacts/MacStandalonePlayerBuildProgram/Features/System.Numerics-FeaturesChecked.txt
[359/376    0s] ExtractUsedFeatures Library/Bee/artifacts/MacStandalonePlayerBuildProgram/Features/System.ServiceModel.Internals-FeaturesChecked.txt
[360/376    0s] ExtractUsedFeatures Library/Bee/artifacts/MacStandalonePlayerBuildProgram/Features/UnityEngine.UnityWebRequestModule-FeaturesChecked.txt
[361/376    0s] ExtractUsedFeatures Library/Bee/artifacts/MacStandalonePlayerBuildProgram/Features/System.Runtime.Serialization-FeaturesChecked.txt
[362/376    0s] ExtractUsedFeatures Library/Bee/artifacts/MacStandalonePlayerBuildProgram/Features/UnityEngine.AnimationModule-FeaturesChecked.txt
[363/376    0s] ExtractUsedFeatures Library/Bee/artifacts/MacStandalonePlayerBuildProgram/Features/System.Xml.Linq-FeaturesChecked.txt
[364/376    0s] ExtractUsedFeatures Library/Bee/artifacts/MacStandalonePlayerBuildProgram/Features/UnityEngine.AssetBundleModule-FeaturesChecked.txt
[365/376    0s] ExtractUsedFeatures Library/Bee/artifacts/MacStandalonePlayerBuildProgram/Features/UnityEngine.UnityWebRequestAudioModule-Feature/Users/enricoangelico/Desktop/TurtleBot3_v4/MobRob_2026_MovingObstacles/turtlebot3UnityDQN/Library/PackageCache/com.unity.burst@1.8.13/.Runtime/bcl.exe exited after 10278 ms.
stdout:
Starting 1 library requests
Done
stderr:

/Users/enricoangelico/Desktop/TurtleBot3_v4/MobRob_2026_MovingObstacles/turtlebot3UnityDQN/Library/PackageCache/com.unity.burst@1.8.13/.Runtime/bcl.exe exited after 5100 ms.
stdout:
Starting 1 library requests
Done
stderr:

/Users/enricoangelico/Desktop/TurtleBot3_v4/MobRob_2026_MovingObstacles/turtlebot3UnityDQN/Library/PackageCache/com.unity.burst@1.8.13/.Runtime/hostmac/llvm-lipo exited after 634 ms.
stdout:
stderr:

sChecked.txt
[366/376    0s] ExtractUsedFeatures Library/Bee/artifacts/MacStandalonePlayerBuildProgram/Features/UnityEngine.UnityWebRequestAssetBundleModule-FeaturesChecked.txt
[367/376    0s] ExtractUsedFeatures Library/Bee/artifacts/MacStandalonePlayerBuildProgram/Features/UnityEngine.AndroidJNIModule-FeaturesChecked.txt
[368/376    0s] ExtractUsedFeatures Library/Bee/artifacts/MacStandalonePlayerBuildProgram/Features/UnityEngine.ARModule-FeaturesChecked.txt
[369/376    0s] ExtractUsedFeatures Library/Bee/artifacts/MacStandalonePlayerBuildProgram/Features/UnityEngine.AccessibilityModule-FeaturesChecked.txt
[370/376    0s] ExtractUsedFeatures Library/Bee/artifacts/MacStandalonePlayerBuildProgram/Features/UnityEngine.AIModule-FeaturesChecked.txt
[371/376    0s] ExtractUsedFeatures Library/Bee/artifacts/MacStandalonePlayerBuildProgram/Features/System-FeaturesChecked.txt
[372/376    0s] ExtractUsedFeatures Library/Bee/artifacts/MacStandalonePlayerBuildProgram/Features/System.Xml-FeaturesChecked.txt
[373/376   16s] GenerateNativePluginsForAssemblies Library/Bee/artifacts/MacStandalonePlayerBuildProgram/AsyncPluginsFromLinker
*** Tundra requires additional run (16.14 seconds), 373 items updated, 376 evaluated
*** Additional run caused by: timestamp change of Library/Bee/artifacts/MacStandalonePlayerBuildProgram/AsyncPluginsFromLinker
Starting: /Applications/Unity/Hub/Editor/2022.3.23f1/Unity.app/Contents/Tools/netcorerun/netcorerun "/Applications/Unity/Hub/Editor/2022.3.23f1/Unity.app/Contents/PlaybackEngines/MacStandaloneSupport/MacStandalonePlayerBuildProgram.exe" "/Applications/Unity/Hub/Editor/2022.3.23f1/Unity.app/Contents/PlaybackEngines/MacStandaloneSupport/Bee:/Applications/Unity/Hub/Editor/2022.3.23f1/Unity.app/Contents/Tools/BuildPipeline" "Library/Bee/Playercecf0e14.dag.json" "Library/Bee/Playercecf0e14-inputdata.json" "Library/Bee/buildprogram1.traceevents"
WorkingDir: /Users/enricoangelico/Desktop/TurtleBot3_v4/MobRob_2026_MovingObstacles/turtlebot3UnityDQN
ExitCode: 4 Duration: 16s
ExitCode: 0 Duration: 0s339ms
Starting: /Applications/Unity/Hub/Editor/2022.3.23f1/Unity.app/Contents/bee_backend --dont-print-to-structured-log --ipc --dagfile="Library/Bee/Playercecf0e14.dag" --dagfilejson="Library/Bee/Playercecf0e14.dag.json" --profile="Library/Bee/backend3.traceevents" Player
WorkingDir: /Users/enricoangelico/Desktop/TurtleBot3_v4/MobRob_2026_MovingObstacles/turtlebot3UnityDQN
Finished compiling graph: 377 nodes, 901 flattened edges (901 ToBuild, 0 ToUse), maximum node priority 10
[           0s] Delete 5 artifact files that are no longer in use. (like Library/Bee/artifacts/csharpactions/lib_burst_generated.dylib_vgo0.info)
[ 31/376    0s] WriteText Library/Bee/artifacts/csharpactions/lib_burst_generated.bundle_zt18.info
[264/376    0s] WriteText Library/Bee/artifacts/csharpactions/SafeRobotics_ixl7.info
[374/376    0s] MacOSCodeSignDylibCopy /Users/enricoangelico/Desktop/TurtleBot3_v4/MobRob_2026_MovingObstacles/DQN/env/macos_training/SafeRobotics.app/Contents/PlugIns/lib_burst_generated.bundle
[375/376    0s] MacOSCodeSignBundleInPlace /Users/enricoangelico/Desktop/TurtleBot3_v4/MobRob_2026_MovingObstacles/DQN/env/macos_training/SafeRobotics.app/Contents/MacOS/SafeRobotics (+1 other)
*** Tundra build success (0.36 seconds), 4 items updated, 376 evaluated
ExitCode: 0 Duration: 0s374ms
Total cache size 33928928
Total cache size after purge 33928928
Refreshing native plugins compatible for Editor in 8.56 ms, found 2 plugins.
Preloading 0 native plugins for Editor in 0.00 ms.

-------------------------------------------------------------------------------
Build Report
Uncompressed usage by category (Percentages based on user generated assets only):
Textures               8.1 mb	 32.7% 
Meshes                 11.5 mb	 46.2% 
Animations             0.0 kb	 0.0% 
Sounds                 0.0 kb	 0.0% 
Shaders                427.4 kb	 1.7% 
Other Assets           4.7 mb	 19.1% 
Levels                 0.0 kb	 0.0% 
Scripts                72.6 kb	 0.3% 
Included DLLs          0.0 kb	 0.0% 
File headers           20.3 kb	 0.1% 
Total User Assets      24.9 mb	 100.0% 
Complete build size    125.5 mb
Used Assets and files from the Resources folder, sorted by uncompressed size:
 2.7 mb	 2.1% Built-in Texture2D: Splash Screen Unity Logo
 2.7 mb	 2.1% Assets/Materials/textures/ConcreteFloorAL.png
 2.7 mb	 2.1% Assets/Materials/textures/GlulamAL.png
 1.6 mb	 1.3% Assets/Models/turtlebot3_description/meshes/bases/burger_base_3.asset
 1.6 mb	 1.3% Assets/Models/turtlebot3_description/meshes/bases/burger_base_2.asset
 1.6 mb	 1.3% Assets/Models/turtlebot3_description/meshes/bases/burger_base_1.asset
 1.6 mb	 1.3% Assets/Models/turtlebot3_description/meshes/bases/burger_base_0.asset
 1.6 mb	 1.3% Assets/Models/turtlebot3_description/meshes/wheels/right_tire_0.asset
 1.6 mb	 1.3% Assets/Models/turtlebot3_description/meshes/wheels/left_tire_0.asset
 1.4 mb	 1.2% Packages/com.unity.barracuda/Barracuda/Runtime/Core/Resources/Barracuda/BarracudaReferenceImpl.compute
 1.1 mb	 0.9% Assets/Models/turtlebot3_description/meshes/sensors/lds_0.asset
 700.7 kb	 0.5% Packages/com.unity.barracuda/Barracuda/Runtime/Core/Resources/Barracuda/Conv2dBase.compute
 696.9 kb	 0.5% Assets/Models/turtlebot3_description/meshes/bases/burger_base_4.asset
 566.2 kb	 0.4% Packages/com.unity.barracuda/Barracuda/Runtime/Core/Resources/Barracuda/Conv2dMobile.compute
 380.1 kb	 0.3% Packages/com.unity.barracuda/Barracuda/Runtime/Core/Resources/Barracuda/ActivationBase.compute
 308.4 kb	 0.2% Packages/com.unity.barracuda/Barracuda/Runtime/Core/Resources/Barracuda/Dense3.compute
 275.6 kb	 0.2% Packages/com.unity.barracuda/Barracuda/Runtime/Core/Resources/Barracuda/MatMul.compute
 161.3 kb	 0.1% Packages/com.unity.barracuda/Barracuda/Runtime/Core/Resources/Barracuda/Dense.compute
 151.8 kb	 0.1% Packages/com.unity.barracuda/Barracuda/Runtime/Core/Resources/Barracuda/Reduce.compute
 146.3 kb	 0.1% Packages/com.unity.barracuda/Barracuda/Runtime/Core/Resources/Barracuda/Conv3d.compute
 128.2 kb	 0.1% Built-in Cubemap: 
 108.5 kb	 0.1% Packages/com.unity.barracuda/Barracuda/Runtime/Core/Resources/Barracuda/Conv2dA_NHWC.compute
 105.3 kb	 0.1% Packages/com.unity.barracuda/Barracuda/Runtime/Core/Resources/Barracuda/Conv2dA_NCHW.compute
 76.9 kb	 0.1% Packages/com.unity.barracuda/Barracuda/Runtime/Core/Resources/Barracuda/Generic.compute
 69.2 kb	 0.1% Resources/unity_builtin_extra
 59.9 kb	 0.0% Packages/com.unity.barracuda/Barracuda/Runtime/Core/Resources/Barracuda/Pool_NHWC.compute
 57.0 kb	 0.0% Packages/com.unity.barracuda/Barracuda/Runtime/Core/Resources/Barracuda/Pool_NCHW.compute
 54.5 kb	 0.0% Packages/com.unity.barracuda/Barracuda/Runtime/Core/Resources/Barracuda/Broadcast_NHWC.compute
 54.5 kb	 0.0% Packages/com.unity.barracuda/Barracuda/Runtime/Core/Resources/Barracuda/Broadcast_NCHW.compute
 35.6 kb	 0.0% Packages/com.unity.barracuda/Barracuda/Runtime/Core/Resources/Barracuda/TextureUtils.compute
 32.6 kb	 0.0% Packages/com.unity.barracuda/Barracuda/Runtime/Core/Resources/Barracuda/ActivationA.compute
 30.0 kb	 0.0% Packages/com.unity.barracuda/Barracuda/Runtime/Core/Resources/Barracuda/ReduceSlow.compute
 24.5 kb	 0.0% Packages/com.unity.barracuda/Barracuda/Runtime/Core/Resources/Barracuda/PixelShaders/Reduce.shader
 23.7 kb	 0.0% Packages/com.unity.barracuda/Barracuda/Runtime/Core/Resources/Barracuda/Pad.compute
 17.4 kb	 0.0% Packages/com.unity.barracuda/Barracuda/Runtime/Core/Resources/Barracuda/PixelShaders/Activation.shader
 17.3 kb	 0.0% Packages/com.unity.barracuda/Barracuda/Runtime/Core/Resources/Barracuda/PixelShaders/Broadcast.shader
 16.1 kb	 0.0% Packages/com.unity.barracuda/Barracuda/Runtime/Core/Resources/Barracuda/Transpose.compute
 15.5 kb	 0.0% Packages/com.unity.barracuda/Barracuda/Runtime/Core/Resources/Barracuda/PixelShaders/MatMul.shader
 14.0 kb	 0.0% Packages/com.unity.barracuda/Barracuda/Runtime/Core/Resources/Barracuda/DenseFP16.compute
 11.7 kb	 0.0% Packages/com.unity.barracuda/Barracuda/Runtime/Core/Resources/Barracuda/ActivationB.compute
 10.4 kb	 0.0% Packages/com.unity.barracuda/Barracuda/Runtime/Core/Resources/Barracuda/PixelShaders/LogSoftmax.shader
 10.4 kb	 0.0% Packages/com.unity.barracuda/Barracuda/Runtime/Core/Resources/Barracuda/PixelShaders/Softmax.shader
 9.2 kb	 0.0% Packages/com.unity.barracuda/Barracuda/Runtime/Core/Resources/Barracuda/PixelShaders/Conv2DTrans.shader
 9.1 kb	 0.0% Packages/com.unity.barracuda/Barracuda/Runtime/Core/Resources/Barracuda/PixelShaders/ScatterND.shader
 9.0 kb	 0.0% Packages/com.unity.barracuda/Barracuda/Runtime/Core/Resources/Barracuda/PixelShaders/Gather.shader
 8.9 kb	 0.0% Packages/com.unity.barracuda/Barracuda/Runtime/Core/Resources/Barracuda/PixelShaders/Conv2D.shader
 8.3 kb	 0.0% Packages/com.unity.barracuda/Barracuda/Runtime/Core/Resources/Barracuda/PixelShaders/LRN.shader
 8.1 kb	 0.0% Packages/com.unity.barracuda/Barracuda/Runtime/Core/Resources/Barracuda/PixelShaders/Dense.shader
 8.1 kb	 0.0% Packages/com.unity.barracuda/Barracuda/Runtime/Core/Resources/Barracuda/PixelShaders/DepthwiseConv2D.shader
 7.9 kb	 0.0% Packages/com.unity.barracuda/Barracuda/Runtime/Core/Resources/Barracuda/PixelShaders/BroadcastWhere.shader
 7.5 kb	 0.0% Packages/com.unity.barracuda/Barracuda/Runtime/Core/Resources/Barracuda/PixelShaders/OneHot.shader
 7.4 kb	 0.0% Packages/com.unity.barracuda/Barracuda/Runtime/Core/Resources/Barracuda/PixelShaders/Concat.shader
 7.3 kb	 0.0% Packages/com.unity.barracuda/Barracuda/Runtime/Core/Resources/Barracuda/PixelShaders/Dense3.shader
 7.3 kb	 0.0% Packages/com.unity.barracuda/Barracuda/Runtime/Core/Resources/Barracuda/PixelShaders/InstanceNorm.shader
 7.2 kb	 0.0% Packages/com.unity.barracuda/Barracuda/Runtime/Core/Resources/Barracuda/PixelShaders/Copy.shader
 7.0 kb	 0.0% Packages/com.unity.barracuda/Barracuda/Runtime/Core/Resources/Barracuda/PixelShaders/PRelu.shader
 7.0 kb	 0.0% Packages/com.unity.barracuda/Barracuda/Runtime/Core/Resources/Barracuda/PixelShaders/Transpose.shader
 6.9 kb	 0.0% Packages/com.unity.barracuda/Barracuda/Runtime/Core/Resources/Barracuda/PixelShaders/StridedSlice.shader
 6.7 kb	 0.0% Packages/com.unity.barracuda/Barracuda/Runtime/Core/Resources/Barracuda/PixelShaders/SpaceToDepth.shader
 6.7 kb	 0.0% Packages/com.unity.barracuda/Barracuda/Runtime/Core/Resources/Barracuda/PixelShaders/DepthToSpace_CRD.shader
 6.6 kb	 0.0% Packages/com.unity.barracuda/Barracuda/Runtime/Core/Resources/Barracuda/PixelShaders/DepthToSpace_DCR.shader
 6.5 kb	 0.0% Packages/com.unity.barracuda/Barracuda/Runtime/Core/Resources/Barracuda/PixelShaders/ScaleBias.shader
 6.4 kb	 0.0% Packages/com.unity.barracuda/Barracuda/Runtime/Core/Resources/Barracuda/PixelShaders/UpsampleBilinear2D.shader
 6.3 kb	 0.0% Packages/com.unity.barracuda/Barracuda/Runtime/Core/Resources/Barracuda/PixelShaders/MaxPool2D.shader
 6.3 kb	 0.0% Packages/com.unity.barracuda/Barracuda/Runtime/Core/Resources/Barracuda/PixelShaders/ResampleBilinear2D.shader
 6.2 kb	 0.0% Packages/com.unity.barracuda/Barracuda/Runtime/Core/Resources/Barracuda/PixelShaders/AvgPool2D.shader
 6.2 kb	 0.0% Packages/com.unity.barracuda/Barracuda/Runtime/Core/Resources/Barracuda/PixelShaders/TensorToTexture.shader
 6.0 kb	 0.0% Packages/com.unity.barracuda/Barracuda/Runtime/Core/Resources/Barracuda/PixelShaders/TextureToTensor.shader
 6.0 kb	 0.0% Packages/com.unity.barracuda/Barracuda/Runtime/Core/Resources/Barracuda/PixelShaders/Pad2DSymmetric.shader
 5.9 kb	 0.0% Packages/com.unity.barracuda/Barracuda/Runtime/Core/Resources/Barracuda/PixelShaders/HardSigmoid.shader
 5.9 kb	 0.0% Packages/com.unity.barracuda/Barracuda/Runtime/Core/Resources/Barracuda/PixelShaders/Pad2DReflect.shader
 5.9 kb	 0.0% Packages/com.unity.barracuda/Barracuda/Runtime/Core/Resources/Barracuda/PixelShaders/BufferToTensor.shader
 5.9 kb	 0.0% Packages/com.unity.barracuda/Barracuda/Runtime/Core/Resources/Barracuda/PixelShaders/Tile.shader
 5.8 kb	 0.0% Packages/com.unity.barracuda/Barracuda/Runtime/Core/Resources/Barracuda/PixelShaders/Border2D.shader
 5.8 kb	 0.0% Packages/com.unity.barracuda/Barracuda/Runtime/Core/Resources/Barracuda/PixelShaders/GlobalAvgVariancePool2D.shader
 5.7 kb	 0.0% Packages/com.unity.barracuda/Barracuda/Runtime/Core/Resources/Barracuda/PixelShaders/Resample2D.shader
 5.6 kb	 0.0% Packages/com.unity.barracuda/Barracuda/Runtime/Core/Resources/Barracuda/PixelShaders/Pad2DEdge.shader
 5.5 kb	 0.0% Packages/com.unity.barracuda/Barracuda/Runtime/Core/Resources/Barracuda/PixelShaders/Upsample2D.shader
 5.4 kb	 0.0% Packages/com.unity.barracuda/Barracuda/Runtime/Core/Resources/Barracuda/PixelShaders/GlobalAvgPool2D.shader
 5.4 kb	 0.0% Packages/com.unity.barracuda/Barracuda/Runtime/Core/Resources/Barracuda/PixelShaders/GlobalMaxPool2D.shader
 5.1 kb	 0.0% Packages/com.unity.barracuda/Barracuda/Runtime/Core/Resources/Barracuda/PixelShaders/TensorToBuffer.shader
 1.1 kb	 0.0% Assets/Scenes/Training_arena/NavMesh-Plane.asset
 0.9 kb	 0.0% Assets/Models/Materials/light_black.mat
 0.9 kb	 0.0% Assets/Models/Materials/Default.mat
 0.9 kb	 0.0% Assets/Materials/Yellow.mat
 0.9 kb	 0.0% Assets/Materials/Green.mat
 0.9 kb	 0.0% Assets/Materials/Floor.mat
 0.9 kb	 0.0% Assets/Models/Materials/dark.mat
 0.9 kb	 0.0% Assets/Materials/Wood.mat
 0.9 kb	 0.0% Assets/Materials/Red.mat
 0.4 kb	 0.0% Built-in Sprite: 
 0.2 kb	 0.0% Packages/com.unity.test-framework/UnityEngine.TestRunner/NUnitExtensions/Runner/RestoreTestContextAfterDomainReload.cs
 0.2 kb	 0.0% Packages/com.unity.ml-agents/Runtime/Grpc/CommunicatorObjects/UnityRlInitializationOutput.cs
 0.2 kb	 0.0% Packages/com.unity.mathematics/Unity.Mathematics/Il2CppEagerStaticClassConstructionAttribute.cs
 0.2 kb	 0.0% Packages/com.unity.test-framework/UnityEngine.TestRunner/NUnitExtensions/Runner/UnityLogCheckDelegatingCommand.cs
 0.2 kb	 0.0% Packages/com.unity.test-framework/UnityEngine.TestRunner/Assertions/OutOfOrderExpectedLogMessageException.cs
 0.2 kb	 0.0% Packages/com.unity.ml-agents/Runtime/Grpc/CommunicatorObjects/UnityRlInitializationInput.cs
 0.2 kb	 0.0% Packages/com.unity.test-framework/UnityEngine.TestRunner/NUnitExtensions/Runner/UnityTestExecutionContext.cs
 0.2 kb	 0.0% Packages/com.unity.test-framework/UnityEngine.TestRunner/NUnitExtensions/Runner/IEnumerableTestMethodCommand.cs
 0.2 kb	 0.0% Packages/com.unity.test-framework/UnityEngine.TestRunner/NUnitExtensions/Commands/EnumerableApplyChangesToContextCommand.cs
 0.2 kb	 0.0% Packages/com.unity.ml-agents/Runtime/Grpc/CommunicatorObjects/CustomResetParameters.cs
 0.2 kb	 0.0% Packages/com.unity.test-framework/UnityEngine.TestRunner/Utils/Vector4ComparerWithEqualsOperator.cs
 0.2 kb	 0.0% Packages/com.unity.test-framework/UnityEngine.TestRunner/Utils/Vector3ComparerWithEqualsOperator.cs
 0.2 kb	 0.0% Packages/com.unity.test-framework/UnityEngine.TestRunner/Utils/Vector2ComparerWithEqualsOperator.cs
 0.2 kb	 0.0% Packages/com.unity.test-framework/UnityEngine.TestRunner/TestRunner/RemoteHelpers/RemoteTestResultDataWithTestData.cs
 0.2 kb	 0.0% Packages/com.unity.test-framework/UnityEngine.TestRunner/TestRunner/Callbacks/TestResultRendererCallback.cs
 0.2 kb	 0.0% Packages/com.unity.ml-agents/Runtime/Grpc/CommunicatorObjects/EngineConfiguration.cs
 0.2 kb	 0.0% Packages/com.unity.ml-agents/Runtime/Grpc/CommunicatorObjects/AgentInfoActionPair.cs
 0.2 kb	 0.0% Packages/com.unity.test-framework/UnityEngine.TestRunner/TestRunner/PlaymodeTestsControllerSettings.cs
 0.2 kb	 0.0% Packages/com.unity.test-framework/UnityEngine.TestRunner/NUnitExtensions/Runner/UnityWorkItemDataHolder.cs
 0.2 kb	 0.0% Packages/com.unity.test-framework/UnityEngine.TestRunner/NUnitExtensions/Runner/UnityTestAssemblyRunner.cs
 0.2 kb	 0.0% Packages/com.unity.test-framework/UnityEngine.TestRunner/NUnitExtensions/Runner/PlaymodeWorkItemFactory.cs
 0.2 kb	 0.0% Packages/com.unity.test-framework/UnityEngine.TestRunner/NUnitExtensions/Runner/CoroutineTestWorkItem.cs
 0.2 kb	 0.0% Packages/com.unity.test-framework/UnityEngine.TestRunner/NUnitExtensions/IAsyncTestAssemblyBuilder.cs
 0.2 kb	 0.0% Packages/com.unity.test-framework/UnityEngine.TestRunner/NUnitExtensions/Filters/CategoryFilterExtended.cs
 0.2 kb	 0.0% Packages/com.unity.test-framework/UnityEngine.TestRunner/Assertions/UnexpectedLogMessageException.cs
 0.2 kb	 0.0% Packages/com.unity.ml-agents/Runtime/Grpc/CommunicatorObjects/TrainingAnalytics.cs
 0.2 kb	 0.0% Packages/com.unity.ml-agents/Runtime/Grpc/CommunicatorObjects/DemonstrationMeta.cs
 0.2 kb	 0.0% Packages/com.unity.barracuda/Barracuda/Runtime/Core/Compiler/Passes/ShapeGatherReshapeToNHWCRemovePass.cs
 0.2 kb	 0.0% Packages/com.unity.barracuda/Barracuda/Runtime/Core/Compiler/Passes/IRShapeInferenceAndConstantFusing.cs
 0.1 kb	 0.0% Packages/com.unity.test-framework/UnityEngine.TestRunner/TestRunner/RemoteHelpers/RemoteTestResultDataFactory.cs
 0.1 kb	 0.0% Packages/com.unity.test-framework/UnityEngine.TestRunner/TestRunner/RemoteHelpers/PlayerConnectionMessageIds.cs
 0.1 kb	 0.0% Packages/com.unity.test-framework/UnityEngine.TestRunner/TestRunner/RemoteHelpers/IRemoteTestResultDataFactory.cs
 0.1 kb	 0.0% Packages/com.unity.test-framework/UnityEngine.TestRunner/TestRunner/Callbacks/RemoteTestResultSender.cs
 0.1 kb	 0.0% Packages/com.unity.test-framework/UnityEngine.TestRunner/TestRunner/Callbacks/PlayModeRunnerCallback.cs
 0.1 kb	 0.0% Packages/com.unity.test-framework/UnityEngine.TestRunner/Assertions/AllocatingGCMemoryConstraint.cs
 0.1 kb	 0.0% Packages/com.unity.ml-agents/Runtime/Grpc/CommunicatorObjects/UnityToExternal.cs
 0.1 kb	 0.0% Packages/com.unity.ml-agents/Runtime/Grpc/CommunicatorObjects/BrainParameters.cs
 0.1 kb	 0.0% Packages/com.unity.barracuda/Barracuda/Runtime/Core/Compiler/Passes/ContractToSimplerLayerPass.cs
 0.1 kb	 0.0% Packages/com.unity.barracuda/Barracuda/Runtime/Core/Compiler/Passes/ConcatenateTransposesPass.cs
 0.1 kb	 0.0% Packages/com.unity.test-framework/UnityEngine.TestRunner/TestRunner/Messages/IEditModeTestYieldInstruction.cs
 0.1 kb	 0.0% Packages/com.unity.test-framework/UnityEngine.TestRunner/NUnitExtensions/UnityTestAssemblyBuilder.cs
 0.1 kb	 0.0% Packages/com.unity.test-framework/UnityEngine.TestRunner/NUnitExtensions/Runner/TestCommandBuilder.cs
 0.1 kb	 0.0% Packages/com.unity.test-framework/UnityEngine.TestRunner/NUnitExtensions/Runner/DefaultTestWorkItem.cs
 0.1 kb	 0.0% Packages/com.unity.test-framework/UnityEngine.TestRunner/NUnitExtensions/Runner/CompositeWorkItem.cs
 0.1 kb	 0.0% Packages/com.unity.test-framework/UnityEngine.TestRunner/NUnitExtensions/OrderedTestSuiteModifier.cs
 0.1 kb	 0.0% Packages/com.unity.test-framework/UnityEngine.TestRunner/NUnitExtensions/Filters/AssemblyNameFilter.cs
 0.1 kb	 0.0% Packages/com.unity.test-framework/UnityEngine.TestRunner/NUnitExtensions/Commands/EnumerableSetUpTearDownCommand.cs
 0.1 kb	 0.0% Packages/com.unity.test-framework/UnityEngine.TestRunner/NUnitExtensions/Commands/EnumerableRepeatedTestCommand.cs
 0.1 kb	 0.0% Packages/com.unity.test-framework/UnityEngine.TestRunner/NUnitExtensions/Attributes/TestMustExpectAllLogsAttribute.cs
 0.1 kb	 0.0% Packages/com.unity.test-framework/UnityEngine.TestRunner/Assertions/UnityTestTimeoutException.cs
 0.1 kb	 0.0% Packages/com.unity.test-framework/UnityEngine.TestRunner/Assertions/UnhandledLogMessageException.cs
 0.1 kb	 0.0% Packages/com.unity.test-framework/UnityEngine.TestRunner/Assertions/InvalidSignatureException.cs
 0.1 kb	 0.0% Packages/com.unity.ml-agents/Runtime/Grpc/CommunicatorObjects/UnityToExternalGrpc.cs
 0.1 kb	 0.0% Packages/com.unity.ml-agents/Runtime/Grpc/CommunicatorObjects/UnityRlOutput.cs
 0.1 kb	 0.0% Packages/com.unity.barracuda/Barracuda/Runtime/Core/Compiler/Passes/IntermediateToRunnableNHWCPass.cs
 0.1 kb	 0.0% Packages/com.unity.barracuda/Barracuda/Runtime/Core/Compiler/Passes/IntermediateToRunnableNCHWPass.cs
 0.1 kb	 0.0% Packages/com.unity.test-framework/UnityEngine.TestRunner/Utils/QuaternionEqualityComparer.cs
 0.1 kb	 0.0% Packages/com.unity.test-framework/UnityEngine.TestRunner/Utils/AssemblyProvider/PlayerTestAssemblyProvider.cs
 0.1 kb	 0.0% Packages/com.unity.test-framework/UnityEngine.TestRunner/TestRunner/RuntimeTestRunnerFilter.cs
 0.1 kb	 0.0% Packages/com.unity.test-framework/UnityEngine.TestRunner/TestRunner/Callbacks/TestResultRenderer.cs
 0.1 kb	 0.0% Packages/com.unity.test-framework/UnityEngine.TestRunner/TestRunner/Callbacks/PlayerQuitHandler.cs
 0.1 kb	 0.0% Packages/com.unity.ml-agents/Runtime/Sensors/Reflection/QuaternionReflectionSensor.cs
 0.1 kb	 0.0% Packages/com.unity.ml-agents/Runtime/Grpc/CommunicatorObjects/UnityRlInput.cs
 0.1 kb	 0.0% Packages/com.unity.ml-agents/Runtime/Grpc/CommunicatorObjects/UnityOutput.cs
 0.1 kb	 0.0% Packages/com.unity.ml-agents/Runtime/Grpc/CommunicatorObjects/UnityMessage.cs
 0.1 kb	 0.0% Packages/com.unity.ml-agents/Runtime/Grpc/CommunicatorObjects/Observation.cs
 0.1 kb	 0.0% Packages/com.unity.ml-agents/Runtime/Grpc/CommunicatorObjects/Capabilities.cs
 0.1 kb	 0.0% Packages/com.unity.ml-agents/Runtime/Grpc/CommunicatorObjects/AgentAction.cs
 0.1 kb	 0.0% Packages/com.unity.barracuda/Barracuda/Runtime/Core/Compiler/Passes/LayoutTransposesRemovalHelper.cs
 0.1 kb	 0.0% Packages/com.unity.test-framework/UnityEngine.TestRunner/Utils/PostBuildCleanupAttribute.cs
 0.1 kb	 0.0% Packages/com.unity.test-framework/UnityEngine.TestRunner/TestRunner/TestEnumeratorWrapper.cs
 0.1 kb	 0.0% Packages/com.unity.test-framework/UnityEngine.TestRunner/TestRunner/PlaymodeTestsController.cs
 0.1 kb	 0.0% Packages/com.unity.test-framework/UnityEngine.TestRunner/NUnitExtensions/TestResultExtensions.cs
 0.1 kb	 0.0% Packages/com.unity.test-framework/UnityEngine.TestRunner/NUnitExtensions/Runner/WorkItemFactory.cs
 0.1 kb	 0.0% Packages/com.unity.test-framework/UnityEngine.TestRunner/NUnitExtensions/Runner/UnityWorkItem.cs
 0.1 kb	 0.0% Packages/com.unity.test-framework/UnityEngine.TestRunner/NUnitExtensions/ITestSuiteModifier.cs
 0.1 kb	 0.0% Packages/com.unity.test-framework/UnityEngine.TestRunner/NUnitExtensions/Filters/FullNameFilter.cs
 0.1 kb	 0.0% Packages/com.unity.test-framework/UnityEngine.TestRunner/NUnitExtensions/ConstructDelegator.cs
 0.1 kb	 0.0% Packages/com.unity.test-framework/UnityEngine.TestRunner/NUnitExtensions/Commands/OuterUnityTestActionCommand.cs
 0.1 kb	 0.0% Packages/com.unity.test-framework/UnityEngine.TestRunner/NUnitExtensions/Commands/ImmediateEnumerableCommand.cs
 0.1 kb	 0.0% Packages/com.unity.test-framework/UnityEngine.TestRunner/NUnitExtensions/Commands/EnumerableTestMethodCommand.cs
 0.1 kb	 0.0% Packages/com.unity.test-framework/UnityEngine.TestRunner/NUnitExtensions/Commands/EnumerableRetryTestCommand.cs
 0.1 kb	 0.0% Packages/com.unity.test-framework/UnityEngine.TestRunner/NUnitExtensions/Commands/BeforeAfterTestCommandState.cs
 0.1 kb	 0.0% Packages/com.unity.test-framework/UnityEngine.TestRunner/NUnitExtensions/Attributes/UnityCombinatorialStrategy.cs
 0.1 kb	 0.0% Packages/com.unity.test-framework/UnityEngine.TestRunner/NUnitExtensions/Attributes/ConditionalIgnoreAttribute.cs
 0.1 kb	 0.0% Packages/com.unity.test-framework/UnityEngine.TestRunner/Assertions/ConstraintsExtensions.cs
 0.1 kb	 0.0% Packages/com.unity.ml-agents/Runtime/Sensors/RayPerceptionSensorComponentBase.cs
 0.1 kb	 0.0% Packages/com.unity.ml-agents/Runtime/Sensors/RayPerceptionSensorComponent3D.cs
 0.1 kb	 0.0% Packages/com.unity.ml-agents/Runtime/Sensors/RayPerceptionSensorComponent2D.cs
 0.1 kb	 0.0% Packages/com.unity.ml-agents/Runtime/Grpc/CommunicatorObjects/UnityInput.cs
 0.1 kb	 0.0% Packages/com.unity.ml-agents/Runtime/Grpc/CommunicatorObjects/SpaceType.cs
 0.1 kb	 0.0% Packages/com.unity.ml-agents/Runtime/Grpc/CommunicatorObjects/AgentInfo.cs
 0.1 kb	 0.0% Packages/com.unity.barracuda/Barracuda/Runtime/Core/Compiler/ShapeInference/IRShapeInferenceHelper.cs
 0.1 kb	 0.0% Packages/com.unity.barracuda/Barracuda/Runtime/Core/Compiler/ShapeInference/IRRankInferenceHelper.cs
 0.1 kb	 0.0% Packages/com.unity.barracuda/Barracuda/Runtime/Core/Compiler/Passes/RemoveUnusedLayersPass.cs
 0.1 kb	 0.0% Packages/com.unity.timeline/Runtime/Animation/AnimationPreviewUpdateCallback.cs
 0.1 kb	 0.0% Packages/com.unity.timeline/Runtime/Animation/AnimationOutputWeightProcessor.cs
 0.1 kb	 0.0% Packages/com.unity.textmeshpro/Scripts/Runtime/TMP_SpriteAssetImportFormats.cs
 0.1 kb	 0.0% Packages/com.unity.test-framework/UnityEngine.TestRunner/Utils/Vector4EqualityComparer.cs
 0.1 kb	 0.0% Packages/com.unity.test-framework/UnityEngine.TestRunner/Utils/Vector3EqualityComparer.cs
 0.1 kb	 0.0% Packages/com.unity.test-framework/UnityEngine.TestRunner/Utils/Vector2EqualityComparer.cs
 0.1 kb	 0.0% Packages/com.unity.test-framework/UnityEngine.TestRunner/Utils/TestRunCallbackListener.cs
 0.1 kb	 0.0% Packages/com.unity.test-framework/UnityEngine.TestRunner/Utils/PrebuildSceneSetupAttribute.cs
 0.1 kb	 0.0% Packages/com.unity.test-framework/UnityEngine.TestRunner/Utils/FloatEqualityComparer.cs
 0.1 kb	 0.0% Packages/com.unity.test-framework/UnityEngine.TestRunner/Utils/ColorEqualityComparer.cs
 0.1 kb	 0.0% Packages/com.unity.test-framework/UnityEngine.TestRunner/Utils/AssemblyProvider/ScriptingRuntimeProxy.cs
 0.1 kb	 0.0% Packages/com.unity.test-framework/UnityEngine.TestRunner/Utils/AssemblyProvider/IScriptingRuntimeProxy.cs
 0.1 kb	 0.0% Packages/com.unity.test-framework/UnityEngine.TestRunner/TestRunner/SynchronousFilter.cs
 0.1 kb	 0.0% Packages/com.unity.test-framework/UnityEngine.TestRunner/TestRunner/RemoteHelpers/RemoteTestResultData.cs
 0.1 kb	 0.0% Packages/com.unity.ml-agents/Runtime/SideChannels/TrainingAnalyticsSideChannel.cs
 0.1 kb	 0.0% Packages/com.unity.ml-agents/Runtime/SideChannels/EnvironmentParametersChannel.cs
 0.1 kb	 0.0% Packages/com.unity.ml-agents/Runtime/SideChannels/EngineConfigurationChannel.cs
 0.1 kb	 0.0% Packages/com.unity.ml-agents/Runtime/Sensors/Reflection/Vector4ReflectionSensor.cs
 0.1 kb	 0.0% Packages/com.unity.ml-agents/Runtime/Sensors/Reflection/Vector3ReflectionSensor.cs
 0.1 kb	 0.0% Packages/com.unity.ml-agents/Runtime/Sensors/Reflection/Vector2ReflectionSensor.cs
 0.1 kb	 0.0% Packages/com.unity.ml-agents/Runtime/Sensors/Reflection/FloatReflectionSensor.cs
 0.1 kb	 0.0% Packages/com.unity.ml-agents/Runtime/Integrations/Match3/Match3SensorComponent.cs
 0.1 kb	 0.0% Packages/com.unity.ml-agents/Runtime/Integrations/Match3/Match3ActuatorComponent.cs
 0.1 kb	 0.0% Packages/com.unity.ml-agents/Runtime/Grpc/CommunicatorObjects/Command.cs
 0.1 kb	 0.0% Packages/com.unity.barracuda/Barracuda/Runtime/Core/Compiler/Passes/NCHWToNHWC/CorrectOutputLayoutToMatchNHWCLayout.cs
 0.1 kb	 0.0% Packages/com.unity.barracuda/Barracuda/Runtime/Core/Compiler/Passes/FuseLinearLayersPass.cs
 0.1 kb	 0.0% Packages/com.unity.barracuda/Barracuda/Runtime/Core/Compiler/Passes/FuseConstantsPass.cs
 0.1 kb	 0.0% Packages/com.unity.barracuda/Barracuda/Runtime/Core/Compiler/Passes/FuseActivationsPass.cs
 0.1 kb	 0.0% Packages/com.unity.ugui/Runtime/UI/Core/Layout/HorizontalOrVerticalLayoutGroup.cs
 0.1 kb	 0.0% Packages/com.unity.test-framework/UnityEngine.TestRunner/Utils/TestRunCallbackAttribute.cs
 0.1 kb	 0.0% Packages/com.unity.test-framework/UnityEngine.TestRunner/Utils/IOuterUnityTestAction.cs
 0.1 kb	 0.0% Packages/com.unity.test-framework/UnityEngine.TestRunner/TestRunner/TestListenerWrapper.cs
 0.1 kb	 0.0% Packages/com.unity.test-framework/UnityEngine.TestRunner/TestRunner/ITestRunnerListener.cs
 0.1 kb	 0.0% Packages/com.unity.test-framework/UnityEngine.TestRunner/NUnitExtensions/TestExtensions.cs
 0.1 kb	 0.0% Packages/com.unity.test-framework/UnityEngine.TestRunner/NUnitExtensions/Runner/FailCommand.cs
 0.1 kb	 0.0% Packages/com.unity.test-framework/UnityEngine.TestRunner/NUnitExtensions/IStateSerializer.cs
 0.1 kb	 0.0% Packages/com.unity.test-framework/UnityEngine.TestRunner/NUnitExtensions/Commands/UnityTestMethodCommand.cs
 0.1 kb	 0.0% Packages/com.unity.test-framework/UnityEngine.TestRunner/NUnitExtensions/BaseDelegator.cs
 0.1 kb	 0.0% Packages/com.unity.test-framework/UnityEngine.TestRunner/NUnitExtensions/Attributes/UnityTearDownAttribute.cs
 0.1 kb	 0.0% Packages/com.unity.test-framework/UnityEngine.TestRunner/NUnitExtensions/Attributes/UnityPlatformAttribute.cs
 0.1 kb	 0.0% Packages/com.unity.test-framework/UnityEngine.TestRunner/NUnitExtensions/ActionDelegator.cs
 0.1 kb	 0.0% Packages/com.unity.ml-agents/Runtime/Sensors/RenderTextureSensorComponent.cs
 0.1 kb	 0.0% Packages/com.unity.ml-agents/Runtime/Inference/BarracudaModelParamLoader.cs
 0.1 kb	 0.0% Packages/com.unity.ml-agents/Runtime/Grpc/CommunicatorObjects/Header.cs
 0.1 kb	 0.0% Packages/com.unity.ml-agents/Runtime/Demonstrations/DemonstrationRecorder.cs
 0.1 kb	 0.0% Packages/com.unity.ml-agents/Runtime/Demonstrations/DemonstrationMetaData.cs
 0.1 kb	 0.0% Packages/com.unity.ml-agents/Runtime/Actuators/ActuatorDiscreteActionMask.cs
 0.1 kb	 0.0% Packages/com.unity.timeline/Runtime/Utilities/AnimationPreviewUtilities.cs
 0.1 kb	 0.0% Packages/com.unity.timeline/Runtime/Playables/TimeNotificationBehaviour.cs
 0.1 kb	 0.0% Packages/com.unity.timeline/Runtime/Playables/ActivationControlPlayable.cs
 0.1 kb	 0.0% Packages/com.unity.timeline/Runtime/Events/INotificationOptionProvider.cs
 0.1 kb	 0.0% Packages/com.unity.test-framework/UnityEngine.TestRunner/Utils/AssemblyProvider/IAssemblyLoadProxy.cs
 0.1 kb	 0.0% Packages/com.unity.test-framework/UnityEngine.TestRunner/Utils/AssemblyProvider/AssemblyLoadProxy.cs
 0.1 kb	 0.0% Packages/com.unity.test-framework/UnityEngine.TestRunner/TestRunner/RemoteHelpers/RemoteTestData.cs
 0.1 kb	 0.0% Packages/com.unity.ml-agents/Runtime/SideChannels/FloatPropertiesChannel.cs
 0.1 kb	 0.0% Packages/com.unity.ml-agents/Runtime/Sensors/Reflection/ReflectionSensorBase.cs
 0.1 kb	 0.0% Packages/com.unity.ml-agents/Runtime/Sensors/Reflection/ObservableAttribute.cs
 0.1 kb	 0.0% Packages/com.unity.ml-agents/Runtime/Sensors/Reflection/IntReflectionSensor.cs
 0.1 kb	 0.0% Packages/com.unity.ml-agents/Runtime/Sensors/Reflection/EnumReflectionSensor.cs
 0.1 kb	 0.0% Packages/com.unity.ml-agents/Runtime/Sensors/Reflection/BoolReflectionSensor.cs
 0.1 kb	 0.0% Packages/com.unity.barracuda/Barracuda/Runtime/Core/Compiler/Passes/FuseDense3Pass.cs
 0.1 kb	 0.0% Packages/com.unity.ugui/Runtime/EventSystem/InputModules/StandaloneInputModule.cs
 0.1 kb	 0.0% Packages/com.unity.test-framework/UnityEngine.TestRunner/Utils/MonoBehaviourTest/IMonoBehaviourTest.cs
 0.1 kb	 0.0% Packages/com.unity.test-framework/UnityEngine.TestRunner/Utils/IPostBuildCleanup.cs
 0.1 kb	 0.0% Packages/com.unity.test-framework/UnityEngine.TestRunner/TestRunner/TestPlatform.cs
 0.1 kb	 0.0% Packages/com.unity.test-framework/UnityEngine.TestRunner/NUnitExtensions/Commands/TestCommandPcHelper.cs
 0.1 kb	 0.0% Packages/com.unity.test-framework/UnityEngine.TestRunner/NUnitExtensions/Commands/TestActionCommand.cs
 0.1 kb	 0.0% Packages/com.unity.test-framework/UnityEngine.TestRunner/NUnitExtensions/Commands/SetUpTearDownCommand.cs
 0.1 kb	 0.0% Packages/com.unity.test-framework/UnityEngine.TestRunner/NUnitExtensions/Commands/EnumerableTestState.cs
 0.1 kb	 0.0% Packages/com.unity.test-framework/UnityEngine.TestRunner/NUnitExtensions/Attributes/UnityTestAttribute.cs
 0.1 kb	 0.0% Packages/com.unity.test-framework/UnityEngine.TestRunner/NUnitExtensions/Attributes/UnitySetUpAttribute.cs
 0.1 kb	 0.0% Packages/com.unity.ml-agents/Runtime/Sensors/VectorSensorComponent.cs
 0.1 kb	 0.0% Packages/com.unity.ml-agents/Runtime/Sensors/CameraSensorComponent.cs
 0.1 kb	 0.0% Packages/com.unity.ml-agents/Runtime/Sensors/BufferSensorComponent.cs
 0.1 kb	 0.0% Packages/com.unity.ml-agents/Runtime/Inference/BarracudaModelExtensions.cs
 0.1 kb	 0.0% Packages/com.unity.ml-agents/Runtime/Demonstrations/DemonstrationWriter.cs
 0.1 kb	 0.0% Packages/com.unity.ml-agents/Runtime/Demonstrations/DemonstrationSummary.cs
 0.1 kb	 0.0% Packages/com.unity.burst/Runtime/CompilerServices/SkipLocalsInitAttribute.cs
 0.1 kb	 0.0% Packages/com.unity.burst/Runtime/CompilerServices/IgnoreWarningAttribute.cs
 0.1 kb	 0.0% Packages/com.unity.barracuda/Barracuda/Runtime/Core/Compiler/Passes/ShapeContractionPass.cs
 0.1 kb	 0.0% Packages/com.unity.barracuda/Barracuda/Runtime/Core/Compiler/Passes/RemoveNoOpsPass.cs
 0.1 kb	 0.0% Packages/com.unity.barracuda/Barracuda/Runtime/Core/Compiler/Passes/PreserveLayersPass.cs
 0.1 kb	 0.0% Packages/com.unity.barracuda/Barracuda/Runtime/Core/Compiler/Passes/IValidateModelPass.cs
 0.1 kb	 0.0% Packages/com.unity.ai.navigation/Runtime/NavMeshModifierVolume.cs
 0.1 kb	 0.0% Packages/com.unity.timeline/Runtime/Utilities/TimelineCreateUtilities.cs
 0.1 kb	 0.0% Packages/com.unity.timeline/Runtime/Utilities/TimelineClipExtensions.cs
 0.1 kb	 0.0% Packages/com.unity.timeline/Runtime/Utilities/NotificationUtilities.cs
 0.1 kb	 0.0% Packages/com.unity.timeline/Runtime/Playables/PrefabControlPlayable.cs
 0.1 kb	 0.0% Packages/com.unity.timeline/Runtime/Playables/ParticleControlPlayable.cs
 0.1 kb	 0.0% Packages/com.unity.timeline/Runtime/Playables/DirectorControlPlayable.cs
 0.1 kb	 0.0% Packages/com.unity.timeline/Runtime/Events/Signals/CustomSignalEventDrawer.cs
 0.1 kb	 0.0% Packages/com.unity.timeline/Runtime/Attributes/TimelineHelpURLAttribute.cs
 0.1 kb	 0.0% Packages/com.unity.timeline/Runtime/Animation/AnimationPlayableAsset.cs
 0.1 kb	 0.0% Packages/com.unity.timeline/Runtime/Activation/ActivationPlayableAsset.cs
 0.1 kb	 0.0% Packages/com.unity.timeline/Runtime/Activation/ActivationMixerPlayable.cs
 0.1 kb	 0.0% Packages/com.unity.textmeshpro/Scripts/Runtime/TMP_ScrollbarEventHandler.cs
 0.1 kb	 0.0% Packages/com.unity.textmeshpro/Scripts/Runtime/TMP_PackageResourceImporter.cs
 0.1 kb	 0.0% Packages/com.unity.textmeshpro/Scripts/Runtime/TMP_EditorResourceManager.cs
 0.1 kb	 0.0% Packages/com.unity.test-framework/UnityEngine.TestRunner/Utils/StacktraceFilter.cs
 0.1 kb	 0.0% Packages/com.unity.test-framework/UnityEngine.TestRunner/Utils/IPrebuildSceneSetup.cs
 0.1 kb	 0.0% Packages/com.unity.test-framework/UnityEngine.TestRunner/Utils/CoroutineRunner.cs
 0.1 kb	 0.0% Packages/com.unity.test-framework/UnityEngine.TestRunner/Utils/AssemblyProvider/IAssemblyWrapper.cs
 0.1 kb	 0.0% Packages/com.unity.test-framework/UnityEngine.TestRunner/Utils/AssemblyProvider/AssemblyWrapper.cs
 0.1 kb	 0.0% Packages/com.unity.ml-agents/Runtime/SideChannels/SideChannelManager.cs
 0.1 kb	 0.0% Packages/com.unity.ml-agents/Runtime/Integrations/Match3/Match3Actuator.cs
 0.1 kb	 0.0% Packages/com.unity.ml-agents/Runtime/Integrations/Match3/AbstractBoard.cs
 0.1 kb	 0.0% Packages/com.unity.ml-agents/Runtime/Inference/GeneratorImpl.cs
 0.1 kb	 0.0% Packages/com.unity.ml-agents/Runtime/Inference/ApplierImpl.cs
 0.1 kb	 0.0% Packages/com.unity.ml-agents/Runtime/Areas/TrainingAreaReplicator.cs
 0.1 kb	 0.0% Packages/com.unity.mathematics/Unity.Mathematics/PropertyAttributes.cs
 0.1 kb	 0.0% Packages/com.unity.barracuda/Barracuda/Runtime/Core/Compiler/Passes/NCHWToNHWC/RewriterNHWCToNHWC.cs
 0.1 kb	 0.0% Packages/com.unity.barracuda/Barracuda/Runtime/Core/Compiler/Passes/NCHWToNHWC/RewriterNCHWToNHWC.cs
 0.1 kb	 0.0% Packages/com.unity.barracuda/Barracuda/Runtime/Core/Compiler/Passes/NCHWToNHWC/CorrectForBroadcast.cs
 0.1 kb	 0.0% Packages/com.unity.barracuda/Barracuda/Runtime/Core/BackwardsCompatibility.cs
 0.1 kb	 0.0% Packages/com.unity.barracuda/Barracuda/Runtime/Core/Backends/StaticOpsComplexityHelper.cs
 0.1 kb	 0.0% Packages/com.unity.barracuda/Barracuda/Runtime/Core/Backends/BarracudaPrecompiledCompute.cs
 0.1 kb	 0.0% Packages/com.unity.barracuda/Barracuda/Runtime/Core/Backends/BarracudaBurstCPU.Jobs.Activation.gen.cs
 0.1 kb	 0.0% Packages/com.unity.ugui/Runtime/UI/Core/Utility/ReflectionMethodsCache.cs
 0.1 kb	 0.0% Packages/com.unity.ugui/Runtime/UI/Core/MultipleDisplayUtilities.cs
 0.1 kb	 0.0% Packages/com.unity.ugui/Runtime/UI/Core/Layout/HorizontalLayoutGroup.cs
 0.1 kb	 0.0% Packages/com.unity.ugui/Runtime/UI/Core/IGraphicEnabledDisabled.cs
 0.1 kb	 0.0% Packages/com.unity.ugui/Runtime/UI/Core/GraphicRebuildTracker.cs
 0.1 kb	 0.0% Packages/com.unity.ugui/Runtime/UI/Core/Culling/RectangularVertexClipper.cs
 0.1 kb	 0.0% Packages/com.unity.ugui/Runtime/EventSystem/UIElements/PanelEventHandler.cs
 0.1 kb	 0.0% Packages/com.unity.ugui/Runtime/EventSystem/Raycasters/Physics2DRaycaster.cs
 0.1 kb	 0.0% Packages/com.unity.ugui/Runtime/EventSystem/InputModules/PointerInputModule.cs
 0.1 kb	 0.0% Packages/com.unity.timeline/Runtime/TimelineAttributes.cs
 0.1 kb	 0.0% Packages/com.unity.timeline/Runtime/Playables/BasicScriptPlayable.cs
 0.1 kb	 0.0% Packages/com.unity.test-framework/UnityEngine.TestRunner/Utils/ITestRunCallback.cs
 0.1 kb	 0.0% Packages/com.unity.test-framework/UnityEngine.TestRunner/Utils/AttributeHelper.cs
 0.1 kb	 0.0% Packages/com.unity.test-framework/UnityEngine.TestRunner/NUnitExtensions/Attributes/TestEnumerator.cs
 0.1 kb	 0.0% Packages/com.unity.test-framework/UnityEngine.TestRunner/Assertions/LogScope/ILogScope.cs
 0.1 kb	 0.0% Packages/com.unity.ml-agents/Runtime/SimpleMultiAgentGroup.cs
 0.1 kb	 0.0% Packages/com.unity.ml-agents/Runtime/Sensors/SensorShapeValidator.cs
 0.1 kb	 0.0% Packages/com.unity.ml-agents/Runtime/Sensors/RenderTextureSensor.cs
 0.1 kb	 0.0% Packages/com.unity.ml-agents/Runtime/Sensors/RayPerceptionSensor.cs
 0.1 kb	 0.0% Packages/com.unity.ml-agents/Runtime/Sensors/ObservationWriter.cs
 0.1 kb	 0.0% Packages/com.unity.ml-agents/Runtime/Sensors/GridSensorComponent.cs
 0.1 kb	 0.0% Packages/com.unity.ml-agents/Runtime/Sensors/BoxOverlapChecker.cs
 0.1 kb	 0.0% Packages/com.unity.ml-agents/Runtime/Policies/BehaviorParameters.cs
 0.1 kb	 0.0% Packages/com.unity.ml-agents/Runtime/MultiAgentGroupIdCounter.cs
 0.1 kb	 0.0% Packages/com.unity.ml-agents/Runtime/MLAgentsSettingsManager.cs
 0.1 kb	 0.0% Packages/com.unity.ml-agents/Runtime/EnvironmentParameters.cs
 0.1 kb	 0.0% Packages/com.unity.ml-agents/Runtime/Analytics/TrainingAnalytics.cs
 0.1 kb	 0.0% Packages/com.unity.ml-agents/Runtime/Analytics/InferenceAnalytics.cs
 0.1 kb	 0.0% Packages/com.unity.ml-agents/Runtime/Actuators/IHeuristicProvider.cs
 0.1 kb	 0.0% Packages/com.unity.ml-agents/Runtime/Actuators/IDiscreteActionMask.cs
 0.1 kb	 0.0% Packages/com.unity.ml-agents/Runtime/Actuators/ActuatorComponent.cs
 0.1 kb	 0.0% Packages/com.unity.burst/Runtime/CompilerServices/AssumeRangeAttribute.cs
 0.1 kb	 0.0% Packages/com.unity.barracuda/Barracuda/Runtime/ONNX/ONNXModelConverter.cs
 0.1 kb	 0.0% Packages/com.unity.barracuda/Barracuda/Runtime/Core/Compiler/Passes/ValidatePasses.cs
 0.1 kb	 0.0% Packages/com.unity.barracuda/Barracuda/Runtime/Core/Compiler/Passes/NCHWToNHWCPass.cs
 0.1 kb	 0.0% Packages/com.unity.barracuda/Barracuda/Runtime/Core/Backends/TensorAllocators.cs
 0.1 kb	 0.0% Packages/com.unity.barracuda/Barracuda/Runtime/Core/Backends/ComputeShaderSingleton.cs
 0.1 kb	 0.0% Packages/com.unity.barracuda/Barracuda/Runtime/Core/Backends/BarracudaUnsafeArrayCPU.cs
 0.1 kb	 0.0% Packages/com.unity.barracuda/Barracuda/Runtime/Core/Backends/BarracudaComputeDebugUtils.cs
 0.1 kb	 0.0% Packages/com.unity.barracuda/Barracuda/Runtime/Core/Backends/BarracudaBurstCPU.Jobs.Reduce.gen.cs
 0.1 kb	 0.0% Packages/com.unity.barracuda/Barracuda/Runtime/Core/Backends/BarracudaBurstCPU.Jobs.DenseConv.gen.cs
 0.1 kb	 0.0% Packages/com.unity.barracuda/Barracuda/Runtime/Core/Backends/BarracudaBurstCPU.Jobs.Broadcast.gen.cs
 0.1 kb	 0.0% Packages/com.unity.barracuda/Barracuda/Runtime/Core/Backends/BarracudaBurstCPU.Helper.cs
 0.1 kb	 0.0% Packages/com.unity.barracuda/Barracuda/Runtime/Core/Backends/BarracudaBackendsFactory.cs
 0.1 kb	 0.0% Packages/com.unity.ugui/Runtime/UI/Animation/CoroutineTween.cs
 0.1 kb	 0.0% Packages/com.unity.ugui/Runtime/EventSystem/EventInterfaces.cs
 0.1 kb	 0.0% Packages/com.unity.timeline/Runtime/Utilities/IPropertyCollector.cs
 0.1 kb	 0.0% Packages/com.unity.timeline/Runtime/Utilities/AnimatorBindingCache.cs
 0.1 kb	 0.0% Packages/com.unity.timeline/Runtime/Playables/TimeControlPlayable.cs
 0.1 kb	 0.0% Packages/com.unity.timeline/Runtime/Evaluation/ScheduleRuntimeClip.cs
 0.1 kb	 0.0% Packages/com.unity.timeline/Runtime/Evaluation/InfiniteRuntimeClip.cs
 0.1 kb	 0.0% Packages/com.unity.timeline/Runtime/Control/ControlPlayableAsset.cs
 0.1 kb	 0.0% Packages/com.unity.timeline/Runtime/Audio/AudioPlayableAsset.cs
 0.1 kb	 0.0% Packages/com.unity.timeline/Runtime/Audio/AudioMixerProperties.cs
 0.1 kb	 0.0% Packages/com.unity.timeline/Runtime/Audio/AudioClipProperties.cs
 0.1 kb	 0.0% Packages/com.unity.timeline/Runtime/Attributes/TrackColorAttribute.cs
 0.1 kb	 0.0% Packages/com.unity.textmeshpro/Scripts/Runtime/TMPro_ExtensionMethods.cs
 0.1 kb	 0.0% Packages/com.unity.textmeshpro/Scripts/Runtime/TMP_TextParsingUtilities.cs
 0.1 kb	 0.0% Packages/com.unity.textmeshpro/Scripts/Runtime/TMP_TextElement_Legacy.cs
 0.1 kb	 0.0% Packages/com.unity.textmeshpro/Scripts/Runtime/TMP_FontAssetUtilities.cs
 0.1 kb	 0.0% Packages/com.unity.textmeshpro/Scripts/Runtime/MaterialReferenceManager.cs
 0.1 kb	 0.0% Packages/com.unity.ml-agents/Runtime/SideChannels/StatsSideChannel.cs
 0.1 kb	 0.0% Packages/com.unity.ml-agents/Runtime/SideChannels/RawBytesChannel.cs
 0.1 kb	 0.0% Packages/com.unity.ml-agents/Runtime/SideChannels/OutgoingMessage.cs
 0.1 kb	 0.0% Packages/com.unity.ml-agents/Runtime/SideChannels/IncomingMessage.cs
 0.1 kb	 0.0% Packages/com.unity.ml-agents/Runtime/Integrations/Match3/Match3Sensor.cs
 0.1 kb	 0.0% Packages/com.unity.barracuda/Barracuda/Runtime/Core/Backends/BarracudaReferenceCompute.cs
 0.1 kb	 0.0% Packages/com.unity.barracuda/Barracuda/Runtime/Core/Backends/BarracudaBurstCPU.Jobs.Other.gen.cs
 0.1 kb	 0.0% Packages/com.unity.ugui/Runtime/UI/Core/SetPropertyUtility.cs
 0.1 kb	 0.0% Packages/com.unity.ugui/Runtime/UI/Core/MaterialModifiers/IMaterialModifier.cs
 0.1 kb	 0.0% Packages/com.unity.ugui/Runtime/UI/Core/Layout/VerticalLayoutGroup.cs
 0.1 kb	 0.0% Packages/com.unity.ugui/Runtime/UI/Core/Layout/ContentSizeFitter.cs
 0.1 kb	 0.0% Packages/com.unity.ugui/Runtime/UI/Core/Layout/AspectRatioFitter.cs
 0.1 kb	 0.0% Packages/com.unity.ugui/Runtime/UI/Core/FontUpdateTracker.cs
 0.1 kb	 0.0% Packages/com.unity.ugui/Runtime/UI/Core/CanvasUpdateRegistry.cs
 0.1 kb	 0.0% Packages/com.unity.ugui/Runtime/UI/Core/AnimationTriggers.cs
 0.1 kb	 0.0% Packages/com.unity.ugui/Runtime/EventSystem/UIElements/PanelRaycaster.cs
 0.1 kb	 0.0% Packages/com.unity.ugui/Runtime/EventSystem/Raycasters/PhysicsRaycaster.cs
 0.1 kb	 0.0% Packages/com.unity.ugui/Runtime/EventSystem/Raycasters/BaseRaycaster.cs
 0.1 kb	 0.0% Packages/com.unity.ugui/Runtime/EventSystem/RaycasterManager.cs
 0.1 kb	 0.0% Packages/com.unity.ugui/Runtime/EventSystem/RaycastResult.cs
 0.1 kb	 0.0% Packages/com.unity.ugui/Runtime/EventSystem/InputModules/TouchInputModule.cs
 0.1 kb	 0.0% Packages/com.unity.ugui/Runtime/EventSystem/InputModules/BaseInputModule.cs
 0.1 kb	 0.0% Packages/com.unity.ugui/Runtime/EventSystem/ExecuteEvents.cs
 0.1 kb	 0.0% Packages/com.unity.ugui/Runtime/EventSystem/EventData/PointerEventData.cs
 0.1 kb	 0.0% Packages/com.unity.ugui/Runtime/EventSystem/EventData/BaseEventData.cs
 0.1 kb	 0.0% Packages/com.unity.ugui/Runtime/EventSystem/EventData/AxisEventData.cs
 0.1 kb	 0.0% Packages/com.unity.timeline/Runtime/Extensions/TrackExtensions.cs
 0.1 kb	 0.0% Packages/com.unity.timeline/Runtime/ClipCaps.cs
 0.1 kb	 0.0% Packages/com.unity.textmeshpro/Scripts/Runtime/TMP_TextProcessingStack.cs
 0.1 kb	 0.0% Packages/com.unity.textmeshpro/Scripts/Runtime/TMP_FontFeaturesCommon.cs
 0.1 kb	 0.0% Packages/com.unity.test-framework/UnityEngine.TestRunner/Assertions/LogScope/LogScope.cs
 0.1 kb	 0.0% Packages/com.unity.test-framework/UnityEngine.TestRunner/Assertions/LogScope/LogMatch.cs
 0.1 kb	 0.0% Packages/com.unity.test-framework/UnityEngine.TestRunner/Assertions/LogScope/LogEvent.cs
 0.1 kb	 0.0% Packages/com.unity.test-framework/UnityEngine.TestRunner/Assertions/LogAssert.cs
 0.1 kb	 0.0% Packages/com.unity.ml-agents/Runtime/UnityAgentsException.cs
 0.1 kb	 0.0% Packages/com.unity.ml-agents/Runtime/Sensors/StackingSensor.cs
 0.1 kb	 0.0% Packages/com.unity.ml-agents/Runtime/Sensors/SensorComponent.cs
 0.1 kb	 0.0% Packages/com.unity.ml-agents/Runtime/Sensors/OneHotGridSensor.cs
 0.1 kb	 0.0% Packages/com.unity.ml-agents/Runtime/Sensors/ObservationSpec.cs
 0.1 kb	 0.0% Packages/com.unity.ml-agents/Runtime/Sensors/IGridPerception.cs
 0.1 kb	 0.0% Packages/com.unity.ml-agents/Runtime/Sensors/IBuiltInSensor.cs
 0.1 kb	 0.0% Packages/com.unity.ml-agents/Runtime/Sensors/GridSensorBase.cs
 0.1 kb	 0.0% Packages/com.unity.ml-agents/Runtime/Sensors/CompressionSpec.cs
 0.1 kb	 0.0% Packages/com.unity.ml-agents/Runtime/Policies/HeuristicPolicy.cs
 0.1 kb	 0.0% Packages/com.unity.ml-agents/Runtime/Policies/BrainParameters.cs
 0.1 kb	 0.0% Packages/com.unity.ml-agents/Runtime/Policies/BarracudaPolicy.cs
 0.1 kb	 0.0% Packages/com.unity.ml-agents/Runtime/Inference/Utils/RandomNormal.cs
 0.1 kb	 0.0% Packages/com.unity.ml-agents/Runtime/Inference/Utils/Multinomial.cs
 0.1 kb	 0.0% Packages/com.unity.ml-agents/Runtime/Inference/TensorGenerator.cs
 0.1 kb	 0.0% Packages/com.unity.ml-agents/Runtime/Inference/TensorApplier.cs
 0.1 kb	 0.0% Packages/com.unity.ml-agents/Runtime/DecisionRequester.cs
 0.1 kb	 0.0% Packages/com.unity.ml-agents/Runtime/Communicator/UnityRLCapabilities.cs
 0.1 kb	 0.0% Packages/com.unity.ml-agents/Runtime/Communicator/CommunicatorFactory.cs
 0.1 kb	 0.0% Packages/com.unity.ml-agents/Runtime/Analytics/AnalyticsUtils.cs
 0.1 kb	 0.0% Packages/com.unity.ml-agents/Runtime/Actuators/VectorActuator.cs
 0.1 kb	 0.0% Packages/com.unity.ml-agents/Runtime/Actuators/IBuiltInActuator.cs
 0.1 kb	 0.0% Packages/com.unity.ml-agents/Runtime/Actuators/IActionReceiver.cs
 0.1 kb	 0.0% Packages/com.unity.ml-agents/Runtime/Actuators/ActuatorManager.cs
 0.1 kb	 0.0% Packages/com.unity.mathematics/Unity.Mathematics/rigid_transform.cs
 0.1 kb	 0.0% Packages/com.unity.mathematics/Unity.Mathematics/math_unity_conversion.cs
 0.1 kb	 0.0% Packages/com.unity.mathematics/Unity.Mathematics/Geometry/MinMaxAABB.cs
 0.1 kb	 0.0% Packages/com.unity.burst/Runtime/SafeStringArrayHelper.cs
 0.1 kb	 0.0% Packages/com.unity.burst/Runtime/Editor/BurstEditorOptions.cs
 0.1 kb	 0.0% Packages/com.unity.burst/Runtime/Editor/BurstCompileTarget.cs
 0.1 kb	 0.0% Packages/com.unity.burst/Runtime/Editor/BurstAssemblyDisable.cs
 0.1 kb	 0.0% Packages/com.unity.burst/Runtime/BurstCompileAttribute.cs
 0.1 kb	 0.0% Packages/com.unity.barracuda/Barracuda/Runtime/ONNX/ONNXNodeWrapper.cs
 0.1 kb	 0.0% Packages/com.unity.barracuda/Barracuda/Runtime/ONNX/ONNXExtensions.cs
 0.1 kb	 0.0% Packages/com.unity.barracuda/Barracuda/Runtime/Core/TextureAsTensorData.cs
 0.1 kb	 0.0% Packages/com.unity.barracuda/Barracuda/Runtime/Core/Compiler/Passes/IModelPass.cs
 0.1 kb	 0.0% Packages/com.unity.barracuda/Barracuda/Runtime/Core/Backends/PixelShaderSingleton.cs
 0.1 kb	 0.0% Packages/com.unity.barracuda/Barracuda/Runtime/Core/Backends/LayerFusingHelper.cs
 0.1 kb	 0.0% Packages/com.unity.barracuda/Barracuda/Runtime/Core/Backends/BarracudaReferenceCPU.cs
 0.1 kb	 0.0% Packages/com.unity.barracuda/Barracuda/Runtime/Core/Backends/BarracudaPixelShader.cs
 0.1 kb	 0.0% Packages/com.unity.barracuda/Barracuda/Runtime/Core/Backends/BarracudaBurstCPU.MatMul.gen.cs
 0.1 kb	 0.0% Packages/com.unity.barracuda/Barracuda/Runtime/Core/Backends/BarracudaBurstCPU.Core.cs
 0.1 kb	 0.0% Packages/com.unity.ai.navigation/Runtime/NavMeshSurface.cs
 0.1 kb	 0.0% Packages/com.unity.ai.navigation/Runtime/NavMeshModifier.cs
 0.1 kb	 0.0% Packages/com.unity.timeline/Runtime/Utilities/WeightUtility.cs
 0.1 kb	 0.0% Packages/com.unity.timeline/Runtime/Utilities/IPropertyPreview.cs
 0.1 kb	 0.0% Packages/com.unity.timeline/Runtime/Utilities/Extrapolation.cs
 0.1 kb	 0.0% Packages/com.unity.timeline/Runtime/TimelinePlayable.cs
 0.1 kb	 0.0% Packages/com.unity.timeline/Runtime/TimelineAsset.cs
 0.1 kb	 0.0% Packages/com.unity.timeline/Runtime/Scripting/PlayableTrack.cs
 0.1 kb	 0.0% Packages/com.unity.timeline/Runtime/Events/Signals/SignalReceiver.cs
 0.1 kb	 0.0% Packages/com.unity.timeline/Runtime/Events/Signals/SignalEmitter.cs
 0.1 kb	 0.0% Packages/com.unity.timeline/Runtime/Evaluation/RuntimeElement.cs
 0.1 kb	 0.0% Packages/com.unity.timeline/Runtime/Evaluation/RuntimeClipBase.cs
 0.1 kb	 0.0% Packages/com.unity.timeline/Runtime/Animation/AnimationTrack.cs
 0.1 kb	 0.0% Packages/com.unity.timeline/Runtime/Activation/ActivationTrack.cs
 0.1 kb	 0.0% Packages/com.unity.textmeshpro/Scripts/Runtime/TMPro_EventManager.cs
 0.1 kb	 0.0% Packages/com.unity.textmeshpro/Scripts/Runtime/TMP_UpdateRegistery.cs
 0.1 kb	 0.0% Packages/com.unity.textmeshpro/Scripts/Runtime/TMP_UpdateManager.cs
 0.1 kb	 0.0% Packages/com.unity.textmeshpro/Scripts/Runtime/TMP_TextUtilities.cs
 0.1 kb	 0.0% Packages/com.unity.textmeshpro/Scripts/Runtime/TMP_SpriteCharacter.cs
 0.1 kb	 0.0% Packages/com.unity.textmeshpro/Scripts/Runtime/TMP_SpriteAnimator.cs
 0.1 kb	 0.0% Packages/com.unity.textmeshpro/Scripts/Runtime/TMP_SelectionCaret.cs
 0.1 kb	 0.0% Packages/com.unity.textmeshpro/Scripts/Runtime/TMP_ResourcesManager.cs
 0.1 kb	 0.0% Packages/com.unity.textmeshpro/Scripts/Runtime/TMP_MaterialManager.cs
 0.1 kb	 0.0% Packages/com.unity.textmeshpro/Scripts/Runtime/TMP_InputValidator.cs
 0.1 kb	 0.0% Packages/com.unity.textmeshpro/Scripts/Runtime/TMP_FontFeatureTable.cs
 0.1 kb	 0.0% Packages/com.unity.textmeshpro/Scripts/Runtime/TMP_DefaultControls.cs
 0.1 kb	 0.0% Packages/com.unity.textmeshpro/Scripts/Runtime/TMP_Compatibility.cs
 0.1 kb	 0.0% Packages/com.unity.textmeshpro/Scripts/Runtime/TMP_ColorGradient.cs
 0.1 kb	 0.0% Packages/com.unity.textmeshpro/Scripts/Runtime/TMP_CharacterInfo.cs
 0.1 kb	 0.0% Packages/com.unity.textmeshpro/Scripts/Runtime/ITextPreProcessor.cs
 0.1 kb	 0.0% Packages/com.unity.test-framework/UnityEngine.TestRunner/Utils/Utils.cs
 0.1 kb	 0.0% Packages/com.unity.test-framework/UnityEngine.TestRunner/Assertions/Is.cs
 0.1 kb	 0.0% Packages/com.unity.ml-agents/Runtime/SideChannels/SideChannel.cs
 0.1 kb	 0.0% Packages/com.unity.mathematics/Unity.Mathematics/double4x4.gen.cs
 0.1 kb	 0.0% Packages/com.unity.mathematics/Unity.Mathematics/double4x3.gen.cs
 0.1 kb	 0.0% Packages/com.unity.mathematics/Unity.Mathematics/double4x2.gen.cs
 0.1 kb	 0.0% Packages/com.unity.mathematics/Unity.Mathematics/double3x4.gen.cs
 0.1 kb	 0.0% Packages/com.unity.mathematics/Unity.Mathematics/double3x3.gen.cs
 0.1 kb	 0.0% Packages/com.unity.mathematics/Unity.Mathematics/double3x2.gen.cs
 0.1 kb	 0.0% Packages/com.unity.mathematics/Unity.Mathematics/double2x4.gen.cs
 0.1 kb	 0.0% Packages/com.unity.mathematics/Unity.Mathematics/double2x3.gen.cs
 0.1 kb	 0.0% Packages/com.unity.mathematics/Unity.Mathematics/double2x2.gen.cs
 0.1 kb	 0.0% Packages/com.unity.barracuda/Barracuda/Runtime/Plugins/Burst/BurstBLAS.cs
 0.1 kb	 0.0% Packages/com.unity.barracuda/Barracuda/Runtime/Core/Backends/BarracudaCompute.cs
 0.1 kb	 0.0% Packages/com.unity.barracuda/Barracuda/Runtime/Core/Backends/BarracudaBurstCPU.Ops.cs
 0.1 kb	 0.0% Packages/com.unity.barracuda/Barracuda/Runtime/Core/Backends/BarracudaBurstCPU.Jobs.cs
 0.1 kb	 0.0% Packages/com.unity.ugui/Runtime/UI/Core/VertexModifiers/PositionAsUV1.cs
 0.1 kb	 0.0% Packages/com.unity.ugui/Runtime/UI/Core/VertexModifiers/IMeshModifier.cs
 0.1 kb	 0.0% Packages/com.unity.ugui/Runtime/UI/Core/VertexModifiers/BaseMeshEffect.cs
 0.1 kb	 0.0% Packages/com.unity.ugui/Runtime/UI/Core/StencilMaterial.cs
 0.1 kb	 0.0% Packages/com.unity.ugui/Runtime/UI/Core/MaskableGraphic.cs
 0.1 kb	 0.0% Packages/com.unity.ugui/Runtime/UI/Core/MaskUtilities.cs
 0.1 kb	 0.0% Packages/com.unity.ugui/Runtime/UI/Core/Layout/LayoutUtility.cs
 0.1 kb	 0.0% Packages/com.unity.ugui/Runtime/UI/Core/Layout/LayoutRebuilder.cs
 0.1 kb	 0.0% Packages/com.unity.ugui/Runtime/UI/Core/Layout/LayoutElement.cs
 0.1 kb	 0.0% Packages/com.unity.ugui/Runtime/UI/Core/Layout/ILayoutElement.cs
 0.1 kb	 0.0% Packages/com.unity.ugui/Runtime/UI/Core/Layout/GridLayoutGroup.cs
 0.1 kb	 0.0% Packages/com.unity.ugui/Runtime/UI/Core/GraphicRegistry.cs
 0.1 kb	 0.0% Packages/com.unity.ugui/Runtime/UI/Core/GraphicRaycaster.cs
 0.1 kb	 0.0% Packages/com.unity.ugui/Runtime/UI/Core/DefaultControls.cs
 0.1 kb	 0.0% Packages/com.unity.ugui/Runtime/UI/Core/Culling/ClipperRegistry.cs
 0.1 kb	 0.0% Packages/com.unity.ugui/Runtime/EventSystem/UIBehaviour.cs
 0.1 kb	 0.0% Packages/com.unity.ugui/Runtime/EventSystem/InputModules/BaseInput.cs
 0.1 kb	 0.0% Packages/com.unity.ugui/Runtime/EventSystem/EventTrigger.cs
 0.1 kb	 0.0% Packages/com.unity.ugui/Runtime/EventSystem/EventSystem.cs
 0.1 kb	 0.0% Packages/com.unity.textmeshpro/Scripts/Runtime/TMPro_MeshUtilities.cs
 0.1 kb	 0.0% Packages/com.unity.textmeshpro/Scripts/Runtime/TMP_ShaderUtilities.cs
 0.1 kb	 0.0% Packages/com.unity.textmeshpro/Scripts/Runtime/TMP_RichTextTagsCommon.cs
 0.1 kb	 0.0% Packages/com.unity.textmeshpro/Scripts/Runtime/TMP_FontAssetCommon.cs
 0.1 kb	 0.0% Packages/com.unity.ml-agents/Runtime/StatsRecorder.cs
 0.1 kb	 0.0% Packages/com.unity.ml-agents/Runtime/Sensors/VectorSensor.cs
 0.1 kb	 0.0% Packages/com.unity.ml-agents/Runtime/Sensors/CameraSensor.cs
 0.1 kb	 0.0% Packages/com.unity.ml-agents/Runtime/Sensors/BufferSensor.cs
 0.1 kb	 0.0% Packages/com.unity.ml-agents/Runtime/SensorHelper.cs
 0.1 kb	 0.0% Packages/com.unity.ml-agents/Runtime/RecursionChecker.cs
 0.1 kb	 0.0% Packages/com.unity.ml-agents/Runtime/Policies/RemotePolicy.cs
 0.1 kb	 0.0% Packages/com.unity.ml-agents/Runtime/MLAgentsSettings.cs
 0.1 kb	 0.0% Packages/com.unity.ml-agents/Runtime/Inference/TensorProxy.cs
 0.1 kb	 0.0% Packages/com.unity.ml-agents/Runtime/Inference/TensorNames.cs
 0.1 kb	 0.0% Packages/com.unity.ml-agents/Runtime/Inference/ModelRunner.cs
 0.1 kb	 0.0% Packages/com.unity.ml-agents/Runtime/IMultiAgentGroup.cs
 0.1 kb	 0.0% Packages/com.unity.ml-agents/Runtime/EpisodeIdCounter.cs
 0.1 kb	 0.0% Packages/com.unity.ml-agents/Runtime/Communicator/RpcCommunicator.cs
 0.1 kb	 0.0% Packages/com.unity.ml-agents/Runtime/Communicator/ICommunicator.cs
 0.1 kb	 0.0% Packages/com.unity.ml-agents/Runtime/Communicator/GrpcExtensions.cs
 0.1 kb	 0.0% Packages/com.unity.ml-agents/Runtime/Analytics/Events.cs
 0.1 kb	 0.0% Packages/com.unity.ml-agents/Runtime/Actuators/IActuator.cs
 0.1 kb	 0.0% Packages/com.unity.ml-agents/Runtime/Actuators/ActionSpec.cs
 0.1 kb	 0.0% Packages/com.unity.mathematics/Unity.Mathematics/quaternion.cs
 0.1 kb	 0.0% Packages/com.unity.mathematics/Unity.Mathematics/Noise/classicnoise4D.cs
 0.1 kb	 0.0% Packages/com.unity.mathematics/Unity.Mathematics/Noise/classicnoise3D.cs
 0.1 kb	 0.0% Packages/com.unity.mathematics/Unity.Mathematics/Noise/classicnoise2D.cs
 0.1 kb	 0.0% Packages/com.unity.mathematics/Unity.Mathematics/Noise/cellular2x2x2.cs
 0.1 kb	 0.0% Packages/com.unity.mathematics/Unity.Mathematics/Geometry/Plane.cs
 0.1 kb	 0.0% Packages/com.unity.burst/Runtime/Intrinsics/SimdDebugViews.cs
 0.1 kb	 0.0% Packages/com.unity.burst/Runtime/Editor/BurstReflection.cs
 0.1 kb	 0.0% Packages/com.unity.burst/Runtime/BurstCompilerOptions.cs
 0.1 kb	 0.0% Packages/com.unity.barracuda/Barracuda/Runtime/ONNX/ONNXTensor.cs
 0.1 kb	 0.0% Packages/com.unity.barracuda/Barracuda/Runtime/ONNX/ONNXLayout.cs
 0.1 kb	 0.0% Packages/com.unity.barracuda/Barracuda/Runtime/ONNX/HalfHelper.cs
 0.1 kb	 0.0% Packages/com.unity.barracuda/Barracuda/Runtime/Core/TensorExtensions.cs
 0.1 kb	 0.0% Packages/com.unity.barracuda/Barracuda/Runtime/Core/Internals/TestSetLoader.cs
 0.1 kb	 0.0% Packages/com.unity.barracuda/Barracuda/Runtime/Core/BarracudaArray.cs
 0.1 kb	 0.0% Packages/com.unity.barracuda/Barracuda/Runtime/Core/Backends/ModelOptimizer.cs
 0.1 kb	 0.0% Packages/com.unity.barracuda/Barracuda/Runtime/Core/Backends/ModelAnalyzer.cs
 0.1 kb	 0.0% Packages/com.unity.barracuda/Barracuda/Runtime/Core/Backends/GenericWorker.cs
 0.1 kb	 0.0% Packages/com.unity.barracuda/Barracuda/Runtime/Core/Backends/CompareOpsUtils.cs
 0.1 kb	 0.0% Packages/com.unity.ai.navigation/Runtime/NavMeshLink.cs
 0.1 kb	 0.0% Packages/com.unity.timeline/Runtime/Utilities/TimelineUndo.cs
 0.1 kb	 0.0% Packages/com.unity.timeline/Runtime/Utilities/TimeUtility.cs
 0.1 kb	 0.0% Packages/com.unity.timeline/Runtime/Utilities/HashUtility.cs
 0.1 kb	 0.0% Packages/com.unity.timeline/Runtime/TrackAsset.cs
 0.1 kb	 0.0% Packages/com.unity.timeline/Runtime/TimelineClip.cs
 0.1 kb	 0.0% Packages/com.unity.timeline/Runtime/Playables/ITimeControl.cs
 0.1 kb	 0.0% Packages/com.unity.timeline/Runtime/ILayerable.cs
 0.1 kb	 0.0% Packages/com.unity.timeline/Runtime/GroupTrack.cs
 0.1 kb	 0.0% Packages/com.unity.timeline/Runtime/Events/Signals/SignalAsset.cs
 0.1 kb	 0.0% Packages/com.unity.timeline/Runtime/Events/SignalTrack.cs
 0.1 kb	 0.0% Packages/com.unity.timeline/Runtime/Events/MarkerTrack.cs
 0.1 kb	 0.0% Packages/com.unity.timeline/Runtime/Events/MarkerList.cs
 0.1 kb	 0.0% Packages/com.unity.timeline/Runtime/Evaluation/RuntimeClip.cs
 0.1 kb	 0.0% Packages/com.unity.timeline/Runtime/Evaluation/IntervalTree.cs
 0.1 kb	 0.0% Packages/com.unity.timeline/Runtime/DiscreteTime.cs
 0.1 kb	 0.0% Packages/com.unity.timeline/Runtime/Control/ControlTrack.cs
 0.1 kb	 0.0% Packages/com.unity.timeline/Runtime/Audio/AudioTrack.cs
 0.1 kb	 0.0% Packages/com.unity.timeline/Runtime/AssetUpgrade/ClipUpgrade.cs
 0.1 kb	 0.0% Packages/com.unity.timeline/Runtime/Animation/ICurvesOwner.cs
 0.1 kb	 0.0% Packages/com.unity.textmeshpro/Scripts/Runtime/TextMeshProUGUI.cs
 0.1 kb	 0.0% Packages/com.unity.textmeshpro/Scripts/Runtime/TextContainer.cs
 0.1 kb	 0.0% Packages/com.unity.textmeshpro/Scripts/Runtime/TMP_TextElement.cs
 0.1 kb	 0.0% Packages/com.unity.textmeshpro/Scripts/Runtime/TMP_SubMeshUI.cs
 0.1 kb	 0.0% Packages/com.unity.textmeshpro/Scripts/Runtime/TMP_StyleSheet.cs
 0.1 kb	 0.0% Packages/com.unity.textmeshpro/Scripts/Runtime/TMP_SpriteGlyph.cs
 0.1 kb	 0.0% Packages/com.unity.textmeshpro/Scripts/Runtime/TMP_SpriteAsset.cs
 0.1 kb	 0.0% Packages/com.unity.textmeshpro/Scripts/Runtime/TMP_InputField.cs
 0.1 kb	 0.0% Packages/com.unity.textmeshpro/Scripts/Runtime/TMP_FontAsset.cs
 0.1 kb	 0.0% Packages/com.unity.textmeshpro/Scripts/Runtime/TMP_CoroutineTween.cs
 0.1 kb	 0.0% Packages/com.unity.textmeshpro/Scripts/Runtime/TMP_Character.cs
 0.1 kb	 0.0% Packages/com.unity.ml-agents/Runtime/Integrations/Match3/Move.cs
 0.1 kb	 0.0% Packages/com.unity.mathematics/Unity.Mathematics/uint4x4.gen.cs
 0.1 kb	 0.0% Packages/com.unity.mathematics/Unity.Mathematics/uint4x3.gen.cs
 0.1 kb	 0.0% Packages/com.unity.mathematics/Unity.Mathematics/uint4x2.gen.cs
 0.1 kb	 0.0% Packages/com.unity.mathematics/Unity.Mathematics/uint4.gen.cs
 0.1 kb	 0.0% Packages/com.unity.mathematics/Unity.Mathematics/uint3x4.gen.cs
 0.1 kb	 0.0% Packages/com.unity.mathematics/Unity.Mathematics/uint3x3.gen.cs
 0.1 kb	 0.0% Packages/com.unity.mathematics/Unity.Mathematics/uint3x2.gen.cs
 0.1 kb	 0.0% Packages/com.unity.mathematics/Unity.Mathematics/uint3.gen.cs
 0.1 kb	 0.0% Packages/com.unity.mathematics/Unity.Mathematics/uint2x4.gen.cs
 0.1 kb	 0.0% Packages/com.unity.mathematics/Unity.Mathematics/uint2x3.gen.cs
 0.1 kb	 0.0% Packages/com.unity.mathematics/Unity.Mathematics/uint2x2.gen.cs
 0.1 kb	 0.0% Packages/com.unity.mathematics/Unity.Mathematics/uint2.gen.cs
 0.1 kb	 0.0% Packages/com.unity.mathematics/Unity.Mathematics/int4x4.gen.cs
 0.1 kb	 0.0% Packages/com.unity.mathematics/Unity.Mathematics/int4x3.gen.cs
 0.1 kb	 0.0% Packages/com.unity.mathematics/Unity.Mathematics/int4x2.gen.cs
 0.1 kb	 0.0% Packages/com.unity.mathematics/Unity.Mathematics/int3x4.gen.cs
 0.1 kb	 0.0% Packages/com.unity.mathematics/Unity.Mathematics/int3x3.gen.cs
 0.1 kb	 0.0% Packages/com.unity.mathematics/Unity.Mathematics/int3x2.gen.cs
 0.1 kb	 0.0% Packages/com.unity.mathematics/Unity.Mathematics/int2x4.gen.cs
 0.1 kb	 0.0% Packages/com.unity.mathematics/Unity.Mathematics/int2x3.gen.cs
 0.1 kb	 0.0% Packages/com.unity.mathematics/Unity.Mathematics/int2x2.gen.cs
 0.1 kb	 0.0% Packages/com.unity.mathematics/Unity.Mathematics/half4.gen.cs
 0.1 kb	 0.0% Packages/com.unity.mathematics/Unity.Mathematics/half3.gen.cs
 0.1 kb	 0.0% Packages/com.unity.mathematics/Unity.Mathematics/half2.gen.cs
 0.1 kb	 0.0% Packages/com.unity.mathematics/Unity.Mathematics/float4x4.gen.cs
 0.1 kb	 0.0% Packages/com.unity.mathematics/Unity.Mathematics/float4x3.gen.cs
 0.1 kb	 0.0% Packages/com.unity.mathematics/Unity.Mathematics/float4x2.gen.cs
 0.1 kb	 0.0% Packages/com.unity.mathematics/Unity.Mathematics/float4.gen.cs
 0.1 kb	 0.0% Packages/com.unity.mathematics/Unity.Mathematics/float3x4.gen.cs
 0.1 kb	 0.0% Packages/com.unity.mathematics/Unity.Mathematics/float3x3.gen.cs
 0.1 kb	 0.0% Packages/com.unity.mathematics/Unity.Mathematics/float3x2.gen.cs
 0.1 kb	 0.0% Packages/com.unity.mathematics/Unity.Mathematics/float3.gen.cs
 0.1 kb	 0.0% Packages/com.unity.mathematics/Unity.Mathematics/float2x4.gen.cs
 0.1 kb	 0.0% Packages/com.unity.mathematics/Unity.Mathematics/float2x3.gen.cs
 0.1 kb	 0.0% Packages/com.unity.mathematics/Unity.Mathematics/float2x2.gen.cs
 0.1 kb	 0.0% Packages/com.unity.mathematics/Unity.Mathematics/float2.gen.cs
 0.1 kb	 0.0% Packages/com.unity.mathematics/Unity.Mathematics/double4.gen.cs
 0.1 kb	 0.0% Packages/com.unity.mathematics/Unity.Mathematics/double3.gen.cs
 0.1 kb	 0.0% Packages/com.unity.mathematics/Unity.Mathematics/double2.gen.cs
 0.1 kb	 0.0% Packages/com.unity.mathematics/Unity.Mathematics/bool4x4.gen.cs
 0.1 kb	 0.0% Packages/com.unity.mathematics/Unity.Mathematics/bool4x3.gen.cs
 0.1 kb	 0.0% Packages/com.unity.mathematics/Unity.Mathematics/bool4x2.gen.cs
 0.1 kb	 0.0% Packages/com.unity.mathematics/Unity.Mathematics/bool4.gen.cs
 0.1 kb	 0.0% Packages/com.unity.mathematics/Unity.Mathematics/bool3x4.gen.cs
 0.1 kb	 0.0% Packages/com.unity.mathematics/Unity.Mathematics/bool3x3.gen.cs
 0.1 kb	 0.0% Packages/com.unity.mathematics/Unity.Mathematics/bool3x2.gen.cs
 0.1 kb	 0.0% Packages/com.unity.mathematics/Unity.Mathematics/bool3.gen.cs
 0.1 kb	 0.0% Packages/com.unity.mathematics/Unity.Mathematics/bool2x4.gen.cs
 0.1 kb	 0.0% Packages/com.unity.mathematics/Unity.Mathematics/bool2x3.gen.cs
 0.1 kb	 0.0% Packages/com.unity.mathematics/Unity.Mathematics/bool2x2.gen.cs
 0.1 kb	 0.0% Packages/com.unity.mathematics/Unity.Mathematics/bool2.gen.cs
 0.1 kb	 0.0% Packages/com.unity.mathematics/Unity.Mathematics/Noise/psrdnoise2D.cs
 0.1 kb	 0.0% Packages/com.unity.mathematics/Unity.Mathematics/Noise/noise3Dgrad.cs
 0.1 kb	 0.0% Packages/com.unity.mathematics/Unity.Mathematics/Noise/cellular3D.cs
 0.1 kb	 0.0% Packages/com.unity.mathematics/Unity.Mathematics/Noise/cellular2x2.cs
 0.1 kb	 0.0% Packages/com.unity.mathematics/Unity.Mathematics/Noise/cellular2D.cs
 0.1 kb	 0.0% Packages/com.unity.burst/Runtime/Intrinsics/Arm/NEON_AArch64_rdma.cs
 0.1 kb	 0.0% Packages/com.unity.burst/Runtime/Intrinsics/Arm/NEON_AArch64_dotprod.cs
 0.1 kb	 0.0% Packages/com.unity.burst/Runtime/Intrinsics/Arm/NEON_AArch64_crypto.cs
 0.1 kb	 0.0% Packages/com.unity.barracuda/Barracuda/Runtime/Core/PluginInterfaces.cs
 0.1 kb	 0.0% Assets/RenderTexture/Minimap Texture.renderTexture
 0.1 kb	 0.0% Packages/com.unity.ugui/Runtime/UI/Core/Utility/VertexHelper.cs
 0.1 kb	 0.0% Packages/com.unity.ugui/Runtime/UI/Core/ToggleGroup.cs
 0.1 kb	 0.0% Packages/com.unity.ugui/Runtime/UI/Core/SpriteState.cs
 0.1 kb	 0.0% Packages/com.unity.ugui/Runtime/UI/Core/Selectable.cs
 0.1 kb	 0.0% Packages/com.unity.ugui/Runtime/UI/Core/Scrollbar.cs
 0.1 kb	 0.0% Packages/com.unity.ugui/Runtime/UI/Core/ScrollRect.cs
 0.1 kb	 0.0% Packages/com.unity.ugui/Runtime/UI/Core/RectMask2D.cs
 0.1 kb	 0.0% Packages/com.unity.ugui/Runtime/UI/Core/Navigation.cs
 0.1 kb	 0.0% Packages/com.unity.ugui/Runtime/UI/Core/Layout/LayoutGroup.cs
 0.1 kb	 0.0% Packages/com.unity.ugui/Runtime/UI/Core/Layout/CanvasScaler.cs
 0.1 kb	 0.0% Packages/com.unity.ugui/Runtime/UI/Core/InputField.cs
 0.1 kb	 0.0% Packages/com.unity.ugui/Runtime/UI/Core/IMaskable.cs
 0.1 kb	 0.0% Packages/com.unity.ugui/Runtime/UI/Core/ColorBlock.cs
 0.1 kb	 0.0% Packages/com.unity.ml-agents/Runtime/Utilities.cs
 0.1 kb	 0.0% Packages/com.unity.ml-agents/Runtime/Sensors/ISensor.cs
 0.1 kb	 0.0% Packages/com.unity.ml-agents/Runtime/Sampler.cs
 0.1 kb	 0.0% Packages/com.unity.ml-agents/Runtime/Policies/IPolicy.cs
 0.1 kb	 0.0% Packages/com.unity.mathematics/Unity.Mathematics/random.cs
 0.1 kb	 0.0% Packages/com.unity.mathematics/Unity.Mathematics/matrix.gen.cs
 0.1 kb	 0.0% Packages/com.unity.mathematics/Unity.Mathematics/matrix.cs
 0.1 kb	 0.0% Packages/com.unity.mathematics/Unity.Mathematics/Noise/noise4D.cs
 0.1 kb	 0.0% Packages/com.unity.mathematics/Unity.Mathematics/Noise/noise3D.cs
 0.1 kb	 0.0% Packages/com.unity.mathematics/Unity.Mathematics/Noise/noise2D.cs
 0.1 kb	 0.0% Packages/com.unity.mathematics/Unity.Mathematics/Noise/common.cs
 0.1 kb	 0.0% Packages/com.unity.burst/Runtime/NoAliasAttribute.cs
 0.1 kb	 0.0% Packages/com.unity.burst/Runtime/FunctionPointer.cs
 0.1 kb	 0.0% Packages/com.unity.burst/Runtime/Editor/BurstLoader.cs
 0.1 kb	 0.0% Packages/com.unity.burst/Runtime/CompilerServices/Constant.cs
 0.1 kb	 0.0% Packages/com.unity.burst/Runtime/CompilerServices/Aliasing.cs
 0.1 kb	 0.0% Packages/com.unity.burst/Runtime/BurstString.Float.cs
 0.1 kb	 0.0% Packages/com.unity.burst/Runtime/BurstCompiler.cs
 0.1 kb	 0.0% Packages/com.unity.barracuda/Barracuda/Runtime/Plugins/OSX/MacBLAS.cs
 0.1 kb	 0.0% Packages/com.unity.barracuda/Barracuda/Runtime/Core/ModelWriter.cs
 0.1 kb	 0.0% Packages/com.unity.barracuda/Barracuda/Runtime/Core/ModelLoader.cs
 0.1 kb	 0.0% Packages/com.unity.barracuda/Barracuda/Runtime/Core/ModelBuilder.cs
 0.1 kb	 0.0% Packages/com.unity.barracuda/Barracuda/Runtime/Core/Internals/StringCache.cs
 0.1 kb	 0.0% Packages/com.unity.barracuda/Barracuda/Runtime/Core/Internals/NNModelData.cs
 0.1 kb	 0.0% Packages/com.unity.barracuda/Barracuda/Runtime/Core/Backends/VerboseOps.cs
 0.1 kb	 0.0% Packages/com.unity.barracuda/Barracuda/Runtime/Core/Backends/TensorScope.cs
 0.1 kb	 0.0% Packages/com.unity.barracuda/Barracuda/Runtime/Core/Backends/MatrixUtils.cs
 0.1 kb	 0.0% Packages/com.unity.barracuda/Barracuda/Runtime/Core/Backends/ComputeInfo.cs
 0.1 kb	 0.0% Packages/com.unity.barracuda/Barracuda/Runtime/Core/Backends/CompareOps.cs
 0.1 kb	 0.0% Packages/com.unity.barracuda/Barracuda/Runtime/Core/Backends/BarracudaBackends.cs
 0.1 kb	 0.0% Packages/com.unity.ai.navigation/Runtime/HelpUrls.cs
 0.1 kb	 0.0% Packages/com.unity.ugui/Runtime/UI/Core/Culling/IClipRegion.cs
 0.1 kb	 0.0% Packages/com.unity.timeline/Runtime/Events/Marker.cs
 0.1 kb	 0.0% Packages/com.unity.timeline/Runtime/Events/IMarker.cs
 0.1 kb	 0.0% Packages/com.unity.textmeshpro/Scripts/Runtime/TextMeshPro.cs
 0.1 kb	 0.0% Packages/com.unity.textmeshpro/Scripts/Runtime/TMP_TextInfo.cs
 0.1 kb	 0.0% Packages/com.unity.textmeshpro/Scripts/Runtime/TMP_SubMesh.cs
 0.1 kb	 0.0% Packages/com.unity.textmeshpro/Scripts/Runtime/TMP_Style.cs
 0.1 kb	 0.0% Packages/com.unity.textmeshpro/Scripts/Runtime/TMP_Sprite.cs
 0.1 kb	 0.0% Packages/com.unity.textmeshpro/Scripts/Runtime/TMP_Settings.cs
 0.1 kb	 0.0% Packages/com.unity.textmeshpro/Scripts/Runtime/TMP_MeshInfo.cs
 0.1 kb	 0.0% Packages/com.unity.textmeshpro/Scripts/Runtime/TMP_LineInfo.cs
 0.1 kb	 0.0% Packages/com.unity.textmeshpro/Scripts/Runtime/TMP_Dropdown.cs
 0.1 kb	 0.0% Packages/com.unity.textmeshpro/Scripts/Runtime/TMP_Asset.cs
 0.1 kb	 0.0% Packages/com.unity.textmeshpro/Scripts/Runtime/FastAction.cs
 0.1 kb	 0.0% Packages/com.unity.ml-agents/Runtime/Timer.cs
 0.1 kb	 0.0% Packages/com.unity.mathematics/Unity.Mathematics/int4.gen.cs
 0.1 kb	 0.0% Packages/com.unity.mathematics/Unity.Mathematics/int3.gen.cs
 0.1 kb	 0.0% Packages/com.unity.mathematics/Unity.Mathematics/int2.gen.cs
 0.1 kb	 0.0% Packages/com.unity.burst/Runtime/Intrinsics/Common.cs
 0.1 kb	 0.0% Packages/com.unity.burst/Runtime/Intrinsics/Arm/NEON_ctor.cs
 0.1 kb	 0.0% Packages/com.unity.burst/Runtime/Intrinsics/Arm/NEON_AArch64.cs
 0.1 kb	 0.0% Packages/com.unity.barracuda/Barracuda/Runtime/Core/Barracuda.cs
 0.1 kb	 0.0% Packages/com.unity.ugui/Runtime/UI/Core/VertexModifiers/Shadow.cs
 0.1 kb	 0.0% Packages/com.unity.ugui/Runtime/UI/Core/VertexModifiers/Outline.cs
 0.1 kb	 0.0% Packages/com.unity.ugui/Runtime/UI/Core/Toggle.cs
 0.1 kb	 0.0% Packages/com.unity.ugui/Runtime/UI/Core/Slider.cs
 0.1 kb	 0.0% Packages/com.unity.ugui/Runtime/UI/Core/RawImage.cs
 0.1 kb	 0.0% Packages/com.unity.ugui/Runtime/UI/Core/Image.cs
 0.1 kb	 0.0% Packages/com.unity.ugui/Runtime/UI/Core/IMask.cs
 0.1 kb	 0.0% Packages/com.unity.ugui/Runtime/UI/Core/Graphic.cs
 0.1 kb	 0.0% Packages/com.unity.ugui/Runtime/UI/Core/FontData.cs
 0.1 kb	 0.0% Packages/com.unity.ugui/Runtime/UI/Core/Dropdown.cs
 0.1 kb	 0.0% Packages/com.unity.ugui/Runtime/UI/Core/Culling/Clipping.cs
 0.1 kb	 0.0% Packages/com.unity.ugui/Runtime/UI/Core/Button.cs
 0.1 kb	 0.0% Packages/com.unity.ml-agents/Runtime/Agent.cs
 0.1 kb	 0.0% Packages/com.unity.ml-agents/Runtime/Academy.cs
 0.1 kb	 0.0% Packages/com.unity.mathematics/Unity.Mathematics/math.cs
 0.1 kb	 0.0% Packages/com.unity.mathematics/Unity.Mathematics/half.cs
 0.1 kb	 0.0% Packages/com.unity.burst/Runtime/SharedStatic.cs
 0.1 kb	 0.0% Packages/com.unity.burst/Runtime/Intrinsics/x86/Ssse3.cs
 0.1 kb	 0.0% Packages/com.unity.burst/Runtime/Intrinsics/x86/Sse4_2.cs
 0.1 kb	 0.0% Packages/com.unity.burst/Runtime/Intrinsics/x86/Sse4_1.cs
 0.1 kb	 0.0% Packages/com.unity.burst/Runtime/Intrinsics/x86/Popcnt.cs
 0.1 kb	 0.0% Packages/com.unity.burst/Runtime/Intrinsics/x86/Common.cs
 0.1 kb	 0.0% Packages/com.unity.burst/Runtime/CompilerServices/Hint.cs
 0.1 kb	 0.0% Packages/com.unity.burst/Runtime/BurstString.cs
 0.1 kb	 0.0% Packages/com.unity.burst/Runtime/BurstRuntime.cs
 0.1 kb	 0.0% Packages/com.unity.barracuda/Barracuda/Runtime/Core/Tensor.cs
 0.1 kb	 0.0% Packages/com.unity.barracuda/Barracuda/Runtime/Core/Model.cs
 0.1 kb	 0.0% Packages/com.unity.barracuda/Barracuda/Runtime/Core/Internals/NNModel.cs
 0.1 kb	 0.0% Packages/com.unity.barracuda/Barracuda/Runtime/Core/Internals/Debug.cs
 0.1 kb	 0.0% Packages/com.unity.barracuda/Barracuda/Runtime/Core/Backends/StatsOps.cs
 0.1 kb	 0.0% Packages/com.unity.barracuda/Barracuda/Runtime/Core/Backends/OpsUtils.cs
 0.1 kb	 0.0% Assets/Scripts/MovingObstacle.cs
 0.1 kb	 0.0% Packages/com.unity.textmeshpro/Scripts/Runtime/TMP_Text.cs
 0.1 kb	 0.0% Packages/com.unity.burst/Runtime/Intrinsics/x86/Sse3.cs
 0.1 kb	 0.0% Packages/com.unity.burst/Runtime/Intrinsics/x86/Sse2.cs
 0.1 kb	 0.0% Packages/com.unity.burst/Runtime/Intrinsics/x86/Sse.cs
 0.1 kb	 0.0% Packages/com.unity.burst/Runtime/Intrinsics/x86/Fma.cs
 0.1 kb	 0.0% Packages/com.unity.burst/Runtime/Intrinsics/x86/F16C.cs
 0.1 kb	 0.0% Packages/com.unity.burst/Runtime/Intrinsics/x86/Csr.cs
 0.1 kb	 0.0% Packages/com.unity.burst/Runtime/Intrinsics/x86/Bmi2.cs
 0.1 kb	 0.0% Packages/com.unity.burst/Runtime/Intrinsics/x86/Bmi1.cs
 0.1 kb	 0.0% Packages/com.unity.burst/Runtime/Intrinsics/x86/Avx2.cs
 0.1 kb	 0.0% Packages/com.unity.burst/Runtime/Intrinsics/x86/Avx.cs
 0.1 kb	 0.0% Packages/com.unity.burst/Runtime/Intrinsics/v64.cs
 0.1 kb	 0.0% Packages/com.unity.burst/Runtime/Intrinsics/v256.cs
 0.1 kb	 0.0% Packages/com.unity.burst/Runtime/Intrinsics/v128.cs
 0.1 kb	 0.0% Packages/com.unity.burst/Runtime/Intrinsics/Arm/NEON.cs
 0.1 kb	 0.0% Packages/com.unity.barracuda/Barracuda/Runtime/ONNX/Generated/Onnx.cs
 0.1 kb	 0.0% Packages/com.unity.ugui/Runtime/UI/Core/Text.cs
 0.1 kb	 0.0% Packages/com.unity.ugui/Runtime/UI/Core/Misc.cs
 0.1 kb	 0.0% Packages/com.unity.ugui/Runtime/UI/Core/Mask.cs
 0.1 kb	 0.0% Assets/Scripts/CustomAgent.cs
-------------------------------------------------------------------------------
Default audio device was changed, but the audio system failed to initialize it. Attempting to reset sound system.
UnityEngine.StackTraceUtility:ExtractStackTrace () (at /Users/bokken/build/output/unity/unity/Runtime/Export/Scripting/StackTrace.cs:37)
UnityEditor.BuildPipeline:BuildPlayerInternal (string[],string,string,UnityEditor.BuildTargetGroup,UnityEditor.BuildTarget,int,UnityEditor.BuildOptions,string[]) (at /Users/bokken/build/output/unity/unity/Editor/Mono/BuildPipeline.bindings.cs:510)
UnityEditor.BuildPipeline:BuildPlayer (string[],string,string,UnityEditor.BuildTargetGroup,UnityEditor.BuildTarget,int,UnityEditor.BuildOptions,string[]) (at /Users/bokken/build/output/unity/unity/Editor/Mono/BuildPipeline.bindings.cs:375)
UnityEditor.BuildPipeline:BuildPlayer (UnityEditor.BuildPlayerOptions) (at /Users/bokken/build/output/unity/unity/Editor/Mono/BuildPipeline.bindings.cs:339)
BuildPlayer:Build () (at Assets/Editor/BuildPlayer.cs:19)

[/Users/bokken/build/output/unity/unity/Editor/Mono/BuildPipeline.bindings.cs line 510]

Unloading 72 Unused Serialized files (Serialized files now loaded: 0)
Unloading 87 unused Assets / (23.3 MB). Loaded Objects now: 2657.
Memory consumption went from 150.6 MB to 127.4 MB.
Total: 18.952500 ms (FindLiveObjects: 1.947209 ms CreateObjectMapping: 0.043416 ms MarkObjects: 9.984167 ms  DeleteObjects: 6.977208 ms)

Build Finished, Result: Success.
Launching external process: /Applications/Unity/Hub/Editor/2022.3.23f1/Unity.app/Contents/il2cpp/build/deploy/Analytics
##utp:{"type":"PlayerBuildInfo","version":2,"phase":"Immediate","time":1786438633780,"processId":84701,"steps":[{"description":"Preprocess Player","duration":11},{"description":"Prepare For Build","duration":41},{"description":"ProducePlayerScriptAssemblies","duration":11498},{"description":"Verify Build setup","duration":16},{"description":"Prepare assets for target platform","duration":186},{"description":"Prepare splash screen","duration":22},{"description":"Building scenes","duration":1339},{"description":"Build scripts DLLs","duration":317},{"description":"Build GlobalGameManagers file","duration":92},{"description":"Writing asset files","duration":42416},{"description":"Building Resources/unity_builtin_extra","duration":3375},{"description":"Write data build dirty tracking information","duration":60},{"description":"Postprocess built player","duration":18046}],"duration":77419}
Unloading 0 Unused Serialized files (Serialized files now loaded: 0)
Loaded scene 'Temp/__Backupscenes/0.backup'
	Deserialize:            0.551 ms
	Integration:            223.999 ms
	Integration of assets:  0.001 ms
	Thread Wait Time:       0.005 ms
	Total Operation Time:   224.556 ms
Unloading 0 unused Assets / (0.9 KB). Loaded Objects now: 2647.
Memory consumption went from 120.4 MB to 120.4 MB.
Total: 2.887459 ms (FindLiveObjects: 0.091917 ms CreateObjectMapping: 0.026583 ms MarkObjects: 2.762333 ms  DeleteObjects: 0.006125 ms)

Build succeeded: 131555343 bytes
UnityEngine.StackTraceUtility:ExtractStackTrace () (at /Users/bokken/build/output/unity/unity/Runtime/Export/Scripting/StackTrace.cs:37)
UnityEngine.DebugLogHandler:LogFormat (UnityEngine.LogType,UnityEngine.Object,string,object[])
UnityEngine.Logger:Log (UnityEngine.LogType,object)
UnityEngine.Debug:Log (object)
BuildPlayer:Build () (at Assets/Editor/BuildPlayer.cs:24)

(Filename: Assets/Editor/BuildPlayer.cs Line: 24)

Thread 0x353edb000 may have been prematurely finalized
[Licensing::IpcConnector] License Notification channel disconnected successfully.
[Licensing::IpcConnector] License Client channel disconnected successfully.
Thread 0x16bd83000 may have been prematurely finalized
Cleanup mono
[40m[32minfo[39m[22m[49m: Microsoft.Hosting.Lifetime[0]
      Application is shutting down...
[40m[32minfo[39m[22m[49m: Unity.ILPP.Runner.PostProcessingAssemblyLoadContext[0]
      ALC ILPP context 2 is unloading
debugger-agent: Unable to listen on 48
[Performance] Application.InitializeProject                                                                                  :        1 samples, Peak.  6.40 s (1.0x), Avg.  6.40 s, Total. 6.403 s (7.4%)
[Performance] Application.PackageManager.StartServer                                                                         :        1 samples, Peak.  2.87 ms (1.0x), Avg.  2.87 ms, Total. 2.871 ms (0.0%)
[Performance] Application.AcquireProjectLock                                                                                 :        1 samples, Peak.  2.98 ms (1.0x), Avg.  2.98 ms, Total. 2.978 ms (0.0%)
[Performance] Application.InitializeEngineNoGraphics                                                                         :        1 samples, Peak.  30.9 ms (1.0x), Avg.  30.9 ms, Total. 30.88 ms (0.0%)
[Performance] Application.PackageManager.Initialize                                                                          :        1 samples, Peak.   460 ms (1.0x), Avg.   460 ms, Total. 460.2 ms (0.5%)
[Performance] Connecting to Package Manager                                                                                  :       47 samples, Peak.  74.6 us (35.0x), Avg.  2.13 us, Total. 100.1 us (0.0%)
[Performance] Application.EngineGraphics.Initialize                                                                          :        1 samples, Peak.  48.0 ms (1.0x), Avg.  48.0 ms, Total. 48.05 ms (0.1%)
[Performance] Application.GI.Initialize                                                                                      :        1 samples, Peak.   678 us (1.0x), Avg.   678 us, Total. 677.5 us (0.0%)
[Performance] Application.LoadAllDefaultResourcesFromEditor                                                                  :        1 samples, Peak.  1.07 ms (1.0x), Avg.  1.07 ms, Total. 1.072 ms (0.0%)
[Performance] Application.LoadMonoAssemblies                                                                                 :        1 samples, Peak.   389 ms (1.0x), Avg.   389 ms, Total. 388.6 ms (0.5%)
[Performance] RestoreManagedReferences                                                                                       :        2 samples, Peak.  31.9 ms (2.0x), Avg.  16.0 ms, Total. 31.94 ms (0.0%)
[Performance] InitializeOnLoad CloudBuild                                                                                    :        2 samples, Peak.  92.1 us (1.0x), Avg.  92.0 us, Total. 184.0 us (0.0%)
[Performance] InitializeOnLoad CacheServerWindow                                                                             :        2 samples, Peak.  12.4 us (1.4x), Avg.  8.98 us, Total. 17.96 us (0.0%)
[Performance] InitializeOnLoad NativeFormatImporterUtility                                                                   :        2 samples, Peak.  1.37 ms (1.1x), Avg.  1.22 ms, Total. 2.447 ms (0.0%)
[Performance] InitializeOnLoad AddComponentWindow                                                                            :        2 samples, Peak.  77.6 us (1.1x), Avg.  72.4 us, Total. 144.9 us (0.0%)
[Performance] InitializeOnLoad MenuItems                                                                                     :        2 samples, Peak.   389 us (1.0x), Avg.   379 us, Total. 757.8 us (0.0%)
[Performance] InitializeOnLoad ProjectSearch                                                                                 :        2 samples, Peak.   161 us (1.1x), Avg.   146 us, Total. 291.8 us (0.0%)
[Performance] InitializeOnLoad MixerEffectDefinitionReloader                                                                 :        2 samples, Peak.  1.63 ms (1.1x), Avg.  1.50 ms, Total. 2.990 ms (0.0%)
[Performance] InitializeOnLoad EditMode                                                                                      :        2 samples, Peak.   285 us (1.1x), Avg.   254 us, Total. 507.3 us (0.0%)
[Performance] InitializeOnLoad UnityConnect                                                                                  :        2 samples, Peak.  72.4 us (1.5x), Avg.  49.5 us, Total. 98.96 us (0.0%)
[Performance] InitializeOnLoad SettingsService                                                                               :        2 samples, Peak.  15.6 us (1.7x), Avg.  9.29 us, Total. 18.58 us (0.0%)
[Performance] InitializeOnLoad ManagedDebugger                                                                               :        2 samples, Peak.   502 us (1.2x), Avg.   416 us, Total. 831.6 us (0.0%)
[Performance] InitializeOnLoad DrivenRectTransformUndo                                                                       :        2 samples, Peak.   213 us (1.2x), Avg.   171 us, Total. 342.0 us (0.0%)
[Performance] InitializeOnLoad PrefabInstanceChangedListener                                                                 :        2 samples, Peak.  85.5 us (1.1x), Avg.  75.7 us, Total. 151.3 us (0.0%)
[Performance] InitializeOnLoad UISystemProfilerRenderService                                                                 :        2 samples, Peak.  6.21 us (1.3x), Avg.  4.69 us, Total. 9.374 us (0.0%)
[Performance] InitializeOnLoad SceneSearch                                                                                   :        2 samples, Peak.  43.7 us (1.4x), Avg.  31.2 us, Total. 62.37 us (0.0%)
[Performance] InitializeOnLoad PlayModeDownload                                                                              :        2 samples, Peak.  2.17 ms (1.9x), Avg.  1.16 ms, Total. 2.316 ms (0.0%)
[Performance] InitializeOnLoad ShortcutIntegration                                                                           :        2 samples, Peak.  41.1 us (1.0x), Avg.  39.2 us, Total. 78.50 us (0.0%)
[Performance] InitializeOnLoad SearchService                                                                                 :        2 samples, Peak.  94.2 us (1.2x), Avg.  78.9 us, Total. 157.9 us (0.0%)
[Performance] InitializeOnLoad ObjectSelectorSearch                                                                          :        2 samples, Peak.  29.7 us (1.3x), Avg.  23.6 us, Total. 47.25 us (0.0%)
[Performance] InitializeOnLoad ManagedDebuggerWindow                                                                         :        2 samples, Peak.   116 us (1.2x), Avg.  99.3 us, Total. 198.6 us (0.0%)
[Performance] InitializeOnLoad WindowLayout                                                                                  :        2 samples, Peak.  20.5 us (1.0x), Avg.  20.4 us, Total. 40.83 us (0.0%)
[Performance] InitializeOnLoad AssetStoreContext                                                                             :        2 samples, Peak.  14.6 ms (1.0x), Avg.  14.5 ms, Total. 29.00 ms (0.0%)
[Performance] InitializeOnLoad UxmlObjectEditorFactories                                                                     :        2 samples, Peak.   454 us (1.2x), Avg.   389 us, Total. 779.0 us (0.0%)
[Performance] InitializeOnLoad EditorMonitor                                                                                 :        2 samples, Peak.   401 us (1.3x), Avg.   299 us, Total. 597.5 us (0.0%)
[Performance] InitializeOnLoad RetainedMode                                                                                  :        2 samples, Peak.  1.55 ms (1.1x), Avg.  1.44 ms, Total. 2.877 ms (0.0%)
[Performance] InitializeOnLoad EditorShaderLoader                                                                            :        2 samples, Peak.   452 us (1.1x), Avg.   425 us, Total. 851.0 us (0.0%)
[Performance] InitializeOnLoad EditorDelegateRegistration                                                                    :        2 samples, Peak.   377 us (1.1x), Avg.   335 us, Total. 670.6 us (0.0%)
[Performance] InitializeOnLoad UXMLEditorFactories                                                                           :        2 samples, Peak.  39.7 ms (1.0x), Avg.  38.9 ms, Total. 77.90 ms (0.1%)
[Performance] InitializeOnLoad UIDocumentHierarchyWatcher                                                                    :        2 samples, Peak.   115 us (1.4x), Avg.  85.1 us, Total. 170.3 us (0.0%)
[Performance] InitializeOnLoad LiveReloadTrackerCreator                                                                      :        2 samples, Peak.   188 us (1.3x), Avg.   143 us, Total. 286.9 us (0.0%)
[Performance] InitializeOnLoad BuildService                                                                                  :        2 samples, Peak.  4.42 ms (1.1x), Avg.  4.15 ms, Total. 8.302 ms (0.0%)
[Performance] InitializeOnLoad AdsService                                                                                    :        2 samples, Peak.  3.22 ms (1.0x), Avg.  3.15 ms, Total. 6.292 ms (0.0%)
[Performance] InitializeOnLoad UDPService                                                                                    :        2 samples, Peak.  3.00 ms (1.0x), Avg.  2.92 ms, Total. 5.835 ms (0.0%)
[Performance] InitializeOnLoad EditorGameServicesAnalytics                                                                   :        2 samples, Peak.   909 us (1.2x), Avg.   752 us, Total. 1.504 ms (0.0%)
[Performance] InitializeOnLoad ServicesRepository                                                                            :        2 samples, Peak.   334 ns (1.0x), Avg.   333 ns, Total. 667.0 ns (0.0%)
[Performance] InitializeOnLoad CrashService                                                                                  :        2 samples, Peak.  3.38 ms (1.1x), Avg.  2.96 ms, Total. 5.918 ms (0.0%)
[Performance] InitializeOnLoad PurchasingService                                                                             :        2 samples, Peak.  6.40 ms (1.0x), Avg.  6.34 ms, Total. 12.68 ms (0.0%)
[Performance] InitializeOnLoad AnalyticsService                                                                              :        2 samples, Peak.  2.97 ms (1.1x), Avg.  2.68 ms, Total. 5.364 ms (0.0%)
[Performance] InitializeOnLoad CloudBuildPoller                                                                              :        2 samples, Peak.  89.0 us (1.2x), Avg.  74.8 us, Total. 149.5 us (0.0%)
[Performance] InitializeOnLoad SearchWindow                                                                                  :        2 samples, Peak.   106 us (1.2x), Avg.  86.8 us, Total. 173.6 us (0.0%)
[Performance] InitializeOnLoad CustomIndexers                                                                                :        2 samples, Peak.  13.0 ms (1.1x), Avg.  11.6 ms, Total. 23.23 ms (0.0%)
[Performance] InitializeOnLoad SearchMonitor                                                                                 :        2 samples, Peak.   691 us (1.2x), Avg.   571 us, Total. 1.142 ms (0.0%)
[Performance] InitializeOnLoad ParameterControllerEditor                                                                     :        2 samples, Peak.  19.2 us (1.3x), Avg.  14.9 us, Total. 29.71 us (0.0%)
[Performance] InitializeOnLoad LayerSettingsWindow                                                                           :        2 samples, Peak.  23.8 us (1.8x), Avg.  13.1 us, Total. 26.29 us (0.0%)
[Performance] InitializeOnLoad PackageManagerHookGUIDConverter.RegisterPackagesEventHandler                                  :        2 samples, Peak.   429 us (1.6x), Avg.   262 us, Total. 523.9 us (0.0%)
[Performance] InitializeOnLoad EditorDragAndDrop.RegisterEditorClient                                                        :        2 samples, Peak.   182 us (1.2x), Avg.   148 us, Total. 295.1 us (0.0%)
[Performance] InitializeOnLoad EditorEventCallbacks.InitializeFontAssetResourceChangeCallBacks                               :        2 samples, Peak.   786 us (1.1x), Avg.   737 us, Total. 1.474 ms (0.0%)
[Performance] InitializeOnLoad SceneTemplateService.Init                                                                     :        2 samples, Peak.   870 us (1.1x), Avg.   779 us, Total. 1.558 ms (0.0%)
[Performance] InitializeOnLoad DiagnosticSwitchesConsoleMessage.Init                                                         :        2 samples, Peak.  1.81 ms (1.5x), Avg.  1.17 ms, Total. 2.342 ms (0.0%)
[Performance] InitializeOnLoad SceneVisibilityManager.Initialize                                                             :        2 samples, Peak.  3.14 ms (1.7x), Avg.  1.85 ms, Total. 3.691 ms (0.0%)
[Performance] InitializeOnLoad PackageManagerWindow.EditorInitializedInSafeMode                                              :        2 samples, Peak.  16.4 ms (2.0x), Avg.  8.22 ms, Total. 16.44 ms (0.0%)
[Performance] InitializeOnLoad SceneViewMotion.RegisterShortcutContexts                                                      :        2 samples, Peak.   106 us (1.1x), Avg.  96.2 us, Total. 192.5 us (0.0%)
[Performance] InitializeOnLoad EditorWindow.Initialize                                                                       :        2 samples, Peak.   138 us (1.0x), Avg.   134 us, Total. 268.7 us (0.0%)
[Performance] InitializeOnLoad SysrootManager.Initialize                                                                     :        2 samples, Peak. 10.00 us (1.0x), Avg.  9.63 us, Total. 19.25 us (0.0%)
[Performance] InitializeOnLoad RectSelection.RegisterShortcutContext                                                         :        2 samples, Peak.   117 us (1.0x), Avg.   116 us, Total. 231.6 us (0.0%)
[Performance] InitializeOnLoad ScopedRegistryAddedPopup.SubscribeToRegistriesAdded                                           :        2 samples, Peak.  5.54 ms (2.0x), Avg.  2.80 ms, Total. 5.605 ms (0.0%)
[Performance] InitializeOnLoad MemoryProfilerCompilationGuard.InjectCompileGuard                                             :        2 samples, Peak.  94.8 us (1.3x), Avg.  74.2 us, Total. 148.3 us (0.0%)
[Performance] InitializeOnLoad AssetPostprocessingInternal.RefreshCustomDependencies                                         :        2 samples, Peak.  2.18 ms (1.1x), Avg.  2.03 ms, Total. 4.069 ms (0.0%)
[Performance] InitializeOnLoad ToolShortcutContext.Init                                                                      :        2 samples, Peak.   144 us (1.2x), Avg.   118 us, Total. 236.6 us (0.0%)
[Performance] AssemblyReloadEvents.afterAssemblyReload: UnityEditor.SceneTemplate.SceneTemplateService.AfterAssemblyReload   :        2 samples, Peak.  2.40 ms (1.9x), Avg.  1.28 ms, Total. 2.568 ms (0.0%)
[Performance] ProcessService.EditorAfterLoadAllAssemblies                                                                    :        2 samples, Peak.   219 us (1.2x), Avg.   176 us, Total. 352.1 us (0.0%)
[Performance] Application.ReadLicenseInfo                                                                                    :        1 samples, Peak.  13.6 ms (1.0x), Avg.  13.6 ms, Total. 13.59 ms (0.0%)
[Performance] Application.InitialRefresh                                                                                     :        1 samples, Peak.  4.75 s (1.0x), Avg.  4.75 s, Total. 4.747 s (5.5%)
[Performance] Compiling Scripts                                                                                              :        1 samples, Peak.  1.46 s (1.0x), Avg.  1.46 s, Total. 1.463 s (1.7%)
[Performance] AssemblyReloadEvents.beforeAssemblyReload: UnityEditor.SceneTemplate.SceneTemplateService.BeforeAssemblyReload :        1 samples, Peak.   384 us (1.0x), Avg.   384 us, Total. 384.2 us (0.0%)
[Performance] InitializeOnLoad BurstLoader                                                                                   :        1 samples, Peak.   665 ms (1.0x), Avg.   665 ms, Total. 664.6 ms (0.8%)
[Performance] InitializeOnLoad MLAgentsSettingsManager                                                                       :        1 samples, Peak.   679 us (1.0x), Avg.   679 us, Total. 679.2 us (0.0%)
[Performance] InitializeOnLoad PlasticPlugin                                                                                 :        1 samples, Peak.   161 ms (1.0x), Avg.   161 ms, Total. 160.9 ms (0.2%)
[Performance] InitializeOnLoad ToolbarBootstrap                                                                              :        1 samples, Peak.   960 ms (1.0x), Avg.   960 ms, Total. 960.1 ms (1.1%)
[Performance] Package.AsyncRequest                                                                                           :       10 samples, Peak.   573 us (9.8x), Avg.  58.4 us, Total. 584.5 us (0.0%)
[Performance] InitializeOnLoad PrefabLayoutRebuilder                                                                         :        1 samples, Peak.   161 us (1.0x), Avg.   161 us, Total. 160.8 us (0.0%)
[Performance] InitializeOnLoad BackgroundWatcher                                                                             :        1 samples, Peak.  88.0 us (1.0x), Avg.  88.0 us, Total. 87.96 us (0.0%)
[Performance] InitializeOnLoad UnityTestProtocolStarter                                                                      :        1 samples, Peak.   130 us (1.0x), Avg.   130 us, Total. 130.0 us (0.0%)
[Performance] InitializeOnLoad TestStarter                                                                                   :        1 samples, Peak.   385 us (1.0x), Avg.   385 us, Total. 384.7 us (0.0%)
[Performance] InitializeOnLoad RerunCallbackInitializer                                                                      :        1 samples, Peak.  2.46 ms (1.0x), Avg.  2.46 ms, Total. 2.458 ms (0.0%)
[Performance] InitializeOnLoad VisualStudioEditor                                                                            :        1 samples, Peak.   142 ms (1.0x), Avg.   142 ms, Total. 142.5 ms (0.2%)
[Performance] InitializeOnLoad TestRunnerApiListener                                                                         :        1 samples, Peak.   492 us (1.0x), Avg.   492 us, Total. 491.6 us (0.0%)
[Performance] InitializeOnLoad VisualStudioIntegration                                                                       :        1 samples, Peak.  1.56 ms (1.0x), Avg.  1.56 ms, Total. 1.560 ms (0.0%)
[Performance] InitializeOnLoad RiderScriptEditor                                                                             :        1 samples, Peak.  5.98 ms (1.0x), Avg.  5.98 ms, Total. 5.976 ms (0.0%)
[Performance] InitializeOnLoad CallbackInitializer                                                                           :        1 samples, Peak.   667 us (1.0x), Avg.   667 us, Total. 667.0 us (0.0%)
[Performance] InitializeOnLoad NavigationWindow                                                                              :        1 samples, Peak.   346 us (1.0x), Avg.   346 us, Total. 345.5 us (0.0%)
[Performance] InitializeOnLoad VSCodeScriptEditor                                                                            :        1 samples, Peak.  2.31 ms (1.0x), Avg.  2.31 ms, Total. 2.306 ms (0.0%)
[Performance] InitializeOnLoad SysrootPackage.IssueWarningIfLinuxIL2CPPNotPresent                                            :        1 samples, Peak.   136 us (1.0x), Avg.   136 us, Total. 136.4 us (0.0%)
[Performance] InitializeOnLoad TestJobDataHolder.ResumeRunningJobs                                                           :        1 samples, Peak.   563 us (1.0x), Avg.   563 us, Total. 563.0 us (0.0%)
[Performance] InitializeOnLoad AnalyticsReporter.RegisterCallbacks                                                           :        1 samples, Peak.   116 us (1.0x), Avg.   116 us, Total. 115.9 us (0.0%)
[Performance] InitializeOnLoad VisualStudioEditor.LegacyVisualStudioCodePackageDisabler                                      :        1 samples, Peak.  2.44 ms (1.0x), Avg.  2.44 ms, Total. 2.442 ms (0.0%)
[Performance] DidReloadScriptsTestRunnerWindow.CompilationCallback                                                           :        1 samples, Peak.   665 us (1.0x), Avg.   665 us, Total. 665.3 us (0.0%)
[Performance] DidReloadScriptsTestListCache.ScriptReloaded                                                                   :        1 samples, Peak.   797 us (1.0x), Avg.   797 us, Total. 797.4 us (0.0%)
[Performance] DidReloadScriptsAdvancedDropdownWindow.OnScriptReload                                                          :        1 samples, Peak.   154 us (1.0x), Avg.   154 us, Total. 153.7 us (0.0%)
[Performance] SyncVS.PostprocessSyncProject                                                                                  :        1 samples, Peak.  8.70 ms (1.0x), Avg.  8.70 ms, Total. 8.700 ms (0.0%)
[Performance] Application.ImportPackagesAndSetTemplateWhenCreatingProject                                                    :        1 samples, Peak.  19.5 ms (1.0x), Avg.  19.5 ms, Total. 19.48 ms (0.0%)
[Performance] Application.SyncCurrentColorSpace                                                                              :        1 samples, Peak.   118 ms (1.0x), Avg.   118 ms, Total. 117.9 ms (0.1%)
[Performance] Application.OnUsbDevicesChanged                                                                                :        1 samples, Peak.   112 us (1.0x), Avg.   112 us, Total. 112.3 us (0.0%)
[Performance] Application.AssetInstanceCacheUpdate                                                                           :        1 samples, Peak.   333 ns (1.0x), Avg.   333 ns, Total. 333.0 ns (0.0%)
[Performance] Application.UnityExtensions.Initialize                                                                         :        1 samples, Peak.  2.14 ms (1.0x), Avg.  2.14 ms, Total. 2.138 ms (0.0%)
[Performance] CodeEditorProjectSync.SyncEditorProject                                                                        :        1 samples, Peak.  66.8 ms (1.0x), Avg.  66.8 ms, Total. 66.80 ms (0.1%)
[Performance] Application.ExecuteStartups                                                                                    :        1 samples, Peak.  47.5 ms (1.0x), Avg.  47.5 ms, Total. 47.52 ms (0.1%)
[Performance] Menu.RegisterMenuInterface                                                                                     :       26 samples, Peak.  4.12 us (11.0x), Avg.   377 ns, Total. 9.792 us (0.0%)
[Performance] Gizmo.RebuildRenderers                                                                                         :        2 samples, Peak.  47.0 ms (1.9x), Avg.  24.4 ms, Total. 48.70 ms (0.1%)
[Performance] Gizmo.AddGizmoRenderers                                                                                        :      144 samples, Peak.  1.14 ms (64.0x), Avg.  17.9 us, Total. 2.571 ms (0.0%)
[Performance] Application.editorInitializingProject                                                                          :        1 samples, Peak.  21.7 ms (1.0x), Avg.  21.7 ms, Total. 21.66 ms (0.0%)
[Performance] Application.InitializeMenu                                                                                     :        1 samples, Peak.  44.8 ms (1.0x), Avg.  44.8 ms, Total. 44.76 ms (0.1%)
[Performance] Menu.RebuildAll                                                                                                :        1 samples, Peak.  44.8 ms (1.0x), Avg.  44.8 ms, Total. 44.76 ms (0.1%)
[Performance] Menu.BuildRegisteredMenuInterfaces                                                                             :        1 samples, Peak.  40.9 ms (1.0x), Avg.  40.9 ms, Total. 40.94 ms (0.0%)
[Performance] Menu.FilterMenuItem                                                                                            :      566 samples, Peak.  23.9 ms (555.2x), Avg.  43.1 us, Total. 24.39 ms (0.0%)
[Performance] UpdateAllMenus                                                                                                 :        1 samples, Peak.   418 us (1.0x), Avg.   418 us, Total. 418.1 us (0.0%)
[Performance] EditorSceneManager.sceneClosing: UnityEditor.SceneVisibilityManager.EditorSceneManagerOnSceneClosing           :        5 samples, Peak.   166 us (4.5x), Avg.  36.6 us, Total. 183.0 us (0.0%)
[Performance] GUIView.RepaintAll.PlayerLoopController                                                                        :        4 samples, Peak.  8.58 us (3.4x), Avg.  2.49 us, Total. 9.958 us (0.0%)
[Performance] EditorSceneManager.newSceneCreated: UnityEditor.SceneTemplate.SceneTemplateService.OnNewSceneCreated           :        3 samples, Peak.   267 us (2.9x), Avg.  91.2 us, Total. 273.5 us (0.0%)
[Performance] EditorSceneManager.newSceneCreated: UnityEditor.SceneVisibilityManager.EditorSceneManagerOnNewSceneCreated     :        3 samples, Peak.   202 us (2.7x), Avg.  76.0 us, Total. 228.0 us (0.0%)
[Performance] EditorSceneManager.newSceneCreated: UnityEditor.SceneManagement.StageNavigationManager.OnNewSceneCreated       :        3 samples, Peak.  50.0 us (2.8x), Avg.  17.8 us, Total. 53.25 us (0.0%)
[Performance] Application.InvokeFinishedLoadingProject                                                                       :        1 samples, Peak.  3.36 ms (1.0x), Avg.  3.36 ms, Total. 3.364 ms (0.0%)
[Performance] ProcessService.OnProjectLoaded                                                                                 :        1 samples, Peak.  44.9 us (1.0x), Avg.  44.9 us, Total. 44.87 us (0.0%)
[Performance] VersionControl.Task.Wait                                                                                       :        1 samples, Peak.  6.46 us (1.0x), Avg.  6.46 us, Total. 6.458 us (0.0%)
[Performance] Inspector.InitOrRebuild                                                                                        :        3 samples, Peak.   576 us (1.4x), Avg.   425 us, Total. 1.275 ms (0.0%)
[Performance] AssetModificationProcessor.OnWillSaveAssets                                                                    :        2 samples, Peak.   371 us (2.0x), Avg.   189 us, Total. 378.1 us (0.0%)
[Performance] BuilderAssetModificationProcessor.OnWillSaveAssets                                                             :        2 samples, Peak.   298 us (2.0x), Avg.   150 us, Total. 299.8 us (0.0%)
[Performance] TerrainModificationProcessor.OnWillSaveAssets                                                                  :        2 samples, Peak.   420 us (2.0x), Avg.   211 us, Total. 421.8 us (0.0%)
[Performance] AssetDatabase.ImportAssets                                                                                     :        4 samples, Peak.   458 ns (2.1x), Avg.   219 ns, Total. 876.0 ns (0.0%)
[Performance] Application.Message                                                                                            :      112 samples, Peak.  3.00 us (6.1x), Avg.   495 ns, Total. 55.46 us (0.0%)
[Performance] Application.Idle                                                                                               :      111 samples, Peak.  4.47 ms (1.3x), Avg.  3.32 ms, Total. 368.6 ms (0.4%)
[Performance] GenerateAssemblyTypeInfos                                                                                      :        2 samples, Peak.  10.1 ms (1.1x), Avg.  9.03 ms, Total. 18.07 ms (0.0%)
[Performance] AssetDatabase.Refresh                                                                                          :        1 samples, Peak.  57.3 ms (1.0x), Avg.  57.3 ms, Total. 57.27 ms (0.1%)
[Performance] EditorSceneManager.sceneOpened: UnityEditor.SceneTemplate.SceneTemplateService.OnSceneOpened                   :        1 samples, Peak.   169 us (1.0x), Avg.   169 us, Total. 169.4 us (0.0%)
[Performance] EditorSceneManager.sceneOpened: UnityEditor.SceneVisibilityManager.EditorSceneManagerOnSceneOpened             :        1 samples, Peak.   159 us (1.0x), Avg.   159 us, Total. 159.2 us (0.0%)
[Performance] EditorSceneManager.sceneOpened: UnityEditor.SceneManagement.StageNavigationManager.OnSceneOpened               :        1 samples, Peak.  36.1 us (1.0x), Avg.  36.1 us, Total. 36.08 us (0.0%)
[Performance] TimelineAnalyticsProcess.OnProcessScene                                                                        :        1 samples, Peak.  1.45 ms (1.0x), Avg.  1.45 ms, Total. 1.451 ms (0.0%)
[Performance] UnityBuildPostprocessor.OnProcessScene                                                                         :        1 samples, Peak.   553 us (1.0x), Avg.   553 us, Total. 552.9 us (0.0%)
[Performance] Application.Shutdown.SaveDefaultWindowPreferences                                                              :        1 samples, Peak.  72.0 us (1.0x), Avg.  72.0 us, Total. 71.96 us (0.0%)
[Performance] Application.Shutdown.SaveSceneManagerSetup                                                                     :        1 samples, Peak.   469 us (1.0x), Avg.   469 us, Total. 468.9 us (0.0%)
[Performance] Application.Shutdown.CleanupAllContainerWindows                                                                :        1 samples, Peak.   291 ns (1.0x), Avg.   291 ns, Total. 291.0 ns (0.0%)
[Performance] EditorApplication.quitting: Unity.Burst.Editor.BurstLoader.OnEditorApplicationQuitting                         :        1 samples, Peak.  26.4 us (1.0x), Avg.  26.4 us, Total. 26.42 us (0.0%)
[Performance] EditorApplication.quitting: callback in UnityEditor.TextCore.Text.EditorEventCallbacks                         :        1 samples, Peak.  19.0 ms (1.0x), Avg.  19.0 ms, Total. 19.04 ms (0.0%)
[Performance] Application.Shutdown.PauseProfilerSession                                                                      :        1 samples, Peak.  37.1 us (1.0x), Avg.  37.1 us, Total. 37.13 us (0.0%)
[Performance] Application.Shutdown.PauseAssetImportWorkers                                                                   :        1 samples, Peak.   192 us (1.0x), Avg.   192 us, Total. 192.0 us (0.0%)
[Performance] Application.Shutdown.SaveAssets                                                                                :        1 samples, Peak.  1.97 ms (1.0x), Avg.  1.97 ms, Total. 1.971 ms (0.0%)
[Performance] Application.Shutdown.CleanupRenderPipeline                                                                     :        1 samples, Peak.  3.33 us (1.0x), Avg.  3.33 us, Total. 3.334 us (0.0%)
[Performance] Application.Shutdown.StopPreloadManager                                                                        :        1 samples, Peak.  11.0 ms (1.0x), Avg.  11.0 ms, Total. 11.04 ms (0.0%)
[Performance] Application.Shutdown.DestroyWorld                                                                              :        1 samples, Peak.   217 us (1.0x), Avg.   217 us, Total. 216.5 us (0.0%)
[Performance] Application.Shutdown.CleanupAfterLoad                                                                          :        1 samples, Peak.   125 ms (1.0x), Avg.   125 ms, Total. 125.2 ms (0.1%)
[Performance] Application.Shutdown.Progress                                                                                  :        1 samples, Peak.   351 us (1.0x), Avg.   351 us, Total. 350.6 us (0.0%)
[Performance] Application.Shutdown.GICleanupManagers                                                                         :        1 samples, Peak.  3.39 ms (1.0x), Avg.  3.39 ms, Total. 3.386 ms (0.0%)
[Performance] Application.Shutdown.MenuCleanupClass                                                                          :        1 samples, Peak.   186 us (1.0x), Avg.   186 us, Total. 186.2 us (0.0%)
[Performance] Application.Shutdown.ADBSaveStateBeforeShutdown                                                                :        1 samples, Peak.  7.96 us (1.0x), Avg.  7.96 us, Total. 7.959 us (0.0%)
[Performance] Application.Shutdown.RemoteShutdown                                                                            :        1 samples, Peak.   709 ns (1.0x), Avg.   709 ns, Total. 709.0 ns (0.0%)
[Performance] Application.Shutdown.CleanupVCProvider                                                                         :        1 samples, Peak.   332 us (1.0x), Avg.   332 us, Total. 332.0 us (0.0%)
[Performance] Application.Shutdown.InputShutdown                                                                             :        1 samples, Peak.   390 us (1.0x), Avg.   390 us, Total. 389.9 us (0.0%)
[Performance] Application.Shutdown.GizmoManagerDestroy                                                                       :        1 samples, Peak.   484 us (1.0x), Avg.   484 us, Total. 483.8 us (0.0%)
[Performance] Application.Shutdown.ProfilerSession                                                                           :        1 samples, Peak.  1.03 ms (1.0x), Avg.  1.03 ms, Total. 1.034 ms (0.0%)
[Performance] Application.Shutdown.ReleaseGfxWindowOnAllGUIViews                                                             :        1 samples, Peak.  2.12 us (1.0x), Avg.  2.12 us, Total. 2.125 us (0.0%)
[Performance] Application.Shutdown.CleanupEngine                                                                             :        1 samples, Peak.   202 ms (1.0x), Avg.   202 ms, Total. 201.9 ms (0.2%)
[Performance] Application.Shutdown.CleanupAssetDatabase                                                                      :        1 samples, Peak.  3.83 ms (1.0x), Avg.  3.83 ms, Total. 3.831 ms (0.0%)
[Performance] Application.Shutdown.ScriptCompilationCleanUp                                                                  :        1 samples, Peak.  17.6 us (1.0x), Avg.  17.6 us, Total. 17.62 us (0.0%)
[Performance] Application.Shutdown.DestroyJobSystem                                                                          :        1 samples, Peak.   276 us (1.0x), Avg.   276 us, Total. 275.6 us (0.0%)
[Performance] Application.Shutdown.CleanupPersistentManager                                                                  :        1 samples, Peak.  1.11 ms (1.0x), Avg.  1.11 ms, Total. 1.113 ms (0.0%)
[Performance] Application.Shutdown.CleanupAsyncReadManager                                                                   :        1 samples, Peak.   225 us (1.0x), Avg.   225 us, Total. 224.8 us (0.0%)
[Performance] Application.Shutdown.CleanupMono                                                                               :        1 samples, Peak.   105 ms (1.0x), Avg.   105 ms, Total. 104.9 ms (0.1%)
[Performance] Application.Shutdown.CleanupStdConverters                                                                      :        1 samples, Peak.  8.50 us (1.0x), Avg.  8.50 us, Total. 8.500 us (0.0%)
[Performance] Application.Shutdown.UnloadAllPlatformSupportModuleNativeDlls                                                  :        1 samples, Peak.  3.71 us (1.0x), Avg.  3.71 us, Total. 3.709 us (0.0%)
[Performance] Application.Shutdown.UnloadAllPlatformSupportNativeLibraries                                                   :        1 samples, Peak.   166 ns (1.0x), Avg.   166 ns, Total. 166.0 ns (0.0%)
[Performance] Application.Shutdown.CleanupAutoDocumentation                                                                  :        1 samples, Peak.   497 us (1.0x), Avg.   497 us, Total. 496.8 us (0.0%)
[Performance] Application.Shutdown.ShaderNameManagerDestroy                                                                  :        1 samples, Peak.  36.0 us (1.0x), Avg.  36.0 us, Total. 35.96 us (0.0%)
[Performance] Application.Shutdown.CleanupCacheServer                                                                        :        1 samples, Peak.   167 ns (1.0x), Avg.   167 ns, Total. 167.0 ns (0.0%)
[Performance] Application.Shutdown.Virtualization_Shutdown                                                                   :        1 samples, Peak.  1.50 us (1.0x), Avg.  1.50 us, Total. 1.500 us (0.0%)
[Performance] Application.Shutdown.DevConnections                                                                            :        1 samples, Peak.   313 us (1.0x), Avg.   313 us, Total. 312.6 us (0.0%)
Thread: ID 8423087488, CleanupSafetyData: safetyData 3000c4ad0
Thread: ID 8423087488, CleanupSafetyData: safetyData 3000c4140
Thread: ID 8423087488, CleanupSafetyData: safetyData 300aea450
[Package Manager] Server::Kill -- Server was shutdown
Checking for leaked weakptr:
  Found no leaked weakptrs.
Memory Statistics:
[ALLOC_TEMP_TLS] TLS Allocator
  StackAllocators : 
    [ALLOC_TEMP_CurlRequest]
      Initial Block Size 64.0 KB
      Current Block Size 64.0 KB
      Peak Allocated Bytes 0 B
      Overflow Count 0
    [ALLOC_TEMP_MAIN]
      Initial Block Size 16.0 MB
      Current Block Size 16.0 MB
      Peak Allocated Bytes 11.6 MB
      Overflow Count 0
    [ALLOC_TEMP_Background Job.worker 6]
      Initial Block Size 32.0 KB
      Current Block Size 32.0 KB
      Peak Allocated Bytes 0 B
      Overflow Count 0
    [ALLOC_TEMP_Background Job.worker 15]
      Initial Block Size 32.0 KB
      Current Block Size 32.0 KB
      Peak Allocated Bytes 0 B
      Overflow Count 0
    [ALLOC_TEMP_BakingJobs.worker 0]
      Initial Block Size 256.0 KB
      Current Block Size 256.0 KB
      Peak Allocated Bytes 0 B
      Overflow Count 0
    [ALLOC_TEMP_AssetDatabase.FileHasherReader] x 4
      Initial Block Size 64.0 KB
      Current Block Size 64.0 KB
      Peak Allocated Bytes 31 B
      Overflow Count 0
    [ALLOC_TEMP_BakingJobs.worker 1]
      Initial Block Size 256.0 KB
      Current Block Size 1.0 MB
      Peak Allocated Bytes 1.0 MB
      Overflow Count 1
    [ALLOC_TEMP_BatchDeleteObjects]
      Initial Block Size 64.0 KB
      Current Block Size 64.0 KB
      Peak Allocated Bytes 0 B
      Overflow Count 0
    [ALLOC_TEMP_CoreBusinessMetricsCache]
      Initial Block Size 64.0 KB
      Current Block Size 64.0 KB
      Peak Allocated Bytes 7.9 KB
      Overflow Count 0
    [ALLOC_TEMP_REST Message Handler]
      Initial Block Size 64.0 KB
      Current Block Size 64.0 KB
      Peak Allocated Bytes 0 B
      Overflow Count 0
    [ALLOC_TEMP_Job.worker 4]
      Initial Block Size 256.0 KB
      Current Block Size 0.8 MB
      Peak Allocated Bytes 0.8 MB
      Overflow Count 0
    [ALLOC_TEMP_Background Job.worker 1]
      Initial Block Size 32.0 KB
      Current Block Size 80.0 KB
      Peak Allocated Bytes 33.5 KB
      Overflow Count 0
    [ALLOC_TEMP_AssetDatabase.IOService]
      Initial Block Size 64.0 KB
      Current Block Size 64.0 KB
      Peak Allocated Bytes 0 B
      Overflow Count 0
    [ALLOC_TEMP_Job.worker 7]
      Initial Block Size 256.0 KB
      Current Block Size 256.0 KB
      Peak Allocated Bytes 96.5 KB
      Overflow Count 1
    [ALLOC_TEMP_Loading.PreloadManager]
      Initial Block Size 32.0 MB
      Current Block Size 32.0 MB
      Peak Allocated Bytes 2.1 MB
      Overflow Count 0
    [ALLOC_TEMP_Background Job.worker 4]
      Initial Block Size 32.0 KB
      Current Block Size 32.0 KB
      Peak Allocated Bytes 0 B
      Overflow Count 0
    [ALLOC_TEMP_Background Job.worker 7]
      Initial Block Size 32.0 KB
      Current Block Size 32.0 KB
      Peak Allocated Bytes 0 B
      Overflow Count 0
    [ALLOC_TEMP_CloudJob.worker 0]
      Initial Block Size 32.0 KB
      Current Block Size 64.0 KB
      Peak Allocated Bytes 37.9 KB
      Overflow Count 0
    [ALLOC_TEMP_Background Job.worker 10]
      Initial Block Size 32.0 KB
      Current Block Size 32.0 KB
      Peak Allocated Bytes 0 B
      Overflow Count 0
    [ALLOC_TEMP_Background Job.worker 12]
      Initial Block Size 32.0 KB
      Current Block Size 32.0 KB
      Peak Allocated Bytes 0 B
      Overflow Count 0
    [ALLOC_TEMP_Background Job.worker 13]
      Initial Block Size 32.0 KB
      Current Block Size 32.0 KB
      Peak Allocated Bytes 0 B
      Overflow Count 0
    [ALLOC_TEMP_Profiler.Dispatcher]
      Initial Block Size 64.0 KB
      Current Block Size 64.0 KB
      Peak Allocated Bytes 0 B
      Overflow Count 0
    [ALLOC_TEMP_BakingJobs.worker 4]
      Initial Block Size 256.0 KB
      Current Block Size 256.0 KB
      Peak Allocated Bytes 0 B
      Overflow Count 0
    [ALLOC_TEMP_Background Job.worker 14]
      Initial Block Size 32.0 KB
      Current Block Size 32.0 KB
      Peak Allocated Bytes 0 B
      Overflow Count 0
    [ALLOC_TEMP_Background Job.worker 9]
      Initial Block Size 32.0 KB
      Current Block Size 32.0 KB
      Peak Allocated Bytes 0 B
      Overflow Count 0
    [ALLOC_TEMP_EnlightenWorker] x 5
      Initial Block Size 64.0 KB
      Current Block Size 64.0 KB
      Peak Allocated Bytes 0 B
      Overflow Count 0
    [ALLOC_TEMP_Job.worker 3]
      Initial Block Size 256.0 KB
      Current Block Size 0.8 MB
      Peak Allocated Bytes 0.8 MB
      Overflow Count 0
    [ALLOC_TEMP_Job.worker 2]
      Initial Block Size 256.0 KB
      Current Block Size 256.0 KB
      Peak Allocated Bytes 84.5 KB
      Overflow Count 1
    [ALLOC_TEMP_BakingJobs.worker 8]
      Initial Block Size 256.0 KB
      Current Block Size 256.0 KB
      Peak Allocated Bytes 0 B
      Overflow Count 0
    [ALLOC_TEMP_Loading.AsyncRead]
      Initial Block Size 64.0 KB
      Current Block Size 64.0 KB
      Peak Allocated Bytes 128 B
      Overflow Count 0
    [ALLOC_TEMP_Background Job.worker 3]
      Initial Block Size 32.0 KB
      Current Block Size 32.0 KB
      Peak Allocated Bytes 0 B
      Overflow Count 0
    [ALLOC_TEMP_Background Job.worker 2]
      Initial Block Size 32.0 KB
      Current Block Size 32.0 KB
      Peak Allocated Bytes 105 B
      Overflow Count 0
    [ALLOC_TEMP_Background Job.worker 8]
      Initial Block Size 32.0 KB
      Current Block Size 32.0 KB
      Peak Allocated Bytes 0 B
      Overflow Count 0
    [ALLOC_TEMP_OSX HID Input]
      Initial Block Size 64.0 KB
      Current Block Size 64.0 KB
      Peak Allocated Bytes 0 B
      Overflow Count 0
    [ALLOC_TEMP_BakingJobs.worker 6]
      Initial Block Size 256.0 KB
      Current Block Size 256.0 KB
      Peak Allocated Bytes 0 B
      Overflow Count 0
    [ALLOC_TEMP_BakingJobs.worker 7]
      Initial Block Size 256.0 KB
      Current Block Size 256.0 KB
      Peak Allocated Bytes 0 B
      Overflow Count 0
    [ALLOC_TEMP_Job.worker 6]
      Initial Block Size 256.0 KB
      Current Block Size 256.0 KB
      Peak Allocated Bytes 88.5 KB
      Overflow Count 1
    [ALLOC_TEMP_Background Job.worker 0]
      Initial Block Size 32.0 KB
      Current Block Size 32.0 KB
      Peak Allocated Bytes 0 B
      Overflow Count 0
    [ALLOC_TEMP_AUDIO_FMOD stream thread] x 2
      Initial Block Size 64.0 KB
      Current Block Size 64.0 KB
      Peak Allocated Bytes 0 B
      Overflow Count 0
    [ALLOC_TEMP_AssetDatabase.FileHasherHasher] x 4
      Initial Block Size 64.0 KB
      Current Block Size 64.0 KB
      Peak Allocated Bytes 31 B
      Overflow Count 0
    [ALLOC_TEMP_BakingJobs.worker 3]
      Initial Block Size 256.0 KB
      Current Block Size 256.0 KB
      Peak Allocated Bytes 0 B
      Overflow Count 0
    [ALLOC_TEMP_Job.worker 1]
      Initial Block Size 256.0 KB
      Current Block Size 0.8 MB
      Peak Allocated Bytes 0.8 MB
      Overflow Count 0
    [ALLOC_TEMP_Background Job.worker 5]
      Initial Block Size 32.0 KB
      Current Block Size 32.0 KB
      Peak Allocated Bytes 0 B
      Overflow Count 0
    [ALLOC_TEMP_BakingJobs.worker 2]
      Initial Block Size 256.0 KB
      Current Block Size 256.0 KB
      Peak Allocated Bytes 0 B
      Overflow Count 0
    [ALLOC_TEMP_Background Job.worker 11]
      Initial Block Size 32.0 KB
      Current Block Size 32.0 KB
      Peak Allocated Bytes 0 B
      Overflow Count 0
    [ALLOC_TEMP_EditorTaskManager]
      Initial Block Size 64.0 KB
      Current Block Size 80.0 KB
      Peak Allocated Bytes 64.0 KB
      Overflow Count 0
    [ALLOC_TEMP_Job.worker 5]
      Initial Block Size 256.0 KB
      Current Block Size 0.8 MB
      Peak Allocated Bytes 0.8 MB
      Overflow Count 0
    [ALLOC_TEMP_HTTP REST Server]
      Initial Block Size 64.0 KB
      Current Block Size 64.0 KB
      Peak Allocated Bytes 75 B
      Overflow Count 0
    [ALLOC_TEMP_AssetGarbageCollectorHelper] x 9
      Initial Block Size 64.0 KB
      Current Block Size 64.0 KB
      Peak Allocated Bytes 0 B
      Overflow Count 0
    [ALLOC_TEMP_BakingJobs.worker 9]
      Initial Block Size 256.0 KB
      Current Block Size 256.0 KB
      Peak Allocated Bytes 0 B
      Overflow Count 0
    [ALLOC_TEMP_Job.worker 8]
      Initial Block Size 256.0 KB
      Current Block Size 256.0 KB
      Peak Allocated Bytes 56.5 KB
      Overflow Count 1
    [ALLOC_TEMP_AUDIO_Audio Mixer Thread] x 5
      Initial Block Size 64.0 KB
      Current Block Size 64.0 KB
      Peak Allocated Bytes 0 B
      Overflow Count 0
    [ALLOC_TEMP_BakingJobs.worker 5]
      Initial Block Size 256.0 KB
      Current Block Size 256.0 KB
      Peak Allocated Bytes 0 B
      Overflow Count 0
    [ALLOC_TEMP_Job.worker 0]
      Initial Block Size 256.0 KB
      Current Block Size 256.0 KB
      Peak Allocated Bytes 72.5 KB
      Overflow Count 0
[ALLOC_MEMORYPROFILER]
  Requested Block Size 1.0 MB
  Peak Block count 1
  Peak Allocated memory 364.0 KB
  Peak Large allocation bytes 0 B
[ALLOC_DEFAULT] Dual Thread Allocator
  Peak main deferred allocation count 1474
    [ALLOC_BUCKET]
      Large Block size 32.0 MB
      Used Block count 1
      Peak Allocated bytes 7.4 MB
    [ALLOC_DEFAULT_MAIN]
      Requested Block Size 16.0 MB
      Peak Block count 8
      Peak Allocated memory 185.6 MB
      Peak Large allocation bytes 72.2 MB
    [ALLOC_DEFAULT_THREAD]
      Requested Block Size 16.0 MB
      Peak Block count 1
      Peak Allocated memory 5.2 MB
      Peak Large allocation bytes 0 B
[ALLOC_TEMP_JOB_1_FRAME]
  Initial Block Size 2.0 MB
  Used Block Count 0
  Overflow Count (too large) 0
  Overflow Count (full) 0
[ALLOC_TEMP_JOB_2_FRAMES]
  Initial Block Size 2.0 MB
  Used Block Count 0
  Overflow Count (too large) 0
  Overflow Count (full) 0
[ALLOC_TEMP_JOB_4_FRAMES (JobTemp)]
  Initial Block Size 2.0 MB
  Used Block Count 1
  Overflow Count (too large) 0
  Overflow Count (full) 0
[ALLOC_TEMP_JOB_ASYNC (Background)]
  Initial Block Size 1.0 MB
  Used Block Count 1
  Overflow Count (too large) 0
  Overflow Count (full) 0
[ALLOC_GFX] Dual Thread Allocator
  Peak main deferred allocation count 12
    [ALLOC_BUCKET]
      Large Block size 32.0 MB
      Used Block count 1
      Peak Allocated bytes 7.4 MB
    [ALLOC_GFX_MAIN]
      Requested Block Size 16.0 MB
      Peak Block count 2
      Peak Allocated memory 30.0 MB
      Peak Large allocation bytes 21.3 MB
    [ALLOC_GFX_THREAD]
      Requested Block Size 16.0 MB
      Peak Block count 1
      Peak Allocated memory 133.5 KB
      Peak Large allocation bytes 0 B
[ALLOC_CACHEOBJECTS] Dual Thread Allocator
  Peak main deferred allocation count 683
    [ALLOC_BUCKET]
      Large Block size 32.0 MB
      Used Block count 1
      Peak Allocated bytes 7.4 MB
    [ALLOC_CACHEOBJECTS_MAIN]
      Requested Block Size 4.0 MB
      Peak Block count 8
      Peak Allocated memory 37.6 MB
      Peak Large allocation bytes 30.3 MB
    [ALLOC_CACHEOBJECTS_THREAD]
      Requested Block Size 4.0 MB
      Peak Block count 1
      Peak Allocated memory 1.7 MB
      Peak Large allocation bytes 0 B
[ALLOC_TYPETREE] Dual Thread Allocator
  Peak main deferred allocation count 704
    [ALLOC_BUCKET]
      Large Block size 32.0 MB
      Used Block count 1
      Peak Allocated bytes 7.4 MB
    [ALLOC_TYPETREE_MAIN]
      Requested Block Size 2.0 MB
      Peak Block count 6
      Peak Allocated memory 9.8 MB
      Peak Large allocation bytes 0 B
    [ALLOC_TYPETREE_THREAD]
      Requested Block Size 2.0 MB
      Peak Block count 1
      Peak Allocated memory 41.4 KB
      Peak Large allocation bytes 0 B
[ALLOC_PROFILER]
  Requested Block Size 16.0 MB
  Peak Block count 1
  Peak Allocated memory 0.5 MB
  Peak Large allocation bytes 0 B
    [ALLOC_PROFILER_BUCKET]
      Large Block size 32.0 MB
      Used Block count 1
      Peak Allocated bytes 4.1 KB
[ALLOC_PROFILER_EDITOR]
  Requested Block Size 1.0 MB
  Peak Block count 0
  Peak Allocated memory 0 B
  Peak Large allocation bytes 0 B
    [ALLOC_PROFILER_BUCKET]
      Large Block size 32.0 MB
      Used Block count 1
      Peak Allocated bytes 4.1 KB
##utp:{"type":"MemoryLeaks","version":2,"phase":"Immediate","time":1786438634716,"processId":84701,"allocatedMemory":11675135,"memoryLabels":[{"Default":19895},{"Permanent":15536},{"Thread":1083692},{"Manager":31243},{"VertexData":12},{"Geometry":280},{"Texture":176},{"Shader":72506},{"Material":24},{"GfxDevice":38144},{"Animation":312},{"Audio":3904},{"FontEngine":288},{"Physics":513},{"Serialization":676},{"Input":9024},{"JobScheduler":33008},{"Mono":40},{"ScriptingNativeRuntime":192016},{"BaseObject":1627212},{"Resource":952},{"Renderer":2312},{"Transform":24},{"File":3653},{"WebCam":40},{"Culling":40},{"Terrain":1025},{"Wind":24},{"String":21260},{"DynamicArray":70729},{"HashMap":106806},{"Utility":2660350},{"Curl":1056},{"PoolAlloc":1496},{"AI":72},{"TypeTree":4549},{"ScriptManager":640},{"RuntimeInitializeOnLoadManager":80},{"SpriteAtlas":128},{"GI":3736},{"Director":7880},{"CloudService":2192},{"WebRequest":816},{"VR":45697},{"SceneManager":576},{"Video":1096},{"LazyScriptCache":40},{"NativeArray":12},{"Camera":25},{"Secure":9657},{"SerializationCache":1576},{"APIUpdating":11856},{"Subsystems":392},{"VirtualTexturing":57512},{"StaticSafetyDebugInfo":327680},{"Baselib":16},{"EditorGui":80},{"EditorUtility":10371},{"VersionControl":4},{"Undo":720},{"AssetDatabase":5139097},{"RestService":1310},{"EditorGi":376},{"ProgressiveLightmapper":2728},{"License":3624},{"UnityConnect":25496},{"Collab":825},{"Upm":1640},{"DrivenProperties":96},{"LocalIPC":232},{"ProfilerEditor":10975},{"CoreBusinessMetrics":2985},{"AssetReference":40},{"IPCStream":40}]}
