{"cameraMode":{"drawMode":0,"name":"Shaded","section":"Shading Mode"},"sceneLighting":false,"audioPlay":false,"sceneViewState":{"m_AlwaysRefresh":false,"showFog":true,"showSkybox":true,"showFlares":true,"showImageEffects":true,"showParticleSystems":true,"showVisualEffectGraphs":true,"m_FxEnabled":true},"in2DMode":false,"pivot":{"x":-0.45260369777679446,"y":0.09005460888147354,"z":-0.4064186215400696},"rotation":{"x":0.22950533032417298,"y":0.5025941729545593,"z":-0.14039553701877595,"w":0.8215942978858948},"size":1.12801992893219,"orthographic":false}